expense_id,rep_id,expense_date,category,amount_inr,reimbursed,policy_compliant,notes
EXP-20240622-001,REP-014,2024-06-22,Travel,1401,true,true,Bus fare
EXP-20240630-001,REP-014,2024-06-30,Food,132,true,true,Team lunch with HCP
EXP-20240704-001,REP-014,2024-07-04,Food,402,true,false,Team lunch with HCP
EXP-20240715-001,REP-014,2024-07-15,Food,259,true,true,Working lunch
EXP-20240715-002,REP-014,2024-07-15,Lodging,1948,true,true,Lodging — outstation visit
EXP-20240718-001,REP-014,2024-07-18,Travel,926,true,true,Train ticket
EXP-20240723-001,REP-014,2024-07-23,Food,493,true,true,Coffee meeting
EXP-20240728-001,REP-014,2024-07-28,Travel,1449,true,true,Fuel reimbursement
EXP-20240806-001,REP-014,2024-08-06,Travel,437,true,true,Bus fare
EXP-20240812-001,REP-014,2024-08-12,Food,167,true,true,Dinner with HCP
EXP-20240818-001,REP-014,2024-08-18,Travel,1666,true,true,Train ticket
EXP-20240825-001,REP-014,2024-08-25,Food,135,true,true,Team lunch with HCP
EXP-20240831-001,REP-014,2024-08-31,Food,282,true,true,Dinner with HCP
EXP-20240907-001,REP-014,2024-09-07,Lodging,2110,true,true,Lodging — outstation visit
EXP-20240905-001,REP-014,2024-09-05,Travel,423,true,false,Train ticket
EXP-20240913-001,REP-014,2024-09-13,Lodging,3591,false,true,Hotel stay — field trip
EXP-20240913-002,REP-014,2024-09-13,Travel,827,true,true,Cab to hospital
EXP-20240924-001,REP-014,2024-09-24,Lodging,2615,true,true,Guest house — 2 nights
EXP-20240922-001,REP-014,2024-09-22,Food,162,true,true,Working lunch
EXP-20241001-001,REP-014,2024-10-01,Samples,346,true,true,Demo kit refill
EXP-20241002-001,REP-014,2024-10-02,Travel,805,true,true,Bus fare
EXP-20241009-001,REP-014,2024-10-09,Food,658,true,true,Team lunch with HCP
EXP-20241012-001,REP-014,2024-10-12,Lodging,2376,true,true,Guest house — 2 nights
EXP-20241018-001,REP-014,2024-10-18,Travel,521,true,true,Fuel reimbursement
EXP-20241017-001,REP-014,2024-10-17,Travel,804,true,true,Bus fare
EXP-20241026-001,REP-014,2024-10-26,Food,659,true,true,Working lunch
EXP-20241105-001,REP-014,2024-11-05,Lodging,3671,true,true,Guest house — 2 nights
EXP-20241105-002,REP-014,2024-11-05,Travel,684,true,true,Cab to hospital
EXP-20241106-001,REP-014,2024-11-06,Travel,1426,true,true,Bus fare
EXP-20241108-001,REP-014,2024-11-08,Travel,1261,true,true,Auto to clinic
EXP-20241115-001,REP-014,2024-11-15,Food,736,true,false,Coffee meeting
EXP-20241114-001,REP-014,2024-11-14,Travel,1057,true,true,Auto to clinic
EXP-20241125-001,REP-014,2024-11-25,Travel,703,true,false,Train ticket
EXP-20241125-002,REP-014,2024-11-25,Travel,888,false,true,Fuel reimbursement
EXP-20241201-001,REP-014,2024-12-01,Food,122,true,true,Coffee meeting
EXP-20241205-001,REP-014,2024-12-05,Samples,793,true,true,Product samples drop
EXP-20241212-001,REP-014,2024-12-12,Lodging,3883,true,true,Lodging — outstation visit
EXP-20241215-001,REP-014,2024-12-15,Mobile,432,true,true,Internet recharge
EXP-20241218-001,REP-014,2024-12-18,Travel,1063,true,true,Auto to clinic
EXP-20241219-001,REP-014,2024-12-19,Travel,1974,true,true,Train ticket
EXP-20241230-001,REP-014,2024-12-30,Lodging,2664,true,true,Lodging — outstation visit
EXP-20241227-001,REP-014,2024-12-27,Travel,275,true,true,Bus fare
EXP-20250103-001,REP-014,2025-01-03,Food,500,true,true,Snacks for meeting
EXP-20250110-001,REP-014,2025-01-10,Food,392,true,true,Dinner with HCP
EXP-20250108-001,REP-014,2025-01-08,Travel,506,true,false,Cab to hospital
EXP-20250117-001,REP-014,2025-01-17,Travel,1434,true,true,Bus fare
EXP-20250124-001,REP-014,2025-01-24,Lodging,2987,true,true,Guest house — 2 nights
EXP-20250203-001,REP-014,2025-02-03,Travel,560,true,true,Bus fare
EXP-20250202-001,REP-014,2025-02-02,Mobile,268,true,true,Roaming charges
EXP-20250207-001,REP-014,2025-02-07,Lodging,3639,true,true,Guest house — 2 nights
EXP-20250217-001,REP-014,2025-02-17,Food,279,true,false,Dinner with HCP
EXP-20250214-001,REP-014,2025-02-14,Lodging,3759,true,true,Guest house — 2 nights
EXP-20250220-001,REP-014,2025-02-20,Food,244,true,true,Working lunch
EXP-20250222-001,REP-014,2025-02-22,Food,468,false,true,Dinner with HCP
EXP-20250304-001,REP-014,2025-03-04,Travel,1178,true,true,Bus fare
EXP-20250305-001,REP-014,2025-03-05,Food,585,false,true,Coffee meeting
EXP-20250306-001,REP-014,2025-03-06,Mobile,540,true,true,Mobile bill
EXP-20250317-001,REP-014,2025-03-17,Food,279,true,true,Snacks for meeting
EXP-20250320-001,REP-014,2025-03-20,Samples,863,false,true,Sample packs for HCP
EXP-20250322-001,REP-014,2025-03-22,Mobile,673,false,true,Internet recharge
EXP-20250331-001,REP-014,2025-03-31,Travel,1082,true,false,Fuel reimbursement
EXP-20250328-001,REP-014,2025-03-28,Other,1511,true,true,Misc expense
EXP-20250408-001,REP-014,2025-04-08,Travel,1939,true,false,Train ticket
EXP-20250410-001,REP-014,2025-04-10,Lodging,1609,true,true,Guest house — 2 nights
EXP-20250412-001,REP-014,2025-04-12,Travel,896,true,true,Auto to clinic
EXP-20250422-001,REP-014,2025-04-22,Food,702,true,true,Working lunch
EXP-20250425-001,REP-014,2025-04-25,Travel,816,true,true,Cab to hospital
EXP-20250429-001,REP-014,2025-04-29,Travel,1090,false,true,Fuel reimbursement
EXP-20250506-001,REP-014,2025-05-06,Samples,1114,true,true,Demo kit refill
EXP-20250509-001,REP-014,2025-05-09,Lodging,3719,true,true,Hotel stay — field trip
EXP-20250510-001,REP-014,2025-05-10,Food,331,true,true,Coffee meeting
EXP-20250519-001,REP-014,2025-05-19,Mobile,638,true,true,Roaming charges
EXP-20250520-001,REP-014,2025-05-20,Conference,1442,false,true,Conference registration
EXP-20250521-001,REP-014,2025-05-21,Travel,1404,true,true,Cab to hospital
EXP-20250526-001,REP-014,2025-05-26,Food,208,false,true,Snacks for meeting
EXP-20250601-001,REP-014,2025-06-01,Food,185,false,false,Coffee meeting
EXP-20250531-001,REP-014,2025-05-31,Samples,514,true,true,Sample packs for HCP
EXP-20250610-001,REP-014,2025-06-10,Travel,341,true,true,Bus fare
EXP-20250612-001,REP-014,2025-06-12,Travel,312,true,true,Auto to clinic
EXP-20250611-001,REP-014,2025-06-11,Mobile,542,true,true,Mobile bill
EXP-20250623-001,REP-014,2025-06-23,Travel,518,true,true,Train ticket
EXP-20250622-001,REP-014,2025-06-22,Travel,876,true,true,Auto to clinic
EXP-20250630-001,REP-014,2025-06-30,Travel,980,true,true,Auto to clinic
EXP-20250628-001,REP-014,2025-06-28,Conference,2565,false,true,Conference registration
EXP-20250708-001,REP-014,2025-07-08,Travel,1959,true,true,Auto to clinic
EXP-20250708-002,REP-014,2025-07-08,Food,387,true,true,Snacks for meeting
EXP-20250709-001,REP-014,2025-07-09,Samples,1381,true,true,Product samples drop
EXP-20250721-001,REP-014,2025-07-21,Travel,1902,false,true,Fuel reimbursement
EXP-20250716-001,REP-014,2025-07-16,Food,455,true,true,Snacks for meeting
EXP-20250725-001,REP-014,2025-07-25,Lodging,3812,true,true,Hotel stay — field trip
EXP-20250729-001,REP-014,2025-07-29,Travel,859,false,true,Fuel reimbursement
EXP-20250803-001,REP-014,2025-08-03,Lodging,3074,true,true,Lodging — outstation visit
EXP-20250807-001,REP-014,2025-08-07,Travel,706,true,true,Auto to clinic
EXP-20250811-001,REP-014,2025-08-11,Food,303,true,true,Team lunch with HCP
EXP-20250818-001,REP-014,2025-08-18,Travel,316,true,true,Cab to hospital
EXP-20250817-001,REP-014,2025-08-17,Travel,1235,true,true,Auto to clinic
EXP-20250821-001,REP-014,2025-08-21,Samples,571,true,true,Sample packs for HCP
EXP-20250825-001,REP-014,2025-08-25,Travel,1332,true,true,Auto to clinic
EXP-20250829-001,REP-014,2025-08-29,Travel,1314,true,true,Cab to hospital
EXP-20250904-001,REP-014,2025-09-04,Food,355,true,true,Dinner with HCP
EXP-20250912-001,REP-014,2025-09-12,Food,340,true,false,Team lunch with HCP
EXP-20250919-001,REP-014,2025-09-19,Lodging,1906,true,true,Lodging — outstation visit
EXP-20250929-001,REP-014,2025-09-29,Lodging,3460,true,true,Hotel stay — field trip
EXP-20251002-001,REP-014,2025-10-02,Travel,1360,true,true,Cab to hospital
EXP-20251003-001,REP-014,2025-10-03,Travel,1100,true,true,Auto to clinic
EXP-20251011-001,REP-014,2025-10-11,Food,394,true,true,Working lunch
EXP-20251016-001,REP-014,2025-10-16,Samples,820,true,true,Product samples drop
EXP-20251028-001,REP-014,2025-10-28,Samples,1495,true,true,Demo kit refill
EXP-20251027-001,REP-014,2025-10-27,Lodging,3049,true,true,Hotel stay — field trip
EXP-20251031-001,REP-014,2025-10-31,Lodging,3939,true,true,Hotel stay — field trip
EXP-20251106-001,REP-014,2025-11-06,Travel,603,true,true,Fuel reimbursement
EXP-20251115-001,REP-014,2025-11-15,Travel,1964,true,true,Cab to hospital
EXP-20251123-001,REP-014,2025-11-23,Travel,1557,true,true,Bus fare
EXP-20251125-001,REP-014,2025-11-25,Food,583,true,true,Working lunch
EXP-20251128-001,REP-014,2025-11-28,Other,96,true,true,Misc expense
EXP-20251206-001,REP-014,2025-12-06,Travel,1044,true,true,Bus fare
EXP-20251206-002,REP-014,2025-12-06,Lodging,3245,true,true,Lodging — outstation visit
EXP-20251212-001,REP-014,2025-12-12,Travel,369,true,true,Train ticket
EXP-20251213-001,REP-014,2025-12-13,Travel,1745,false,true,Cab to hospital
EXP-20251220-001,REP-014,2025-12-20,Lodging,2279,true,true,Guest house — 2 nights
EXP-20251225-001,REP-014,2025-12-25,Travel,1055,true,true,Fuel reimbursement
EXP-20251225-002,REP-014,2025-12-25,Mobile,584,true,true,Roaming charges
EXP-20260105-001,REP-014,2026-01-05,Food,304,true,true,Snacks for meeting
EXP-20260101-001,REP-014,2026-01-01,Travel,535,true,true,Auto to clinic
EXP-20260108-001,REP-014,2026-01-08,Travel,1036,true,true,Auto to clinic
EXP-20260116-001,REP-014,2026-01-16,Travel,1398,false,true,Bus fare
EXP-20260120-001,REP-014,2026-01-20,Samples,61,true,true,Demo kit refill
EXP-20260124-001,REP-014,2026-01-24,Lodging,1538,true,true,Guest house — 2 nights
EXP-20260124-002,REP-014,2026-01-24,Lodging,2208,true,true,Lodging — outstation visit
EXP-20260129-001,REP-014,2026-01-29,Samples,266,true,true,Product samples drop
EXP-20260210-001,REP-014,2026-02-10,Mobile,289,true,true,Roaming charges
EXP-20260208-001,REP-014,2026-02-08,Travel,1428,true,false,Fuel reimbursement
EXP-20260212-001,REP-014,2026-02-12,Travel,573,true,true,Bus fare
EXP-20260220-001,REP-014,2026-02-20,Travel,890,false,true,Bus fare
EXP-20260302-001,REP-014,2026-03-02,Travel,1251,true,true,Fuel reimbursement
EXP-20260309-001,REP-014,2026-03-09,Travel,1022,true,false,Auto to clinic
EXP-20260307-001,REP-014,2026-03-07,Travel,496,true,true,Cab to hospital
EXP-20260313-001,REP-014,2026-03-13,Travel,1017,true,true,Bus fare
EXP-20260315-001,REP-014,2026-03-15,Food,267,true,true,Dinner with HCP
EXP-20260323-001,REP-014,2026-03-23,Samples,347,true,true,Product samples drop
EXP-20260328-001,REP-014,2026-03-28,Food,741,true,true,Coffee meeting
EXP-20230406-001,REP-015,2023-04-06,Samples,65,true,true,Demo kit refill
EXP-20230415-001,REP-015,2023-04-15,Mobile,640,true,true,Mobile bill
EXP-20230419-001,REP-015,2023-04-19,Samples,1399,true,true,Demo kit refill
EXP-20230429-001,REP-015,2023-04-29,Mobile,461,true,true,Roaming charges
EXP-20230502-001,REP-015,2023-05-02,Mobile,561,true,true,Roaming charges
EXP-20230506-001,REP-015,2023-05-06,Food,619,true,true,Dinner with HCP
EXP-20230513-001,REP-015,2023-05-13,Lodging,1878,true,true,Hotel stay — field trip
EXP-20230508-001,REP-015,2023-05-08,Samples,332,true,true,Sample packs for HCP
EXP-20230517-001,REP-015,2023-05-17,Travel,1239,true,true,Fuel reimbursement
EXP-20230522-001,REP-015,2023-05-22,Travel,967,true,true,Cab to hospital
EXP-20230524-001,REP-015,2023-05-24,Lodging,1566,true,true,Lodging — outstation visit
EXP-20230531-001,REP-015,2023-05-31,Food,713,false,true,Dinner with HCP
EXP-20230604-001,REP-015,2023-06-04,Mobile,344,true,true,Internet recharge
EXP-20230604-002,REP-015,2023-06-04,Travel,1088,true,true,Auto to clinic
EXP-20230617-001,REP-015,2023-06-17,Mobile,448,true,true,Mobile bill
EXP-20230616-001,REP-015,2023-06-16,Lodging,1800,true,true,Guest house — 2 nights
EXP-20230624-001,REP-015,2023-06-24,Travel,1588,true,true,Fuel reimbursement
EXP-20230618-001,REP-015,2023-06-18,Travel,921,true,true,Train ticket
EXP-20230627-001,REP-015,2023-06-27,Travel,1207,true,false,Auto to clinic
EXP-20230627-002,REP-015,2023-06-27,Lodging,2338,true,true,Lodging — outstation visit
EXP-20230704-001,REP-015,2023-07-04,Food,420,true,true,Team lunch with HCP
EXP-20230709-001,REP-015,2023-07-09,Lodging,1913,true,true,Lodging — outstation visit
EXP-20230709-002,REP-015,2023-07-09,Samples,1012,true,true,Sample packs for HCP
EXP-20230718-001,REP-015,2023-07-18,Mobile,518,true,true,Internet recharge
EXP-20230724-001,REP-015,2023-07-24,Travel,311,true,true,Train ticket
EXP-20230805-001,REP-015,2023-08-05,Travel,715,true,true,Auto to clinic
EXP-20230812-001,REP-015,2023-08-12,Food,649,true,true,Snacks for meeting
EXP-20230807-001,REP-015,2023-08-07,Samples,1025,true,true,Product samples drop
EXP-20230819-001,REP-015,2023-08-19,Lodging,3792,true,true,Hotel stay — field trip
EXP-20230820-001,REP-015,2023-08-20,Lodging,2501,true,true,Hotel stay — field trip
EXP-20230831-001,REP-015,2023-08-31,Travel,824,true,true,Train ticket
EXP-20230901-001,REP-015,2023-09-01,Samples,1150,true,true,Demo kit refill
EXP-20230908-001,REP-015,2023-09-08,Travel,1047,true,true,Bus fare
EXP-20230911-001,REP-015,2023-09-11,Lodging,2035,true,true,Lodging — outstation visit
EXP-20230922-001,REP-015,2023-09-22,Lodging,1749,true,true,Hotel stay — field trip
EXP-20230928-001,REP-015,2023-09-28,Lodging,3927,true,true,Lodging — outstation visit
EXP-20231002-001,REP-015,2023-10-02,Food,614,true,true,Coffee meeting
EXP-20231001-001,REP-015,2023-10-01,Travel,1812,true,true,Fuel reimbursement
EXP-20231013-001,REP-015,2023-10-13,Travel,1808,true,true,Fuel reimbursement
EXP-20231012-001,REP-015,2023-10-12,Travel,482,false,true,Train ticket
EXP-20231018-001,REP-015,2023-10-18,Travel,500,true,true,Train ticket
EXP-20231017-001,REP-015,2023-10-17,Food,708,true,true,Coffee meeting
EXP-20231026-001,REP-015,2023-10-26,Conference,2655,true,true,CME event fees
EXP-20231028-001,REP-015,2023-10-28,Travel,328,true,true,Cab to hospital
EXP-20231102-001,REP-015,2023-11-02,Travel,885,true,true,Bus fare
EXP-20231031-001,REP-015,2023-10-31,Travel,975,true,true,Train ticket
EXP-20231109-001,REP-015,2023-11-09,Travel,1803,true,true,Auto to clinic
EXP-20231107-001,REP-015,2023-11-07,Travel,622,true,true,Fuel reimbursement
EXP-20231117-001,REP-015,2023-11-17,Samples,1296,true,true,Product samples drop
EXP-20231119-001,REP-015,2023-11-19,Lodging,2811,true,true,Guest house — 2 nights
EXP-20231125-001,REP-015,2023-11-25,Travel,1569,true,true,Cab to hospital
EXP-20231130-001,REP-015,2023-11-30,Travel,1025,true,true,Train ticket
EXP-20231204-001,REP-015,2023-12-04,Lodging,2917,true,true,Lodging — outstation visit
EXP-20231215-001,REP-015,2023-12-15,Food,273,true,true,Snacks for meeting
EXP-20231216-001,REP-015,2023-12-16,Food,800,true,true,Team lunch with HCP
EXP-20231220-001,REP-015,2023-12-20,Conference,4703,true,true,CME event fees
EXP-20231224-001,REP-015,2023-12-24,Mobile,148,true,true,Mobile bill
EXP-20231225-001,REP-015,2023-12-25,Food,619,true,true,Team lunch with HCP
EXP-20231231-001,REP-015,2023-12-31,Travel,226,true,true,Auto to clinic
EXP-20240103-001,REP-015,2024-01-03,Travel,1196,true,true,Cab to hospital
EXP-20240109-001,REP-015,2024-01-09,Samples,684,true,true,Sample packs for HCP
EXP-20240118-001,REP-015,2024-01-18,Travel,654,true,true,Auto to clinic
EXP-20240117-001,REP-015,2024-01-17,Conference,3790,false,true,CME event fees
EXP-20240121-001,REP-015,2024-01-21,Travel,1680,true,true,Train ticket
EXP-20240202-001,REP-015,2024-02-02,Travel,431,true,true,Fuel reimbursement
EXP-20240210-001,REP-015,2024-02-10,Food,367,true,true,Dinner with HCP
EXP-20240211-001,REP-015,2024-02-11,Travel,404,true,false,Train ticket
EXP-20240216-001,REP-015,2024-02-16,Mobile,177,true,true,Mobile bill
EXP-20240218-001,REP-015,2024-02-18,Lodging,3072,true,true,Guest house — 2 nights
EXP-20240220-001,REP-015,2024-02-20,Travel,1891,true,true,Cab to hospital
EXP-20240227-001,REP-015,2024-02-27,Samples,1455,true,true,Sample packs for HCP
EXP-20240228-001,REP-015,2024-02-28,Mobile,358,true,true,Internet recharge
EXP-20240309-001,REP-015,2024-03-09,Travel,1723,true,true,Fuel reimbursement
EXP-20240307-001,REP-015,2024-03-07,Food,246,true,true,Team lunch with HCP
EXP-20240315-001,REP-015,2024-03-15,Travel,462,true,true,Fuel reimbursement
EXP-20240312-001,REP-015,2024-03-12,Mobile,723,false,true,Mobile bill
EXP-20240318-001,REP-015,2024-03-18,Samples,193,true,true,Demo kit refill
EXP-20240322-001,REP-015,2024-03-22,Food,528,true,true,Dinner with HCP
EXP-20240330-001,REP-015,2024-03-30,Travel,1767,true,true,Train ticket
EXP-20240403-001,REP-015,2024-04-03,Travel,1626,true,true,Train ticket
EXP-20240410-001,REP-015,2024-04-10,Travel,1167,true,true,Auto to clinic
EXP-20240415-001,REP-015,2024-04-15,Food,585,true,true,Snacks for meeting
EXP-20240419-001,REP-015,2024-04-19,Mobile,304,true,true,Mobile bill
EXP-20240425-001,REP-015,2024-04-25,Mobile,389,true,true,Internet recharge
EXP-20240502-001,REP-015,2024-05-02,Lodging,2553,true,true,Guest house — 2 nights
EXP-20240509-001,REP-015,2024-05-09,Conference,3748,true,true,CME event fees
EXP-20240514-001,REP-015,2024-05-14,Travel,1057,true,true,Train ticket
EXP-20240525-001,REP-015,2024-05-25,Travel,722,true,true,Auto to clinic
EXP-20240519-001,REP-015,2024-05-19,Travel,1455,true,true,Bus fare
EXP-20240526-001,REP-015,2024-05-26,Travel,1895,true,true,Auto to clinic
EXP-20240604-001,REP-015,2024-06-04,Mobile,253,true,true,Roaming charges
EXP-20240604-002,REP-015,2024-06-04,Travel,1884,true,true,Auto to clinic
EXP-20240609-001,REP-015,2024-06-09,Mobile,239,true,true,Roaming charges
EXP-20240609-002,REP-015,2024-06-09,Other,661,true,true,Misc expense
EXP-20240616-001,REP-015,2024-06-16,Travel,457,true,true,Cab to hospital
EXP-20240619-001,REP-015,2024-06-19,Lodging,3341,true,true,Hotel stay — field trip
EXP-20240626-001,REP-015,2024-06-26,Travel,951,true,true,Auto to clinic
EXP-20240630-002,REP-015,2024-06-30,Lodging,1871,true,true,Guest house — 2 nights
EXP-20240708-001,REP-015,2024-07-08,Travel,1254,false,true,Cab to hospital
EXP-20240715-003,REP-015,2024-07-15,Travel,880,true,true,Auto to clinic
EXP-20240721-001,REP-015,2024-07-21,Food,692,true,true,Snacks for meeting
EXP-20240727-001,REP-015,2024-07-27,Travel,877,true,true,Auto to clinic
EXP-20240730-001,REP-015,2024-07-30,Lodging,2715,true,true,Hotel stay — field trip
EXP-20240805-001,REP-015,2024-08-05,Travel,843,true,true,Fuel reimbursement
EXP-20240813-001,REP-015,2024-08-13,Samples,1441,true,true,Demo kit refill
EXP-20240815-001,REP-015,2024-08-15,Food,325,true,true,Coffee meeting
EXP-20240820-001,REP-015,2024-08-20,Samples,372,true,true,Demo kit refill
EXP-20240826-001,REP-015,2024-08-26,Travel,1973,true,true,Train ticket
EXP-20240828-001,REP-015,2024-08-28,Samples,850,true,true,Demo kit refill
EXP-20240904-001,REP-015,2024-09-04,Lodging,3891,true,true,Hotel stay — field trip
EXP-20240901-001,REP-015,2024-09-01,Samples,1005,true,true,Product samples drop
EXP-20240908-001,REP-015,2024-09-08,Travel,218,true,true,Train ticket
EXP-20240921-001,REP-015,2024-09-21,Samples,1317,false,true,Sample packs for HCP
EXP-20240920-001,REP-015,2024-09-20,Travel,1812,true,true,Fuel reimbursement
EXP-20240922-002,REP-015,2024-09-22,Travel,1718,true,true,Fuel reimbursement
EXP-20240928-001,REP-015,2024-09-28,Travel,1044,true,true,Auto to clinic
EXP-20241002-002,REP-015,2024-10-02,Samples,404,false,true,Sample packs for HCP
EXP-20241007-001,REP-015,2024-10-07,Travel,211,true,true,Fuel reimbursement
EXP-20241016-001,REP-015,2024-10-16,Travel,1015,true,true,Cab to hospital
EXP-20241023-001,REP-015,2024-10-23,Travel,402,true,true,Train ticket
EXP-20241027-001,REP-015,2024-10-27,Travel,1691,true,true,Bus fare
EXP-20241108-002,REP-015,2024-11-08,Mobile,764,true,true,Roaming charges
EXP-20241110-001,REP-015,2024-11-10,Food,561,true,true,Working lunch
EXP-20241119-001,REP-015,2024-11-19,Travel,661,true,true,Bus fare
EXP-20241124-001,REP-015,2024-11-24,Travel,284,true,true,Bus fare
EXP-20241124-002,REP-015,2024-11-24,Lodging,3354,true,true,Guest house — 2 nights
EXP-20241201-002,REP-015,2024-12-01,Other,592,true,false,Printing materials
EXP-20241204-001,REP-015,2024-12-04,Mobile,792,true,true,Roaming charges
EXP-20241209-001,REP-015,2024-12-09,Food,119,true,true,Dinner with HCP
EXP-20241217-001,REP-015,2024-12-17,Food,377,true,true,Dinner with HCP
EXP-20241220-001,REP-015,2024-12-20,Travel,1365,true,true,Cab to hospital
EXP-20241226-001,REP-015,2024-12-26,Food,653,true,true,Coffee meeting
EXP-20241224-001,REP-015,2024-12-24,Samples,341,true,true,Sample packs for HCP
EXP-20250104-001,REP-015,2025-01-04,Food,528,true,true,Working lunch
EXP-20250103-002,REP-015,2025-01-03,Travel,919,true,true,Cab to hospital
EXP-20250108-002,REP-015,2025-01-08,Food,194,true,true,Coffee meeting
EXP-20250118-001,REP-015,2025-01-18,Samples,999,false,true,Demo kit refill
EXP-20250119-001,REP-015,2025-01-19,Travel,1675,true,true,Bus fare
EXP-20250123-001,REP-015,2025-01-23,Travel,1477,false,true,Fuel reimbursement
EXP-20250131-001,REP-015,2025-01-31,Travel,991,true,true,Fuel reimbursement
EXP-20250129-001,REP-015,2025-01-29,Travel,1947,true,true,Fuel reimbursement
EXP-20250203-002,REP-015,2025-02-03,Conference,1713,true,true,CME event fees
EXP-20250214-002,REP-015,2025-02-14,Samples,1087,true,true,Demo kit refill
EXP-20250216-001,REP-015,2025-02-16,Lodging,1943,true,true,Hotel stay — field trip
EXP-20250216-002,REP-015,2025-02-16,Travel,1241,true,true,Cab to hospital
EXP-20250225-001,REP-015,2025-02-25,Lodging,3502,true,true,Guest house — 2 nights
EXP-20250223-001,REP-015,2025-02-23,Food,423,true,true,Snacks for meeting
EXP-20250303-001,REP-015,2025-03-03,Travel,486,true,true,Train ticket
EXP-20250312-001,REP-015,2025-03-12,Food,438,true,true,Coffee meeting
EXP-20250315-001,REP-015,2025-03-15,Samples,1012,false,true,Demo kit refill
EXP-20250320-002,REP-015,2025-03-20,Samples,495,true,true,Product samples drop
EXP-20250324-001,REP-015,2025-03-24,Travel,646,false,true,Auto to clinic
EXP-20250403-001,REP-015,2025-04-03,Lodging,3588,true,true,Lodging — outstation visit
EXP-20250408-002,REP-015,2025-04-08,Travel,986,true,true,Cab to hospital
EXP-20250411-001,REP-015,2025-04-11,Lodging,1544,true,true,Hotel stay — field trip
EXP-20250413-001,REP-015,2025-04-13,Food,343,true,true,Dinner with HCP
EXP-20250419-001,REP-015,2025-04-19,Food,684,true,true,Coffee meeting
EXP-20250423-001,REP-015,2025-04-23,Conference,734,false,true,CME event fees
EXP-20250502-001,REP-015,2025-05-02,Travel,901,true,false,Auto to clinic
EXP-20250506-002,REP-015,2025-05-06,Mobile,704,true,false,Roaming charges
EXP-20250504-001,REP-015,2025-05-04,Food,487,true,true,Team lunch with HCP
EXP-20250516-001,REP-015,2025-05-16,Samples,1362,false,true,Sample packs for HCP
EXP-20250515-001,REP-015,2025-05-15,Food,404,true,true,Dinner with HCP
EXP-20250519-002,REP-015,2025-05-19,Food,459,true,true,Coffee meeting
EXP-20250522-001,REP-015,2025-05-22,Food,688,true,true,Team lunch with HCP
EXP-20250528-001,REP-015,2025-05-28,Travel,715,true,true,Bus fare
EXP-20250605-001,REP-015,2025-06-05,Conference,4455,true,true,Doctor meet sponsorship
EXP-20250606-001,REP-015,2025-06-06,Lodging,1784,true,true,Guest house — 2 nights
EXP-20250610-002,REP-015,2025-06-10,Lodging,2560,false,true,Hotel stay — field trip
EXP-20250610-003,REP-015,2025-06-10,Travel,1971,true,true,Fuel reimbursement
EXP-20250621-001,REP-015,2025-06-21,Samples,223,true,true,Product samples drop
EXP-20250616-001,REP-015,2025-06-16,Travel,1780,false,true,Cab to hospital
EXP-20250622-002,REP-015,2025-06-22,Food,712,true,true,Working lunch
EXP-20250624-001,REP-015,2025-06-24,Travel,699,true,true,Fuel reimbursement
EXP-20250702-001,REP-015,2025-07-02,Travel,716,true,true,Train ticket
EXP-20250712-001,REP-015,2025-07-12,Travel,1086,true,true,Auto to clinic
EXP-20250716-002,REP-015,2025-07-16,Travel,1366,true,false,Auto to clinic
EXP-20250714-001,REP-015,2025-07-14,Food,370,true,true,Dinner with HCP
EXP-20250722-001,REP-015,2025-07-22,Travel,1546,true,true,Cab to hospital
EXP-20250801-001,REP-015,2025-08-01,Mobile,618,true,true,Roaming charges
EXP-20250729-002,REP-015,2025-07-29,Food,376,true,true,Dinner with HCP
EXP-20250804-001,REP-015,2025-08-04,Samples,842,true,true,Demo kit refill
EXP-20250815-001,REP-015,2025-08-15,Travel,1713,true,true,Cab to hospital
EXP-20250816-001,REP-015,2025-08-16,Travel,717,false,true,Fuel reimbursement
EXP-20250819-001,REP-015,2025-08-19,Travel,1780,true,true,Fuel reimbursement
EXP-20250826-001,REP-015,2025-08-26,Lodging,3799,true,true,Lodging — outstation visit
EXP-20250905-001,REP-015,2025-09-05,Samples,478,true,true,Sample packs for HCP
EXP-20250912-002,REP-015,2025-09-12,Food,138,true,true,Snacks for meeting
EXP-20250918-001,REP-015,2025-09-18,Travel,443,true,true,Fuel reimbursement
EXP-20250919-002,REP-015,2025-09-19,Lodging,1613,false,true,Hotel stay — field trip
EXP-20250923-001,REP-015,2025-09-23,Travel,222,true,true,Cab to hospital
EXP-20250925-001,REP-015,2025-09-25,Travel,683,true,true,Fuel reimbursement
EXP-20250930-001,REP-015,2025-09-30,Lodging,1550,true,true,Guest house — 2 nights
EXP-20250930-002,REP-015,2025-09-30,Lodging,2546,true,true,Hotel stay — field trip
EXP-20251009-001,REP-015,2025-10-09,Travel,1457,true,true,Auto to clinic
EXP-20251012-001,REP-015,2025-10-12,Samples,58,true,true,Sample packs for HCP
EXP-20251016-002,REP-015,2025-10-16,Conference,2068,true,true,CME event fees
EXP-20251023-001,REP-015,2025-10-23,Food,434,true,true,Dinner with HCP
EXP-20251027-002,REP-015,2025-10-27,Travel,1607,true,true,Bus fare
EXP-20251026-001,REP-015,2025-10-26,Travel,221,true,true,Cab to hospital
EXP-20251105-001,REP-015,2025-11-05,Travel,1553,true,true,Fuel reimbursement
EXP-20251112-001,REP-015,2025-11-12,Travel,916,true,true,Auto to clinic
EXP-20251121-001,REP-015,2025-11-21,Lodging,3342,true,true,Guest house — 2 nights
EXP-20251119-001,REP-015,2025-11-19,Samples,1437,true,true,Demo kit refill
EXP-20251123-002,REP-015,2025-11-23,Travel,1981,true,true,Cab to hospital
EXP-20251130-001,REP-015,2025-11-30,Mobile,665,true,true,Internet recharge
EXP-20251205-001,REP-015,2025-12-05,Conference,4535,true,true,Doctor meet sponsorship
EXP-20251210-001,REP-015,2025-12-10,Food,566,true,true,Dinner with HCP
EXP-20251208-001,REP-015,2025-12-08,Lodging,3255,true,true,Hotel stay — field trip
EXP-20251214-001,REP-015,2025-12-14,Mobile,726,true,true,Mobile bill
EXP-20251224-001,REP-015,2025-12-24,Food,368,false,true,Snacks for meeting
EXP-20251231-001,REP-015,2025-12-31,Travel,539,true,true,Train ticket
EXP-20260101-002,REP-015,2026-01-01,Food,536,true,true,Snacks for meeting
EXP-20260108-002,REP-015,2026-01-08,Food,360,true,true,Working lunch
EXP-20260113-001,REP-015,2026-01-13,Food,547,true,true,Dinner with HCP
EXP-20260122-001,REP-015,2026-01-22,Travel,339,true,true,Bus fare
EXP-20260129-002,REP-015,2026-01-29,Conference,3106,true,true,Doctor meet sponsorship
EXP-20260202-001,REP-015,2026-02-02,Travel,1331,true,true,Train ticket
EXP-20260202-002,REP-015,2026-02-02,Lodging,2834,true,true,Guest house — 2 nights
EXP-20260214-001,REP-015,2026-02-14,Mobile,708,true,false,Mobile bill
EXP-20260220-002,REP-015,2026-02-20,Travel,541,true,true,Bus fare
EXP-20260226-001,REP-015,2026-02-26,Samples,162,true,true,Demo kit refill
EXP-20260301-001,REP-015,2026-03-01,Travel,315,true,true,Fuel reimbursement
EXP-20260305-001,REP-015,2026-03-05,Lodging,2482,true,true,Hotel stay — field trip
EXP-20260313-002,REP-015,2026-03-13,Mobile,335,true,true,Internet recharge
EXP-20260320-001,REP-015,2026-03-20,Mobile,597,false,true,Internet recharge
EXP-20260316-001,REP-015,2026-03-16,Travel,544,true,true,Auto to clinic
EXP-20260324-001,REP-015,2026-03-24,Conference,884,false,true,Conference registration
EXP-20230402-001,REP-016,2023-04-02,Conference,2179,true,true,Conference registration
EXP-20230407-001,REP-016,2023-04-07,Food,796,true,true,Dinner with HCP
EXP-20230408-001,REP-016,2023-04-08,Travel,1880,true,true,Auto to clinic
EXP-20230413-001,REP-016,2023-04-13,Samples,996,true,false,Demo kit refill
EXP-20230416-001,REP-016,2023-04-16,Food,161,true,true,Working lunch
EXP-20230422-001,REP-016,2023-04-22,Travel,378,true,true,Fuel reimbursement
EXP-20230424-001,REP-016,2023-04-24,Food,743,true,true,Snacks for meeting
EXP-20230503-001,REP-016,2023-05-03,Lodging,2464,false,true,Lodging — outstation visit
EXP-20230501-001,REP-016,2023-05-01,Food,617,true,true,Snacks for meeting
EXP-20230508-002,REP-016,2023-05-08,Food,194,true,true,Dinner with HCP
EXP-20230517-002,REP-016,2023-05-17,Food,730,true,true,Team lunch with HCP
EXP-20230519-001,REP-016,2023-05-19,Food,618,true,true,Team lunch with HCP
EXP-20230522-002,REP-016,2023-05-22,Travel,1921,true,true,Bus fare
EXP-20230525-001,REP-016,2023-05-25,Food,595,true,true,Dinner with HCP
EXP-20230531-002,REP-016,2023-05-31,Food,724,true,true,Snacks for meeting
EXP-20230527-001,REP-016,2023-05-27,Food,661,true,true,Team lunch with HCP
EXP-20230603-001,REP-016,2023-06-03,Travel,729,true,true,Cab to hospital
EXP-20230606-001,REP-016,2023-06-06,Food,130,true,true,Working lunch
EXP-20230610-001,REP-016,2023-06-10,Mobile,308,true,true,Mobile bill
EXP-20230610-002,REP-016,2023-06-10,Travel,296,true,true,Fuel reimbursement
EXP-20230619-001,REP-016,2023-06-19,Travel,901,true,true,Auto to clinic
EXP-20230627-003,REP-016,2023-06-27,Samples,864,true,true,Sample packs for HCP
EXP-20230703-001,REP-016,2023-07-03,Mobile,751,true,true,Internet recharge
EXP-20230707-001,REP-016,2023-07-07,Food,792,false,true,Working lunch
EXP-20230710-001,REP-016,2023-07-10,Conference,4332,true,true,CME event fees
EXP-20230719-001,REP-016,2023-07-19,Travel,447,true,true,Cab to hospital
EXP-20230724-002,REP-016,2023-07-24,Food,167,true,true,Snacks for meeting
EXP-20230722-001,REP-016,2023-07-22,Mobile,534,true,true,Internet recharge
EXP-20230804-001,REP-016,2023-08-04,Travel,701,true,true,Cab to hospital
EXP-20230802-001,REP-016,2023-08-02,Travel,327,true,true,Train ticket
EXP-20230809-001,REP-016,2023-08-09,Travel,1618,true,false,Auto to clinic
EXP-20230816-001,REP-016,2023-08-16,Samples,784,true,true,Product samples drop
EXP-20230812-002,REP-016,2023-08-12,Food,510,true,true,Working lunch
EXP-20230825-001,REP-016,2023-08-25,Food,747,true,true,Snacks for meeting
EXP-20230822-001,REP-016,2023-08-22,Other,1627,false,false,Printing materials
EXP-20230829-001,REP-016,2023-08-29,Lodging,1661,true,true,Guest house — 2 nights
EXP-20230829-002,REP-016,2023-08-29,Travel,1626,true,true,Fuel reimbursement
EXP-20230906-001,REP-016,2023-09-06,Travel,857,true,false,Fuel reimbursement
EXP-20230905-001,REP-016,2023-09-05,Lodging,2338,true,true,Lodging — outstation visit
EXP-20230913-001,REP-016,2023-09-13,Travel,1521,true,true,Fuel reimbursement
EXP-20230922-002,REP-016,2023-09-22,Food,216,true,true,Team lunch with HCP
EXP-20230929-001,REP-016,2023-09-29,Travel,635,true,true,Train ticket
EXP-20230928-002,REP-016,2023-09-28,Food,683,false,true,Team lunch with HCP
EXP-20231004-001,REP-016,2023-10-04,Food,191,true,true,Dinner with HCP
EXP-20231001-002,REP-016,2023-10-01,Food,769,true,true,Team lunch with HCP
EXP-20231007-001,REP-016,2023-10-07,Food,768,true,false,Snacks for meeting
EXP-20231008-001,REP-016,2023-10-08,Food,186,true,true,Coffee meeting
EXP-20231020-001,REP-016,2023-10-20,Conference,2762,true,true,Conference registration
EXP-20231025-001,REP-016,2023-10-25,Travel,1042,true,true,Train ticket
EXP-20231028-002,REP-016,2023-10-28,Other,961,true,true,Printing materials
EXP-20231102-002,REP-016,2023-11-02,Travel,532,true,true,Cab to hospital
EXP-20231107-002,REP-016,2023-11-07,Samples,1268,true,true,Product samples drop
EXP-20231112-001,REP-016,2023-11-12,Travel,276,false,true,Bus fare
EXP-20231114-001,REP-016,2023-11-14,Travel,631,true,true,Fuel reimbursement
EXP-20231119-002,REP-016,2023-11-19,Food,724,true,true,Working lunch
EXP-20231123-001,REP-016,2023-11-23,Travel,743,true,true,Auto to clinic
EXP-20231201-001,REP-016,2023-12-01,Travel,543,true,true,Fuel reimbursement
EXP-20231128-001,REP-016,2023-11-28,Samples,1149,true,true,Demo kit refill
EXP-20231207-001,REP-016,2023-12-07,Food,223,true,true,Dinner with HCP
EXP-20231214-001,REP-016,2023-12-14,Travel,1509,true,true,Bus fare
EXP-20231222-001,REP-016,2023-12-22,Travel,267,true,true,Auto to clinic
EXP-20231217-001,REP-016,2023-12-17,Lodging,2807,true,false,Lodging — outstation visit
EXP-20231226-001,REP-016,2023-12-26,Lodging,3642,true,true,Lodging — outstation visit
EXP-20231230-001,REP-016,2023-12-30,Lodging,3245,true,true,Guest house — 2 nights
EXP-20240101-001,REP-016,2024-01-01,Mobile,130,true,true,Mobile bill
EXP-20240109-002,REP-016,2024-01-09,Samples,463,true,true,Demo kit refill
EXP-20240111-001,REP-016,2024-01-11,Food,255,true,true,Team lunch with HCP
EXP-20240116-001,REP-016,2024-01-16,Lodging,3707,true,true,Guest house — 2 nights
EXP-20240124-001,REP-016,2024-01-24,Lodging,2301,true,true,Guest house — 2 nights
EXP-20240126-001,REP-016,2024-01-26,Food,214,true,true,Dinner with HCP
EXP-20240202-002,REP-016,2024-02-02,Food,189,false,true,Snacks for meeting
EXP-20240202-003,REP-016,2024-02-02,Mobile,407,false,true,Roaming charges
EXP-20240206-001,REP-016,2024-02-06,Other,641,true,true,Printing materials
EXP-20240213-001,REP-016,2024-02-13,Travel,1349,true,true,Cab to hospital
EXP-20240218-002,REP-016,2024-02-18,Travel,1688,true,true,Cab to hospital
EXP-20240229-001,REP-016,2024-02-29,Travel,1580,true,true,Bus fare
EXP-20240228-002,REP-016,2024-02-28,Samples,541,true,true,Sample packs for HCP
EXP-20240306-001,REP-016,2024-03-06,Lodging,2995,false,true,Guest house — 2 nights
EXP-20240306-002,REP-016,2024-03-06,Travel,1234,true,true,Auto to clinic
EXP-20240310-001,REP-016,2024-03-10,Lodging,1779,true,true,Lodging — outstation visit
EXP-20240318-002,REP-016,2024-03-18,Food,191,true,true,Snacks for meeting
EXP-20240320-001,REP-016,2024-03-20,Travel,1578,true,true,Cab to hospital
EXP-20240323-001,REP-016,2024-03-23,Samples,653,true,true,Demo kit refill
EXP-20240331-001,REP-016,2024-03-31,Food,655,true,true,Coffee meeting
EXP-20240402-001,REP-016,2024-04-02,Food,242,true,true,Team lunch with HCP
EXP-20240407-001,REP-016,2024-04-07,Travel,1345,true,true,Train ticket
EXP-20240419-002,REP-016,2024-04-19,Travel,958,true,true,Auto to clinic
EXP-20240425-002,REP-016,2024-04-25,Other,623,true,true,Stationery
EXP-20240503-001,REP-016,2024-05-03,Travel,623,false,true,Bus fare
EXP-20240428-001,REP-016,2024-04-28,Samples,808,true,true,Demo kit refill
EXP-20240509-002,REP-016,2024-05-09,Conference,1316,true,true,Conference registration
EXP-20240517-001,REP-016,2024-05-17,Travel,1087,true,true,Bus fare
EXP-20240513-001,REP-016,2024-05-13,Lodging,1650,true,true,Hotel stay — field trip
EXP-20240524-001,REP-016,2024-05-24,Lodging,3422,true,true,Guest house — 2 nights
EXP-20240527-001,REP-016,2024-05-27,Travel,423,true,true,Auto to clinic
EXP-20240526-002,REP-016,2024-05-26,Lodging,3415,true,true,Guest house — 2 nights
EXP-20240601-001,REP-016,2024-06-01,Travel,1060,true,true,Cab to hospital
EXP-20240614-001,REP-016,2024-06-14,Travel,494,true,true,Cab to hospital
EXP-20240615-001,REP-016,2024-06-15,Travel,865,true,true,Cab to hospital
EXP-20240615-002,REP-016,2024-06-15,Samples,524,true,true,Sample packs for HCP
EXP-20240623-001,REP-016,2024-06-23,Travel,1598,true,true,Bus fare
EXP-20240622-002,REP-016,2024-06-22,Food,194,false,true,Dinner with HCP
EXP-20240630-003,REP-016,2024-06-30,Travel,1889,true,true,Bus fare
EXP-20240709-001,REP-016,2024-07-09,Lodging,1512,true,true,Lodging — outstation visit
EXP-20240716-001,REP-016,2024-07-16,Travel,568,true,true,Bus fare
EXP-20240724-001,REP-016,2024-07-24,Travel,1929,true,true,Train ticket
EXP-20240730-002,REP-016,2024-07-30,Travel,422,true,true,Bus fare
EXP-20240809-001,REP-016,2024-08-09,Lodging,3166,true,true,Guest house — 2 nights
EXP-20240815-002,REP-016,2024-08-15,Samples,402,true,true,Product samples drop
EXP-20240823-001,REP-016,2024-08-23,Food,783,true,true,Coffee meeting
EXP-20240823-002,REP-016,2024-08-23,Mobile,783,true,true,Mobile bill
EXP-20240830-001,REP-016,2024-08-30,Travel,1030,true,true,Auto to clinic
EXP-20240827-001,REP-016,2024-08-27,Samples,292,true,true,Demo kit refill
EXP-20240902-001,REP-016,2024-09-02,Lodging,2536,true,true,Lodging — outstation visit
EXP-20240905-002,REP-016,2024-09-05,Samples,1145,false,true,Sample packs for HCP
EXP-20240910-001,REP-016,2024-09-10,Food,191,false,true,Coffee meeting
EXP-20240912-001,REP-016,2024-09-12,Food,320,true,true,Dinner with HCP
EXP-20240915-001,REP-016,2024-09-15,Food,667,true,true,Coffee meeting
EXP-20240920-002,REP-016,2024-09-20,Food,607,true,true,Working lunch
EXP-20240923-001,REP-016,2024-09-23,Food,397,true,true,Working lunch
EXP-20240929-001,REP-016,2024-09-29,Lodging,2705,false,true,Hotel stay — field trip
EXP-20241007-002,REP-016,2024-10-07,Lodging,3171,true,true,Lodging — outstation visit
EXP-20241018-002,REP-016,2024-10-18,Travel,1330,true,true,Auto to clinic
EXP-20241017-002,REP-016,2024-10-17,Travel,481,true,true,Cab to hospital
EXP-20241021-001,REP-016,2024-10-21,Travel,658,true,true,Train ticket
EXP-20241026-002,REP-016,2024-10-26,Food,195,true,true,Dinner with HCP
EXP-20241030-001,REP-016,2024-10-30,Samples,1352,true,true,Sample packs for HCP
EXP-20241107-001,REP-016,2024-11-07,Travel,508,true,true,Bus fare
EXP-20241102-001,REP-016,2024-11-02,Travel,1264,true,true,Fuel reimbursement
EXP-20241112-001,REP-016,2024-11-12,Travel,556,true,true,Auto to clinic
EXP-20241120-001,REP-016,2024-11-20,Lodging,3108,true,true,Lodging — outstation visit
EXP-20241128-001,REP-016,2024-11-28,Travel,1251,true,true,Train ticket
EXP-20241123-001,REP-016,2024-11-23,Travel,396,true,true,Bus fare
EXP-20241201-003,REP-016,2024-12-01,Travel,1143,true,true,Cab to hospital
EXP-20241201-004,REP-016,2024-12-01,Travel,1389,true,true,Cab to hospital
EXP-20241213-001,REP-016,2024-12-13,Travel,1879,true,true,Cab to hospital
EXP-20241212-002,REP-016,2024-12-12,Travel,1617,true,true,Train ticket
EXP-20241218-002,REP-016,2024-12-18,Samples,366,true,false,Product samples drop
EXP-20241221-001,REP-016,2024-12-21,Travel,1890,true,true,Train ticket
EXP-20241223-001,REP-016,2024-12-23,Lodging,3381,true,true,Guest house — 2 nights
EXP-20250103-003,REP-016,2025-01-03,Travel,229,true,true,Fuel reimbursement
EXP-20250106-001,REP-016,2025-01-06,Travel,1651,true,true,Bus fare
EXP-20250112-001,REP-016,2025-01-12,Travel,873,true,true,Fuel reimbursement
EXP-20250123-002,REP-016,2025-01-23,Lodging,3887,true,true,Lodging — outstation visit
EXP-20250131-002,REP-016,2025-01-31,Travel,1164,true,true,Auto to clinic
EXP-20250131-003,REP-016,2025-01-31,Travel,335,true,true,Train ticket
EXP-20250201-001,REP-016,2025-02-01,Food,520,true,true,Dinner with HCP
EXP-20250209-001,REP-016,2025-02-09,Lodging,2874,true,true,Guest house — 2 nights
EXP-20250214-003,REP-016,2025-02-14,Food,711,true,true,Coffee meeting
EXP-20250220-002,REP-016,2025-02-20,Travel,800,false,true,Train ticket
EXP-20250222-002,REP-016,2025-02-22,Lodging,3718,false,true,Lodging — outstation visit
EXP-20250304-002,REP-016,2025-03-04,Food,725,true,true,Team lunch with HCP
EXP-20250303-002,REP-016,2025-03-03,Travel,376,true,true,Train ticket
EXP-20250310-001,REP-016,2025-03-10,Travel,1789,true,true,Fuel reimbursement
EXP-20250308-001,REP-016,2025-03-08,Mobile,291,true,true,Roaming charges
EXP-20250321-001,REP-016,2025-03-21,Lodging,1745,true,true,Guest house — 2 nights
EXP-20250315-002,REP-016,2025-03-15,Travel,633,true,true,Cab to hospital
EXP-20250322-002,REP-016,2025-03-22,Samples,1235,true,true,Product samples drop
EXP-20250328-002,REP-016,2025-03-28,Food,758,true,true,Coffee meeting
EXP-20250401-001,REP-016,2025-04-01,Lodging,3468,true,true,Lodging — outstation visit
EXP-20250403-002,REP-016,2025-04-03,Travel,471,true,true,Bus fare
EXP-20250406-001,REP-016,2025-04-06,Travel,481,true,true,Train ticket
EXP-20250406-002,REP-016,2025-04-06,Travel,1952,true,true,Auto to clinic
EXP-20250416-001,REP-016,2025-04-16,Food,555,true,true,Team lunch with HCP
EXP-20250417-001,REP-016,2025-04-17,Travel,559,true,false,Train ticket
EXP-20250422-002,REP-016,2025-04-22,Lodging,3761,true,true,Guest house — 2 nights
EXP-20250425-002,REP-016,2025-04-25,Lodging,1722,true,true,Lodging — outstation visit
EXP-20250430-001,REP-016,2025-04-30,Lodging,2399,true,true,Guest house — 2 nights
EXP-20250429-002,REP-016,2025-04-29,Mobile,109,true,true,Internet recharge
EXP-20250507-001,REP-016,2025-05-07,Travel,1693,true,true,Train ticket
EXP-20250506-003,REP-016,2025-05-06,Lodging,3319,true,true,Lodging — outstation visit
EXP-20250512-001,REP-016,2025-05-12,Food,397,true,true,Dinner with HCP
EXP-20250520-002,REP-016,2025-05-20,Mobile,564,true,true,Internet recharge
EXP-20250517-001,REP-016,2025-05-17,Samples,756,true,true,Demo kit refill
EXP-20250528-002,REP-016,2025-05-28,Lodging,3572,true,true,Guest house — 2 nights
EXP-20250602-001,REP-016,2025-06-02,Food,605,true,true,Snacks for meeting
EXP-20250605-002,REP-016,2025-06-05,Travel,1361,true,true,Auto to clinic
EXP-20250607-001,REP-016,2025-06-07,Food,288,false,true,Dinner with HCP
EXP-20250607-002,REP-016,2025-06-07,Samples,972,true,true,Demo kit refill
EXP-20250615-001,REP-016,2025-06-15,Lodging,2774,true,true,Guest house — 2 nights
EXP-20250615-002,REP-016,2025-06-15,Travel,853,true,true,Cab to hospital
EXP-20250625-001,REP-016,2025-06-25,Food,378,true,true,Dinner with HCP
EXP-20250704-001,REP-016,2025-07-04,Food,621,true,true,Dinner with HCP
EXP-20250706-001,REP-016,2025-07-06,Food,149,false,true,Snacks for meeting
EXP-20250709-002,REP-016,2025-07-09,Travel,933,true,true,Train ticket
EXP-20250715-001,REP-016,2025-07-15,Travel,1014,true,true,Bus fare
EXP-20250721-002,REP-016,2025-07-21,Lodging,2888,true,true,Hotel stay — field trip
EXP-20250719-001,REP-016,2025-07-19,Travel,820,true,true,Train ticket
EXP-20250728-001,REP-016,2025-07-28,Conference,3842,true,true,CME event fees
EXP-20250801-002,REP-016,2025-08-01,Other,449,true,true,Misc expense
EXP-20250802-001,REP-016,2025-08-02,Conference,4938,true,true,Doctor meet sponsorship
EXP-20250807-002,REP-016,2025-08-07,Food,346,false,true,Snacks for meeting
EXP-20250809-001,REP-016,2025-08-09,Travel,1833,true,true,Train ticket
EXP-20250820-001,REP-016,2025-08-20,Food,792,true,true,Team lunch with HCP
EXP-20250823-001,REP-016,2025-08-23,Travel,1495,true,true,Train ticket
EXP-20250829-002,REP-016,2025-08-29,Lodging,2361,true,true,Guest house — 2 nights
EXP-20250904-002,REP-016,2025-09-04,Travel,779,true,true,Train ticket
EXP-20250907-001,REP-016,2025-09-07,Lodging,2682,true,true,Lodging — outstation visit
EXP-20250911-001,REP-016,2025-09-11,Lodging,2301,true,true,Hotel stay — field trip
EXP-20250915-001,REP-016,2025-09-15,Travel,1868,true,true,Bus fare
EXP-20250922-001,REP-016,2025-09-22,Lodging,3296,true,true,Hotel stay — field trip
EXP-20251002-002,REP-016,2025-10-02,Travel,1782,true,true,Auto to clinic
EXP-20250927-001,REP-016,2025-09-27,Travel,1414,false,true,Train ticket
EXP-20251007-001,REP-016,2025-10-07,Travel,372,true,true,Fuel reimbursement
EXP-20251009-002,REP-016,2025-10-09,Food,490,true,true,Working lunch
EXP-20251012-002,REP-016,2025-10-12,Travel,922,true,true,Auto to clinic
EXP-20251024-001,REP-016,2025-10-24,Lodging,3710,true,true,Guest house — 2 nights
EXP-20251023-002,REP-016,2025-10-23,Travel,1806,true,true,Bus fare
EXP-20251025-001,REP-016,2025-10-25,Travel,285,true,false,Cab to hospital
EXP-20251104-001,REP-016,2025-11-04,Food,716,false,true,Working lunch
EXP-20251105-002,REP-016,2025-11-05,Samples,1403,true,true,Sample packs for HCP
EXP-20251108-001,REP-016,2025-11-08,Travel,973,true,true,Bus fare
EXP-20251109-001,REP-016,2025-11-09,Travel,1404,true,true,Cab to hospital
EXP-20251117-001,REP-016,2025-11-17,Lodging,2969,true,true,Guest house — 2 nights
EXP-20251119-002,REP-016,2025-11-19,Food,119,false,true,Snacks for meeting
EXP-20251125-002,REP-016,2025-11-25,Travel,593,true,true,Fuel reimbursement
EXP-20251124-001,REP-016,2025-11-24,Food,783,true,true,Dinner with HCP
EXP-20251201-001,REP-016,2025-12-01,Mobile,374,true,true,Roaming charges
EXP-20251212-002,REP-016,2025-12-12,Samples,1012,true,true,Sample packs for HCP
EXP-20251215-001,REP-016,2025-12-15,Food,725,true,true,Dinner with HCP
EXP-20251224-002,REP-016,2025-12-24,Food,626,false,true,Working lunch
EXP-20251220-002,REP-016,2025-12-20,Food,126,true,true,Team lunch with HCP
EXP-20260102-001,REP-016,2026-01-02,Travel,1059,true,true,Bus fare
EXP-20260102-002,REP-016,2026-01-02,Lodging,2018,true,true,Guest house — 2 nights
EXP-20260108-003,REP-016,2026-01-08,Travel,265,false,true,Fuel reimbursement
EXP-20260110-001,REP-016,2026-01-10,Samples,522,true,true,Demo kit refill
EXP-20260114-001,REP-016,2026-01-14,Food,422,true,true,Team lunch with HCP
EXP-20260117-001,REP-016,2026-01-17,Food,700,true,true,Snacks for meeting
EXP-20260127-001,REP-016,2026-01-27,Travel,261,true,true,Cab to hospital
EXP-20260203-001,REP-016,2026-02-03,Travel,528,true,true,Cab to hospital
EXP-20260208-002,REP-016,2026-02-08,Travel,1182,true,true,Train ticket
EXP-20260219-001,REP-016,2026-02-19,Travel,1264,true,true,Bus fare
EXP-20260218-001,REP-016,2026-02-18,Samples,481,true,true,Product samples drop
EXP-20260226-002,REP-016,2026-02-26,Lodging,3789,true,true,Hotel stay — field trip
EXP-20260224-001,REP-016,2026-02-24,Food,229,true,true,Dinner with HCP
EXP-20260306-001,REP-016,2026-03-06,Travel,573,true,true,Train ticket
EXP-20260304-001,REP-016,2026-03-04,Travel,1490,true,true,Train ticket
EXP-20260313-003,REP-016,2026-03-13,Mobile,470,false,true,Mobile bill
EXP-20260308-001,REP-016,2026-03-08,Lodging,3278,true,true,Lodging — outstation visit
EXP-20260318-001,REP-016,2026-03-18,Lodging,1956,true,true,Hotel stay — field trip
EXP-20260316-002,REP-016,2026-03-16,Samples,916,true,true,Sample packs for HCP
EXP-20260324-002,REP-016,2026-03-24,Lodging,3742,true,true,Guest house — 2 nights
EXP-20260331-001,REP-016,2026-03-31,Travel,1441,true,true,Auto to clinic
EXP-20260328-002,REP-016,2026-03-28,Travel,415,true,true,Train ticket
EXP-20230403-001,REP-017,2023-04-03,Lodging,2664,true,true,Lodging — outstation visit
EXP-20230413-002,REP-017,2023-04-13,Food,649,true,true,Snacks for meeting
EXP-20230409-001,REP-017,2023-04-09,Food,156,true,true,Coffee meeting
EXP-20230417-001,REP-017,2023-04-17,Travel,1293,true,true,Fuel reimbursement
EXP-20230427-001,REP-017,2023-04-27,Other,137,true,true,Printing materials
EXP-20230430-001,REP-017,2023-04-30,Mobile,597,true,true,Internet recharge
EXP-20230511-001,REP-017,2023-05-11,Food,165,false,true,Team lunch with HCP
EXP-20230517-003,REP-017,2023-05-17,Travel,1242,false,true,Train ticket
EXP-20230517-004,REP-017,2023-05-17,Travel,663,true,true,Bus fare
EXP-20230521-001,REP-017,2023-05-21,Mobile,409,true,true,Roaming charges
EXP-20230521-002,REP-017,2023-05-21,Food,195,true,true,Coffee meeting
EXP-20230529-001,REP-017,2023-05-29,Samples,617,true,true,Product samples drop
EXP-20230603-002,REP-017,2023-06-03,Travel,1717,true,true,Bus fare
EXP-20230608-001,REP-017,2023-06-08,Travel,1765,true,true,Fuel reimbursement
EXP-20230612-001,REP-017,2023-06-12,Conference,1036,true,true,CME event fees
EXP-20230621-001,REP-017,2023-06-21,Lodging,3626,true,false,Hotel stay — field trip
EXP-20230628-001,REP-017,2023-06-28,Other,888,true,true,Misc expense
EXP-20230701-001,REP-017,2023-07-01,Lodging,2592,true,true,Lodging — outstation visit
EXP-20230704-002,REP-017,2023-07-04,Travel,315,true,true,Auto to clinic
EXP-20230711-001,REP-017,2023-07-11,Travel,1558,true,true,Train ticket
EXP-20230712-001,REP-017,2023-07-12,Travel,1706,true,false,Fuel reimbursement
EXP-20230716-001,REP-017,2023-07-16,Travel,1692,true,true,Cab to hospital
EXP-20230726-001,REP-017,2023-07-26,Travel,1630,true,true,Bus fare
EXP-20230730-001,REP-017,2023-07-30,Travel,473,true,true,Train ticket
EXP-20230730-002,REP-017,2023-07-30,Travel,783,true,true,Cab to hospital
EXP-20230809-002,REP-017,2023-08-09,Other,1668,true,true,Misc expense
EXP-20230812-003,REP-017,2023-08-12,Food,276,true,true,Working lunch
EXP-20230815-001,REP-017,2023-08-15,Lodging,2906,true,true,Hotel stay — field trip
EXP-20230821-001,REP-017,2023-08-21,Samples,646,true,true,Sample packs for HCP
EXP-20230820-002,REP-017,2023-08-20,Travel,1484,true,true,Train ticket
EXP-20230826-001,REP-017,2023-08-26,Travel,958,true,true,Train ticket
EXP-20230901-002,REP-017,2023-09-01,Conference,3678,false,true,CME event fees
EXP-20230908-002,REP-017,2023-09-08,Lodging,2921,true,false,Lodging — outstation visit
EXP-20230910-001,REP-017,2023-09-10,Samples,1184,true,true,Sample packs for HCP
EXP-20230912-001,REP-017,2023-09-12,Travel,1200,true,true,Auto to clinic
EXP-20230922-003,REP-017,2023-09-22,Food,265,true,true,Team lunch with HCP
EXP-20230929-002,REP-017,2023-09-29,Samples,907,true,true,Product samples drop
EXP-20231004-002,REP-017,2023-10-04,Travel,602,true,true,Cab to hospital
EXP-20231010-001,REP-017,2023-10-10,Food,785,true,true,Dinner with HCP
EXP-20231011-001,REP-017,2023-10-11,Other,423,true,true,Printing materials
EXP-20231014-001,REP-017,2023-10-14,Samples,1412,true,true,Product samples drop
EXP-20231024-001,REP-017,2023-10-24,Travel,1654,true,true,Bus fare
EXP-20231026-002,REP-017,2023-10-26,Travel,652,true,true,Fuel reimbursement
EXP-20231029-001,REP-017,2023-10-29,Travel,1024,true,true,Auto to clinic
EXP-20231106-001,REP-017,2023-11-06,Mobile,418,true,false,Internet recharge
EXP-20231109-002,REP-017,2023-11-09,Travel,1473,true,true,Train ticket
EXP-20231117-002,REP-017,2023-11-17,Conference,3707,true,true,Doctor meet sponsorship
EXP-20231121-001,REP-017,2023-11-21,Travel,959,true,true,Train ticket
EXP-20231122-001,REP-017,2023-11-22,Travel,927,true,true,Fuel reimbursement
EXP-20231201-002,REP-017,2023-12-01,Travel,913,true,false,Fuel reimbursement
EXP-20231130-002,REP-017,2023-11-30,Travel,357,true,true,Fuel reimbursement
EXP-20231204-002,REP-017,2023-12-04,Lodging,2966,true,true,Hotel stay — field trip
EXP-20231213-001,REP-017,2023-12-13,Samples,78,true,true,Sample packs for HCP
EXP-20231213-002,REP-017,2023-12-13,Travel,559,true,true,Train ticket
EXP-20231217-002,REP-017,2023-12-17,Conference,4062,true,true,Conference registration
EXP-20231228-001,REP-017,2023-12-28,Travel,920,true,true,Bus fare
EXP-20231229-001,REP-017,2023-12-29,Travel,1487,true,true,Train ticket
EXP-20240101-002,REP-017,2024-01-01,Food,631,true,true,Working lunch
EXP-20240110-001,REP-017,2024-01-10,Travel,1977,true,true,Cab to hospital
EXP-20240106-001,REP-017,2024-01-06,Travel,1418,true,true,Auto to clinic
EXP-20240114-001,REP-017,2024-01-14,Samples,394,true,true,Demo kit refill
EXP-20240122-001,REP-017,2024-01-22,Travel,802,true,true,Cab to hospital
EXP-20240122-002,REP-017,2024-01-22,Food,521,true,true,Snacks for meeting
EXP-20240201-001,REP-017,2024-02-01,Travel,648,true,true,Cab to hospital
EXP-20240204-001,REP-017,2024-02-04,Travel,1472,true,true,Bus fare
EXP-20240216-002,REP-017,2024-02-16,Travel,1195,true,true,Fuel reimbursement
EXP-20240221-001,REP-017,2024-02-21,Travel,699,true,true,Train ticket
EXP-20240220-002,REP-017,2024-02-20,Travel,1407,true,true,Bus fare
EXP-20240227-002,REP-017,2024-02-27,Food,586,true,false,Dinner with HCP
EXP-20240225-001,REP-017,2024-02-25,Conference,3708,true,true,Conference registration
EXP-20240307-002,REP-017,2024-03-07,Mobile,168,true,true,Mobile bill
EXP-20240306-003,REP-017,2024-03-06,Food,629,true,true,Snacks for meeting
EXP-20240314-001,REP-017,2024-03-14,Travel,1345,true,true,Train ticket
EXP-20240315-002,REP-017,2024-03-15,Travel,1897,true,true,Train ticket
EXP-20240318-003,REP-017,2024-03-18,Travel,474,true,true,Bus fare
EXP-20240326-001,REP-017,2024-03-26,Other,637,true,true,Misc expense
EXP-20240326-002,REP-017,2024-03-26,Lodging,2633,true,true,Guest house — 2 nights
EXP-20240404-001,REP-017,2024-04-04,Mobile,370,true,true,Roaming charges
EXP-20240402-002,REP-017,2024-04-02,Food,523,true,true,Dinner with HCP
EXP-20240409-001,REP-017,2024-04-09,Travel,1768,true,true,Cab to hospital
EXP-20240417-001,REP-017,2024-04-17,Samples,690,true,true,Sample packs for HCP
EXP-20240420-001,REP-017,2024-04-20,Travel,417,true,true,Fuel reimbursement
EXP-20240427-001,REP-017,2024-04-27,Travel,813,true,true,Fuel reimbursement
EXP-20240429-001,REP-017,2024-04-29,Food,167,true,true,Dinner with HCP
EXP-20240504-001,REP-017,2024-05-04,Mobile,602,true,true,Mobile bill
EXP-20240505-001,REP-017,2024-05-05,Mobile,600,true,true,Roaming charges
EXP-20240517-002,REP-017,2024-05-17,Travel,302,true,true,Fuel reimbursement
EXP-20240512-001,REP-017,2024-05-12,Food,674,true,true,Coffee meeting
EXP-20240524-002,REP-017,2024-05-24,Food,160,true,true,Coffee meeting
EXP-20240526-003,REP-017,2024-05-26,Lodging,2609,true,false,Hotel stay — field trip
EXP-20240607-001,REP-017,2024-06-07,Lodging,2962,true,true,Lodging — outstation visit
EXP-20240605-001,REP-017,2024-06-05,Food,656,true,true,Team lunch with HCP
EXP-20240610-001,REP-017,2024-06-10,Food,566,true,true,Team lunch with HCP
EXP-20240616-002,REP-017,2024-06-16,Food,641,false,true,Working lunch
EXP-20240617-001,REP-017,2024-06-17,Travel,1408,true,true,Fuel reimbursement
EXP-20240623-002,REP-017,2024-06-23,Lodging,2138,true,true,Lodging — outstation visit
EXP-20240630-004,REP-017,2024-06-30,Travel,1457,true,true,Fuel reimbursement
EXP-20240709-002,REP-017,2024-07-09,Food,193,true,true,Snacks for meeting
EXP-20240715-004,REP-017,2024-07-15,Travel,1515,true,false,Auto to clinic
EXP-20240717-001,REP-017,2024-07-17,Mobile,737,true,true,Mobile bill
EXP-20240726-001,REP-017,2024-07-26,Travel,289,true,true,Train ticket
EXP-20240801-001,REP-017,2024-08-01,Travel,1029,true,true,Auto to clinic
EXP-20240802-001,REP-017,2024-08-02,Lodging,3980,true,true,Lodging — outstation visit
EXP-20240804-001,REP-017,2024-08-04,Lodging,2044,true,true,Guest house — 2 nights
EXP-20240816-001,REP-017,2024-08-16,Food,521,true,true,Working lunch
EXP-20240813-002,REP-017,2024-08-13,Lodging,2172,false,true,Guest house — 2 nights
EXP-20240822-001,REP-017,2024-08-22,Conference,3727,true,true,CME event fees
EXP-20240819-001,REP-017,2024-08-19,Samples,868,false,true,Demo kit refill
EXP-20240824-001,REP-017,2024-08-24,Lodging,2376,true,true,Guest house — 2 nights
EXP-20240825-002,REP-017,2024-08-25,Food,144,true,true,Team lunch with HCP
EXP-20240901-002,REP-017,2024-09-01,Samples,323,true,true,Demo kit refill
EXP-20240908-002,REP-017,2024-09-08,Samples,1106,true,true,Demo kit refill
EXP-20240907-002,REP-017,2024-09-07,Travel,1352,true,true,Cab to hospital
EXP-20240916-001,REP-017,2024-09-16,Lodging,2010,true,true,Hotel stay — field trip
EXP-20240916-002,REP-017,2024-09-16,Travel,1964,true,false,Train ticket
EXP-20240925-001,REP-017,2024-09-25,Samples,1013,true,true,Demo kit refill
EXP-20240930-001,REP-017,2024-09-30,Lodging,2672,true,true,Hotel stay — field trip
EXP-20241010-001,REP-017,2024-10-10,Food,208,true,true,Working lunch
EXP-20241010-002,REP-017,2024-10-10,Travel,231,true,true,Auto to clinic
EXP-20241017-003,REP-017,2024-10-17,Travel,719,true,true,Cab to hospital
EXP-20241012-002,REP-017,2024-10-12,Travel,1549,true,true,Fuel reimbursement
EXP-20241020-001,REP-017,2024-10-20,Travel,1322,true,true,Train ticket
EXP-20241029-001,REP-017,2024-10-29,Lodging,3362,true,true,Hotel stay — field trip
EXP-20241102-002,REP-017,2024-11-02,Food,120,false,true,Dinner with HCP
EXP-20241115-002,REP-017,2024-11-15,Food,295,true,true,Coffee meeting
EXP-20241116-001,REP-017,2024-11-16,Travel,1597,false,true,Auto to clinic
EXP-20241118-001,REP-017,2024-11-18,Travel,1509,true,true,Train ticket
EXP-20241127-001,REP-017,2024-11-27,Travel,1904,true,false,Auto to clinic
EXP-20241204-002,REP-017,2024-12-04,Samples,858,true,true,Demo kit refill
EXP-20241210-001,REP-017,2024-12-10,Food,687,true,true,Dinner with HCP
EXP-20241207-001,REP-017,2024-12-07,Conference,2579,true,true,Conference registration
EXP-20241219-002,REP-017,2024-12-19,Travel,1494,true,true,Fuel reimbursement
EXP-20241216-001,REP-017,2024-12-16,Samples,447,true,true,Product samples drop
EXP-20241222-001,REP-017,2024-12-22,Travel,865,true,true,Cab to hospital
EXP-20241229-001,REP-017,2024-12-29,Food,456,true,true,Working lunch
EXP-20250108-003,REP-017,2025-01-08,Food,511,true,true,Working lunch
EXP-20250106-002,REP-017,2025-01-06,Travel,1557,false,true,Bus fare
EXP-20250116-001,REP-017,2025-01-16,Samples,374,true,true,Product samples drop
EXP-20250112-002,REP-017,2025-01-12,Travel,1412,true,true,Fuel reimbursement
EXP-20250118-002,REP-017,2025-01-18,Samples,83,true,true,Demo kit refill
EXP-20250126-001,REP-017,2025-01-26,Food,559,true,true,Snacks for meeting
EXP-20250204-001,REP-017,2025-02-04,Samples,946,true,true,Product samples drop
EXP-20250214-004,REP-017,2025-02-14,Food,233,false,true,Working lunch
EXP-20250210-001,REP-017,2025-02-10,Travel,1076,true,true,Fuel reimbursement
EXP-20250219-001,REP-017,2025-02-19,Travel,929,true,true,Cab to hospital
EXP-20250216-003,REP-017,2025-02-16,Travel,1913,false,true,Fuel reimbursement
EXP-20250227-001,REP-017,2025-02-27,Samples,463,true,true,Demo kit refill
EXP-20250304-003,REP-017,2025-03-04,Lodging,2014,false,true,Hotel stay — field trip
EXP-20250312-002,REP-017,2025-03-12,Mobile,637,true,true,Mobile bill
EXP-20250308-002,REP-017,2025-03-08,Travel,1360,true,true,Bus fare
EXP-20250320-003,REP-017,2025-03-20,Lodging,3750,true,true,Hotel stay — field trip
EXP-20250322-003,REP-017,2025-03-22,Travel,424,false,true,Auto to clinic
EXP-20250326-001,REP-017,2025-03-26,Other,428,true,true,Printing materials
EXP-20250330-001,REP-017,2025-03-30,Travel,490,true,true,Cab to hospital
EXP-20250405-001,REP-017,2025-04-05,Mobile,463,true,true,Internet recharge
EXP-20250405-002,REP-017,2025-04-05,Travel,805,true,true,Auto to clinic
EXP-20250414-001,REP-017,2025-04-14,Food,515,true,true,Dinner with HCP
EXP-20250423-002,REP-017,2025-04-23,Travel,1964,true,true,Cab to hospital
EXP-20250422-003,REP-017,2025-04-22,Samples,1341,true,true,Sample packs for HCP
EXP-20250501-001,REP-017,2025-05-01,Mobile,526,false,true,Internet recharge
EXP-20250426-001,REP-017,2025-04-26,Travel,502,true,false,Bus fare
EXP-20250508-001,REP-017,2025-05-08,Travel,926,true,true,Train ticket
EXP-20250512-002,REP-017,2025-05-12,Travel,1423,true,true,Auto to clinic
EXP-20250515-002,REP-017,2025-05-15,Lodging,2716,true,true,Lodging — outstation visit
EXP-20250517-002,REP-017,2025-05-17,Lodging,2028,true,true,Lodging — outstation visit
EXP-20250523-001,REP-017,2025-05-23,Travel,933,true,true,Auto to clinic
EXP-20250526-002,REP-017,2025-05-26,Samples,94,true,true,Demo kit refill
EXP-20250605-003,REP-017,2025-06-05,Travel,1461,true,true,Train ticket
EXP-20250603-001,REP-017,2025-06-03,Food,206,true,true,Team lunch with HCP
EXP-20250611-002,REP-017,2025-06-11,Travel,514,true,true,Cab to hospital
EXP-20250619-001,REP-017,2025-06-19,Food,341,true,true,Working lunch
EXP-20250615-003,REP-017,2025-06-15,Food,787,true,true,Coffee meeting
EXP-20250621-002,REP-017,2025-06-21,Mobile,113,true,true,Roaming charges
EXP-20250703-001,REP-017,2025-07-03,Samples,985,true,true,Demo kit refill
EXP-20250711-001,REP-017,2025-07-11,Food,286,true,true,Working lunch
EXP-20250712-002,REP-017,2025-07-12,Food,653,true,true,Team lunch with HCP
EXP-20250716-003,REP-017,2025-07-16,Travel,1004,true,true,Auto to clinic
EXP-20250720-001,REP-017,2025-07-20,Food,287,true,true,Dinner with HCP
EXP-20250729-003,REP-017,2025-07-29,Travel,431,true,true,Auto to clinic
EXP-20250730-001,REP-017,2025-07-30,Travel,1709,true,true,Fuel reimbursement
EXP-20250806-001,REP-017,2025-08-06,Travel,766,true,true,Fuel reimbursement
EXP-20250804-002,REP-017,2025-08-04,Travel,524,true,true,Fuel reimbursement
EXP-20250810-001,REP-017,2025-08-10,Lodging,3130,true,true,Lodging — outstation visit
EXP-20250811-002,REP-017,2025-08-11,Lodging,3322,true,true,Hotel stay — field trip
EXP-20250819-002,REP-017,2025-08-19,Travel,1646,true,true,Auto to clinic
EXP-20250820-002,REP-017,2025-08-20,Travel,1885,true,true,Train ticket
EXP-20250825-002,REP-017,2025-08-25,Travel,294,true,true,Bus fare
EXP-20250826-002,REP-017,2025-08-26,Food,463,true,true,Coffee meeting
EXP-20250830-001,REP-017,2025-08-30,Travel,1162,true,true,Cab to hospital
EXP-20250901-001,REP-017,2025-09-01,Samples,1105,true,true,Sample packs for HCP
EXP-20250906-001,REP-017,2025-09-06,Travel,1076,true,true,Auto to clinic
EXP-20250913-001,REP-017,2025-09-13,Food,241,true,true,Dinner with HCP
EXP-20250923-002,REP-017,2025-09-23,Travel,805,true,true,Auto to clinic
EXP-20250920-001,REP-017,2025-09-20,Lodging,2917,true,true,Hotel stay — field trip
EXP-20250929-002,REP-017,2025-09-29,Food,243,true,true,Team lunch with HCP
EXP-20250929-003,REP-017,2025-09-29,Food,549,true,true,Coffee meeting
EXP-20251008-001,REP-017,2025-10-08,Lodging,2837,true,true,Hotel stay — field trip
EXP-20251007-002,REP-017,2025-10-07,Food,546,true,true,Team lunch with HCP
EXP-20251017-001,REP-017,2025-10-17,Food,139,true,true,Snacks for meeting
EXP-20251022-001,REP-017,2025-10-22,Travel,1514,true,true,Auto to clinic
EXP-20251020-001,REP-017,2025-10-20,Food,121,true,true,Coffee meeting
EXP-20251026-002,REP-017,2025-10-26,Food,322,false,true,Coffee meeting
EXP-20251031-002,REP-017,2025-10-31,Other,1266,true,true,Misc expense
EXP-20251107-001,REP-017,2025-11-07,Travel,1855,true,true,Auto to clinic
EXP-20251106-002,REP-017,2025-11-06,Samples,410,true,true,Demo kit refill
EXP-20251109-002,REP-017,2025-11-09,Food,114,true,true,Working lunch
EXP-20251119-003,REP-017,2025-11-19,Travel,1061,true,true,Cab to hospital
EXP-20251115-002,REP-017,2025-11-15,Travel,1161,true,true,Auto to clinic
EXP-20251127-001,REP-017,2025-11-27,Lodging,3082,true,true,Guest house — 2 nights
EXP-20251124-002,REP-017,2025-11-24,Travel,663,true,true,Cab to hospital
EXP-20251204-001,REP-017,2025-12-04,Travel,1065,false,true,Train ticket
EXP-20251209-001,REP-017,2025-12-09,Travel,572,true,true,Train ticket
EXP-20251206-003,REP-017,2025-12-06,Travel,502,true,true,Bus fare
EXP-20251218-001,REP-017,2025-12-18,Samples,985,true,true,Demo kit refill
EXP-20251217-001,REP-017,2025-12-17,Food,279,true,true,Dinner with HCP
EXP-20251223-001,REP-017,2025-12-23,Travel,1623,true,true,Fuel reimbursement
EXP-20251227-001,REP-017,2025-12-27,Samples,1099,true,true,Product samples drop
EXP-20251228-001,REP-017,2025-12-28,Travel,747,true,true,Auto to clinic
EXP-20260104-001,REP-017,2026-01-04,Food,134,true,true,Coffee meeting
EXP-20260104-002,REP-017,2026-01-04,Food,730,true,true,Working lunch
EXP-20260112-001,REP-017,2026-01-12,Travel,947,true,true,Bus fare
EXP-20260114-002,REP-017,2026-01-14,Lodging,2621,true,true,Lodging — outstation visit
EXP-20260120-002,REP-017,2026-01-20,Food,108,true,false,Coffee meeting
EXP-20260130-001,REP-017,2026-01-30,Food,324,false,true,Coffee meeting
EXP-20260205-001,REP-017,2026-02-05,Travel,1861,true,true,Fuel reimbursement
EXP-20260212-002,REP-017,2026-02-12,Travel,538,true,true,Bus fare
EXP-20260215-001,REP-017,2026-02-15,Samples,288,true,true,Product samples drop
EXP-20260220-003,REP-017,2026-02-20,Food,653,true,true,Working lunch
EXP-20260222-001,REP-017,2026-02-22,Lodging,2921,true,true,Guest house — 2 nights
EXP-20260227-001,REP-017,2026-02-27,Samples,1192,true,false,Sample packs for HCP
EXP-20260306-002,REP-017,2026-03-06,Samples,692,true,true,Product samples drop
EXP-20260310-001,REP-017,2026-03-10,Travel,2000,true,true,Fuel reimbursement
EXP-20260318-002,REP-017,2026-03-18,Travel,1669,true,true,Train ticket
EXP-20260322-001,REP-017,2026-03-22,Travel,943,true,true,Fuel reimbursement
EXP-20260323-002,REP-017,2026-03-23,Samples,946,true,true,Demo kit refill
EXP-20260330-001,REP-017,2026-03-30,Travel,658,true,true,Auto to clinic
EXP-20230409-002,REP-018,2023-04-09,Conference,2389,true,true,Doctor meet sponsorship
EXP-20230410-001,REP-018,2023-04-10,Other,1525,true,true,Misc expense
EXP-20230415-002,REP-018,2023-04-15,Travel,847,true,true,Train ticket
EXP-20230420-001,REP-018,2023-04-20,Lodging,2644,true,true,Hotel stay — field trip
EXP-20230426-001,REP-018,2023-04-26,Travel,1505,false,true,Auto to clinic
EXP-20230503-002,REP-018,2023-05-03,Travel,986,true,true,Bus fare
EXP-20230505-001,REP-018,2023-05-05,Lodging,3968,true,true,Guest house — 2 nights
EXP-20230511-002,REP-018,2023-05-11,Travel,1235,true,true,Bus fare
EXP-20230518-001,REP-018,2023-05-18,Travel,1434,true,true,Cab to hospital
EXP-20230530-001,REP-018,2023-05-30,Travel,866,true,true,Cab to hospital
EXP-20230603-003,REP-018,2023-06-03,Food,228,true,true,Team lunch with HCP
EXP-20230611-001,REP-018,2023-06-11,Travel,1301,false,true,Fuel reimbursement
EXP-20230615-001,REP-018,2023-06-15,Travel,1897,true,true,Fuel reimbursement
EXP-20230616-002,REP-018,2023-06-16,Travel,1260,true,true,Cab to hospital
EXP-20230627-004,REP-018,2023-06-27,Lodging,2108,false,true,Hotel stay — field trip
EXP-20230703-002,REP-018,2023-07-03,Mobile,646,true,true,Mobile bill
EXP-20230701-002,REP-018,2023-07-01,Travel,1486,true,true,Train ticket
EXP-20230711-002,REP-018,2023-07-11,Travel,1621,false,true,Fuel reimbursement
EXP-20230714-001,REP-018,2023-07-14,Samples,944,true,true,Sample packs for HCP
EXP-20230726-002,REP-018,2023-07-26,Travel,417,true,true,Train ticket
EXP-20230720-001,REP-018,2023-07-20,Travel,623,true,true,Auto to clinic
EXP-20230730-003,REP-018,2023-07-30,Lodging,3865,true,true,Guest house — 2 nights
EXP-20230807-002,REP-018,2023-08-07,Lodging,4220,true,false,Hotel stay — field trip
EXP-20230803-001,REP-018,2023-08-03,Travel,1338,true,true,Cab to hospital
EXP-20230813-001,REP-018,2023-08-13,Samples,1016,true,true,Demo kit refill
EXP-20230810-001,REP-018,2023-08-10,Travel,1589,true,true,Fuel reimbursement
EXP-20230820-003,REP-018,2023-08-20,Travel,1258,true,true,Auto to clinic
EXP-20230829-003,REP-018,2023-08-29,Travel,832,true,true,Train ticket
EXP-20230906-002,REP-018,2023-09-06,Lodging,3737,true,true,Hotel stay — field trip
EXP-20230903-001,REP-018,2023-09-03,Travel,1735,true,true,Auto to clinic
EXP-20230907-001,REP-018,2023-09-07,Conference,724,true,true,Conference registration
EXP-20230917-001,REP-018,2023-09-17,Travel,859,true,true,Bus fare
EXP-20230919-001,REP-018,2023-09-19,Travel,448,true,true,Fuel reimbursement
EXP-20230927-001,REP-018,2023-09-27,Travel,1823,true,true,Train ticket
EXP-20231003-001,REP-018,2023-10-03,Food,503,true,true,Coffee meeting
EXP-20230928-003,REP-018,2023-09-28,Travel,958,true,true,Bus fare
EXP-20231007-002,REP-018,2023-10-07,Lodging,2048,true,true,Lodging — outstation visit
EXP-20231014-002,REP-018,2023-10-14,Lodging,1796,true,true,Guest house — 2 nights
EXP-20231012-002,REP-018,2023-10-12,Food,506,true,true,Working lunch
EXP-20231020-002,REP-018,2023-10-20,Travel,1542,false,true,Train ticket
EXP-20231026-003,REP-018,2023-10-26,Mobile,623,true,true,Roaming charges
EXP-20231108-001,REP-018,2023-11-08,Lodging,1637,true,true,Hotel stay — field trip
EXP-20231115-001,REP-018,2023-11-15,Travel,246,true,true,Cab to hospital
EXP-20231110-001,REP-018,2023-11-10,Travel,514,true,true,Bus fare
EXP-20231119-003,REP-018,2023-11-19,Lodging,1806,true,true,Hotel stay — field trip
EXP-20231117-003,REP-018,2023-11-17,Travel,789,true,true,Cab to hospital
EXP-20231129-001,REP-018,2023-11-29,Lodging,1616,true,true,Hotel stay — field trip
EXP-20231204-003,REP-018,2023-12-04,Samples,1409,true,false,Demo kit refill
EXP-20231130-003,REP-018,2023-11-30,Food,450,true,true,Dinner with HCP
EXP-20231213-003,REP-018,2023-12-13,Lodging,3964,true,true,Guest house — 2 nights
EXP-20231214-002,REP-018,2023-12-14,Food,743,false,true,Dinner with HCP
EXP-20231219-001,REP-018,2023-12-19,Food,744,true,true,Snacks for meeting
EXP-20231223-001,REP-018,2023-12-23,Travel,679,false,true,Bus fare
EXP-20231231-002,REP-018,2023-12-31,Lodging,2455,true,true,Lodging — outstation visit
EXP-20240106-002,REP-018,2024-01-06,Food,330,true,true,Dinner with HCP
EXP-20240112-001,REP-018,2024-01-12,Travel,1703,true,true,Fuel reimbursement
EXP-20240111-002,REP-018,2024-01-11,Travel,1001,true,true,Cab to hospital
EXP-20240120-001,REP-018,2024-01-20,Food,768,true,true,Working lunch
EXP-20240131-001,REP-018,2024-01-31,Samples,162,true,true,Demo kit refill
EXP-20240125-001,REP-018,2024-01-25,Food,536,true,true,Team lunch with HCP
EXP-20240203-001,REP-018,2024-02-03,Travel,1308,true,true,Cab to hospital
EXP-20240201-002,REP-018,2024-02-01,Lodging,2670,true,true,Hotel stay — field trip
EXP-20240209-001,REP-018,2024-02-09,Conference,1330,true,true,CME event fees
EXP-20240216-003,REP-018,2024-02-16,Travel,1866,true,true,Cab to hospital
EXP-20240219-001,REP-018,2024-02-19,Travel,600,true,true,Cab to hospital
EXP-20240222-001,REP-018,2024-02-22,Food,305,true,true,Working lunch
EXP-20240305-001,REP-018,2024-03-05,Food,244,true,true,Team lunch with HCP
EXP-20240313-001,REP-018,2024-03-13,Food,782,false,true,Team lunch with HCP
EXP-20240312-002,REP-018,2024-03-12,Samples,554,false,true,Demo kit refill
EXP-20240318-004,REP-018,2024-03-18,Samples,881,true,true,Demo kit refill
EXP-20240324-001,REP-018,2024-03-24,Food,754,false,true,Dinner with HCP
EXP-20240325-001,REP-018,2024-03-25,Food,160,true,true,Coffee meeting
EXP-20240329-001,REP-018,2024-03-29,Lodging,2963,false,true,Guest house — 2 nights
EXP-20240330-002,REP-018,2024-03-30,Food,530,true,true,Dinner with HCP
EXP-20240407-002,REP-018,2024-04-07,Lodging,3870,true,true,Hotel stay — field trip
EXP-20240405-001,REP-018,2024-04-05,Travel,1501,true,true,Cab to hospital
EXP-20240417-002,REP-018,2024-04-17,Lodging,2773,true,true,Lodging — outstation visit
EXP-20240414-001,REP-018,2024-04-14,Travel,1429,true,true,Train ticket
EXP-20240423-001,REP-018,2024-04-23,Travel,616,true,true,Auto to clinic
EXP-20240428-002,REP-018,2024-04-28,Food,632,true,true,Snacks for meeting
EXP-20240425-003,REP-018,2024-04-25,Food,685,true,true,Coffee meeting
EXP-20240506-001,REP-018,2024-05-06,Travel,403,true,true,Auto to clinic
EXP-20240513-002,REP-018,2024-05-13,Lodging,2005,true,true,Lodging — outstation visit
EXP-20240510-001,REP-018,2024-05-10,Travel,632,true,true,Train ticket
EXP-20240520-001,REP-018,2024-05-20,Conference,3469,true,true,Conference registration
EXP-20240516-001,REP-018,2024-05-16,Travel,1477,true,true,Train ticket
EXP-20240528-001,REP-018,2024-05-28,Food,708,true,true,Coffee meeting
EXP-20240525-002,REP-018,2024-05-25,Travel,572,true,true,Bus fare
EXP-20240602-001,REP-018,2024-06-02,Food,228,true,true,Working lunch
EXP-20240606-001,REP-018,2024-06-06,Mobile,672,true,true,Internet recharge
EXP-20240610-002,REP-018,2024-06-10,Samples,132,true,true,Product samples drop
EXP-20240614-002,REP-018,2024-06-14,Travel,1552,true,true,Cab to hospital
EXP-20240614-003,REP-018,2024-06-14,Travel,584,true,true,Train ticket
EXP-20240624-001,REP-018,2024-06-24,Samples,1266,true,true,Product samples drop
EXP-20240624-002,REP-018,2024-06-24,Travel,346,true,true,Cab to hospital
EXP-20240702-001,REP-018,2024-07-02,Travel,1906,true,true,Bus fare
EXP-20240629-001,REP-018,2024-06-29,Samples,84,true,true,Sample packs for HCP
EXP-20240706-001,REP-018,2024-07-06,Travel,1912,true,true,Cab to hospital
EXP-20240704-002,REP-018,2024-07-04,Travel,1953,true,true,Auto to clinic
EXP-20240717-002,REP-018,2024-07-17,Food,123,true,false,Team lunch with HCP
EXP-20240718-002,REP-018,2024-07-18,Mobile,222,true,true,Roaming charges
EXP-20240726-002,REP-018,2024-07-26,Food,193,true,true,Dinner with HCP
EXP-20240730-003,REP-018,2024-07-30,Food,194,true,true,Coffee meeting
EXP-20240801-002,REP-018,2024-08-01,Lodging,2904,true,true,Guest house — 2 nights
EXP-20240802-002,REP-018,2024-08-02,Mobile,543,true,true,Internet recharge
EXP-20240812-002,REP-018,2024-08-12,Food,703,true,true,Dinner with HCP
EXP-20240810-001,REP-018,2024-08-10,Travel,476,true,true,Fuel reimbursement
EXP-20240816-002,REP-018,2024-08-16,Travel,1273,true,true,Train ticket
EXP-20240819-002,REP-018,2024-08-19,Mobile,167,true,true,Roaming charges
EXP-20240828-002,REP-018,2024-08-28,Travel,1221,true,true,Fuel reimbursement
EXP-20240901-003,REP-018,2024-09-01,Food,123,true,true,Dinner with HCP
EXP-20240829-001,REP-018,2024-08-29,Travel,699,true,true,Bus fare
EXP-20240907-003,REP-018,2024-09-07,Samples,1433,true,true,Demo kit refill
EXP-20240912-002,REP-018,2024-09-12,Samples,727,true,true,Sample packs for HCP
EXP-20240917-001,REP-018,2024-09-17,Travel,899,true,true,Cab to hospital
EXP-20240923-002,REP-018,2024-09-23,Travel,1848,true,true,Cab to hospital
EXP-20240926-001,REP-018,2024-09-26,Food,263,true,false,Team lunch with HCP
EXP-20241008-001,REP-018,2024-10-08,Lodging,2186,true,true,Lodging — outstation visit
EXP-20241012-003,REP-018,2024-10-12,Mobile,345,false,true,Internet recharge
EXP-20241020-002,REP-018,2024-10-20,Travel,963,true,true,Cab to hospital
EXP-20241024-001,REP-018,2024-10-24,Travel,1578,true,true,Fuel reimbursement
EXP-20241028-001,REP-018,2024-10-28,Lodging,4899,true,false,Guest house — 2 nights
EXP-20241103-001,REP-018,2024-11-03,Mobile,720,true,true,Internet recharge
EXP-20241031-001,REP-018,2024-10-31,Food,122,false,true,Team lunch with HCP
EXP-20241111-001,REP-018,2024-11-11,Travel,1283,true,true,Bus fare
EXP-20241117-001,REP-018,2024-11-17,Travel,1630,true,true,Cab to hospital
EXP-20241126-001,REP-018,2024-11-26,Lodging,2854,true,true,Lodging — outstation visit
EXP-20241123-002,REP-018,2024-11-23,Travel,1110,true,true,Bus fare
EXP-20241128-002,REP-018,2024-11-28,Mobile,562,true,true,Roaming charges
EXP-20241209-002,REP-018,2024-12-09,Conference,4433,true,true,Conference registration
EXP-20241205-002,REP-018,2024-12-05,Lodging,3542,false,true,Lodging — outstation visit
EXP-20241215-002,REP-018,2024-12-15,Travel,348,true,true,Train ticket
EXP-20241220-002,REP-018,2024-12-20,Conference,792,true,true,Doctor meet sponsorship
EXP-20241224-002,REP-018,2024-12-24,Samples,122,true,true,Sample packs for HCP
EXP-20250101-001,REP-018,2025-01-01,Travel,1648,true,true,Train ticket
EXP-20241230-002,REP-018,2024-12-30,Lodging,3822,true,true,Hotel stay — field trip
EXP-20250108-004,REP-018,2025-01-08,Travel,1059,true,true,Bus fare
EXP-20250102-001,REP-018,2025-01-02,Travel,690,true,true,Fuel reimbursement
EXP-20250114-001,REP-018,2025-01-14,Food,717,true,true,Working lunch
EXP-20250119-002,REP-018,2025-01-19,Lodging,2236,true,true,Guest house — 2 nights
EXP-20250118-003,REP-018,2025-01-18,Mobile,788,false,true,Internet recharge
EXP-20250125-001,REP-018,2025-01-25,Mobile,598,true,true,Internet recharge
EXP-20250123-003,REP-018,2025-01-23,Travel,1952,true,true,Cab to hospital
EXP-20250205-001,REP-018,2025-02-05,Food,133,true,true,Dinner with HCP
EXP-20250203-003,REP-018,2025-02-03,Food,346,true,true,Working lunch
EXP-20250209-002,REP-018,2025-02-09,Travel,1062,true,true,Cab to hospital
EXP-20250212-001,REP-018,2025-02-12,Samples,756,true,true,Sample packs for HCP
EXP-20250213-001,REP-018,2025-02-13,Travel,1185,true,true,Auto to clinic
EXP-20250220-003,REP-018,2025-02-20,Lodging,3874,true,true,Lodging — outstation visit
EXP-20250302-001,REP-018,2025-03-02,Travel,343,true,false,Fuel reimbursement
EXP-20250311-001,REP-018,2025-03-11,Travel,1655,true,true,Bus fare
EXP-20250315-003,REP-018,2025-03-15,Samples,902,true,true,Product samples drop
EXP-20250317-002,REP-018,2025-03-17,Travel,1752,true,true,Bus fare
EXP-20250320-004,REP-018,2025-03-20,Travel,276,true,true,Fuel reimbursement
EXP-20250325-001,REP-018,2025-03-25,Conference,1109,true,true,Doctor meet sponsorship
EXP-20250329-001,REP-018,2025-03-29,Samples,654,true,true,Sample packs for HCP
EXP-20250329-002,REP-018,2025-03-29,Food,462,true,true,Coffee meeting
EXP-20250406-003,REP-018,2025-04-06,Other,56,true,true,Misc expense
EXP-20250405-003,REP-018,2025-04-05,Mobile,781,true,true,Roaming charges
EXP-20250415-001,REP-018,2025-04-15,Travel,392,true,true,Bus fare
EXP-20250413-002,REP-018,2025-04-13,Travel,1034,true,true,Cab to hospital
EXP-20250418-001,REP-018,2025-04-18,Samples,97,true,true,Product samples drop
EXP-20250421-001,REP-018,2025-04-21,Food,356,true,true,Coffee meeting
EXP-20250427-001,REP-018,2025-04-27,Food,769,true,true,Coffee meeting
EXP-20250429-003,REP-018,2025-04-29,Samples,382,true,true,Demo kit refill
EXP-20250502-002,REP-018,2025-05-02,Food,455,true,true,Snacks for meeting
EXP-20250512-003,REP-018,2025-05-12,Travel,1364,true,true,Cab to hospital
EXP-20250509-002,REP-018,2025-05-09,Food,270,true,true,Snacks for meeting
EXP-20250515-003,REP-018,2025-05-15,Travel,1262,true,true,Bus fare
EXP-20250528-003,REP-018,2025-05-28,Travel,213,true,true,Cab to hospital
EXP-20250603-002,REP-018,2025-06-03,Travel,1663,true,true,Cab to hospital
EXP-20250529-001,REP-018,2025-05-29,Food,680,true,true,Team lunch with HCP
EXP-20250608-001,REP-018,2025-06-08,Travel,1364,true,true,Cab to hospital
EXP-20250606-002,REP-018,2025-06-06,Travel,378,true,true,Auto to clinic
EXP-20250615-004,REP-018,2025-06-15,Travel,314,true,true,Auto to clinic
EXP-20250623-002,REP-018,2025-06-23,Travel,428,true,true,Bus fare
EXP-20250702-002,REP-018,2025-07-02,Food,210,true,true,Working lunch
EXP-20250630-002,REP-018,2025-06-30,Food,185,true,true,Coffee meeting
EXP-20250707-001,REP-018,2025-07-07,Food,675,true,true,Coffee meeting
EXP-20250712-003,REP-018,2025-07-12,Food,240,true,true,Coffee meeting
EXP-20250723-001,REP-018,2025-07-23,Food,614,true,true,Working lunch
EXP-20250720-002,REP-018,2025-07-20,Travel,1763,false,true,Bus fare
EXP-20250725-002,REP-018,2025-07-25,Food,640,true,false,Coffee meeting
EXP-20250726-001,REP-018,2025-07-26,Travel,748,true,true,Cab to hospital
EXP-20250804-003,REP-018,2025-08-04,Mobile,406,true,true,Roaming charges
EXP-20250806-002,REP-018,2025-08-06,Food,218,false,true,Team lunch with HCP
EXP-20250809-002,REP-018,2025-08-09,Travel,1874,true,true,Fuel reimbursement
EXP-20250810-002,REP-018,2025-08-10,Food,796,true,true,Snacks for meeting
EXP-20250818-002,REP-018,2025-08-18,Travel,1157,true,true,Bus fare
EXP-20250814-001,REP-018,2025-08-14,Travel,1002,true,true,Train ticket
EXP-20250823-002,REP-018,2025-08-23,Travel,1601,false,true,Fuel reimbursement
EXP-20250830-002,REP-018,2025-08-30,Travel,743,true,true,Auto to clinic
EXP-20250910-001,REP-018,2025-09-10,Travel,1312,true,true,Bus fare
EXP-20250905-002,REP-018,2025-09-05,Travel,1947,true,true,Train ticket
EXP-20250912-003,REP-018,2025-09-12,Food,252,true,true,Coffee meeting
EXP-20250913-002,REP-018,2025-09-13,Food,339,true,true,Coffee meeting
EXP-20250922-002,REP-018,2025-09-22,Samples,937,false,true,Sample packs for HCP
EXP-20250919-003,REP-018,2025-09-19,Conference,2193,true,true,Doctor meet sponsorship
EXP-20250926-001,REP-018,2025-09-26,Food,630,true,true,Working lunch
EXP-20251008-002,REP-018,2025-10-08,Food,597,true,true,Dinner with HCP
EXP-20251009-003,REP-018,2025-10-09,Lodging,2157,true,true,Hotel stay — field trip
EXP-20251017-002,REP-018,2025-10-17,Samples,499,true,true,Product samples drop
EXP-20251019-001,REP-018,2025-10-19,Food,230,true,false,Working lunch
EXP-20251023-003,REP-018,2025-10-23,Travel,1215,false,true,Bus fare
EXP-20251031-003,REP-018,2025-10-31,Travel,1498,true,true,Auto to clinic
EXP-20251112-002,REP-018,2025-11-12,Samples,1435,true,true,Sample packs for HCP
EXP-20251111-001,REP-018,2025-11-11,Lodging,3058,false,true,Lodging — outstation visit
EXP-20251119-004,REP-018,2025-11-19,Travel,1378,true,true,Fuel reimbursement
EXP-20251122-001,REP-018,2025-11-22,Food,312,true,true,Team lunch with HCP
EXP-20251128-002,REP-018,2025-11-28,Food,333,true,true,Dinner with HCP
EXP-20251204-002,REP-018,2025-12-04,Travel,1185,true,true,Cab to hospital
EXP-20251208-002,REP-018,2025-12-08,Travel,224,true,true,Fuel reimbursement
EXP-20251211-001,REP-018,2025-12-11,Food,284,true,true,Team lunch with HCP
EXP-20251221-001,REP-018,2025-12-21,Samples,491,true,true,Demo kit refill
EXP-20251226-001,REP-018,2025-12-26,Travel,503,true,true,Fuel reimbursement
EXP-20260101-003,REP-018,2026-01-01,Mobile,356,true,true,Internet recharge
EXP-20260112-002,REP-018,2026-01-12,Travel,1170,true,true,Fuel reimbursement
EXP-20260111-001,REP-018,2026-01-11,Food,168,true,true,Snacks for meeting
EXP-20260118-001,REP-018,2026-01-18,Travel,563,true,true,Cab to hospital
EXP-20260121-001,REP-018,2026-01-21,Food,493,true,true,Snacks for meeting
EXP-20260126-001,REP-018,2026-01-26,Food,427,true,true,Team lunch with HCP
EXP-20260127-002,REP-018,2026-01-27,Travel,1261,true,true,Train ticket
EXP-20260202-003,REP-018,2026-02-02,Travel,1262,true,true,Bus fare
EXP-20260206-001,REP-018,2026-02-06,Travel,925,true,true,Cab to hospital
EXP-20260213-001,REP-018,2026-02-13,Travel,1373,true,true,Fuel reimbursement
EXP-20260216-001,REP-018,2026-02-16,Lodging,2431,true,true,Lodging — outstation visit
EXP-20260224-002,REP-018,2026-02-24,Mobile,375,true,true,Roaming charges
EXP-20260227-002,REP-018,2026-02-27,Lodging,3696,true,true,Lodging — outstation visit
EXP-20260227-003,REP-018,2026-02-27,Travel,1530,true,false,Cab to hospital
EXP-20260308-002,REP-018,2026-03-08,Food,558,false,true,Snacks for meeting
EXP-20260315-002,REP-018,2026-03-15,Travel,1519,false,true,Bus fare
EXP-20260316-003,REP-018,2026-03-16,Travel,1280,true,true,Auto to clinic
EXP-20260325-001,REP-018,2026-03-25,Travel,695,false,true,Auto to clinic
EXP-20260328-003,REP-018,2026-03-28,Lodging,1872,false,true,Hotel stay — field trip
EXP-20230403-002,REP-019,2023-04-03,Food,184,true,true,Working lunch
EXP-20230410-002,REP-019,2023-04-10,Food,760,true,true,Team lunch with HCP
EXP-20230419-002,REP-019,2023-04-19,Travel,556,true,true,Bus fare
EXP-20230423-001,REP-019,2023-04-23,Travel,666,true,true,Cab to hospital
EXP-20230426-002,REP-019,2023-04-26,Food,460,true,true,Snacks for meeting
EXP-20230501-002,REP-019,2023-05-01,Travel,367,true,true,Bus fare
EXP-20230509-001,REP-019,2023-05-09,Samples,738,true,true,Sample packs for HCP
EXP-20230509-002,REP-019,2023-05-09,Mobile,373,true,true,Internet recharge
EXP-20230515-001,REP-019,2023-05-15,Travel,479,true,true,Bus fare
EXP-20230525-002,REP-019,2023-05-25,Samples,120,true,true,Product samples drop
EXP-20230522-003,REP-019,2023-05-22,Travel,792,true,true,Auto to clinic
EXP-20230530-002,REP-019,2023-05-30,Samples,869,true,true,Product samples drop
EXP-20230531-003,REP-019,2023-05-31,Lodging,3917,true,true,Lodging — outstation visit
EXP-20230607-001,REP-019,2023-06-07,Travel,1119,true,true,Cab to hospital
EXP-20230606-002,REP-019,2023-06-06,Food,549,true,true,Dinner with HCP
EXP-20230609-001,REP-019,2023-06-09,Travel,1371,true,true,Bus fare
EXP-20230620-001,REP-019,2023-06-20,Travel,1861,true,true,Cab to hospital
EXP-20230617-002,REP-019,2023-06-17,Travel,1077,true,true,Fuel reimbursement
EXP-20230628-002,REP-019,2023-06-28,Travel,1931,true,true,Train ticket
EXP-20230626-001,REP-019,2023-06-26,Travel,767,true,true,Fuel reimbursement
EXP-20230630-001,REP-019,2023-06-30,Food,498,true,true,Working lunch
EXP-20230701-003,REP-019,2023-07-01,Travel,525,true,false,Train ticket
EXP-20230708-001,REP-019,2023-07-08,Samples,1252,false,true,Sample packs for HCP
EXP-20230720-002,REP-019,2023-07-20,Food,299,true,true,Coffee meeting
EXP-20230726-003,REP-019,2023-07-26,Travel,1648,true,true,Train ticket
EXP-20230726-004,REP-019,2023-07-26,Food,304,true,true,Working lunch
EXP-20230729-001,REP-019,2023-07-29,Food,186,true,true,Working lunch
EXP-20230803-002,REP-019,2023-08-03,Travel,1572,true,true,Fuel reimbursement
EXP-20230806-001,REP-019,2023-08-06,Travel,873,false,true,Train ticket
EXP-20230808-001,REP-019,2023-08-08,Lodging,1558,true,true,Guest house — 2 nights
EXP-20230813-002,REP-019,2023-08-13,Travel,1892,true,true,Train ticket
EXP-20230823-001,REP-019,2023-08-23,Travel,928,true,false,Fuel reimbursement
EXP-20230823-002,REP-019,2023-08-23,Lodging,3528,true,true,Lodging — outstation visit
EXP-20230828-001,REP-019,2023-08-28,Travel,283,true,true,Cab to hospital
EXP-20230826-002,REP-019,2023-08-26,Food,747,true,true,Dinner with HCP
EXP-20230904-001,REP-019,2023-09-04,Food,605,true,true,Working lunch
EXP-20230902-001,REP-019,2023-09-02,Travel,353,true,true,Bus fare
EXP-20230911-002,REP-019,2023-09-11,Food,384,true,true,Dinner with HCP
EXP-20230914-001,REP-019,2023-09-14,Travel,541,true,true,Cab to hospital
EXP-20230920-001,REP-019,2023-09-20,Food,723,true,false,Coffee meeting
EXP-20230915-001,REP-019,2023-09-15,Food,772,true,true,Dinner with HCP
EXP-20230924-001,REP-019,2023-09-24,Travel,1908,true,true,Bus fare
EXP-20230927-002,REP-019,2023-09-27,Food,486,true,true,Snacks for meeting
EXP-20230929-003,REP-019,2023-09-29,Lodging,2187,false,true,Hotel stay — field trip
EXP-20231011-002,REP-019,2023-10-11,Food,566,false,true,Dinner with HCP
EXP-20231009-001,REP-019,2023-10-09,Food,745,true,true,Team lunch with HCP
EXP-20231013-002,REP-019,2023-10-13,Samples,200,true,true,Product samples drop
EXP-20231017-002,REP-019,2023-10-17,Food,601,true,true,Dinner with HCP
EXP-20231026-004,REP-019,2023-10-26,Travel,235,true,true,Bus fare
EXP-20231026-005,REP-019,2023-10-26,Lodging,2304,true,true,Hotel stay — field trip
EXP-20231027-001,REP-019,2023-10-27,Food,402,true,true,Working lunch
EXP-20231029-002,REP-019,2023-10-29,Travel,601,true,true,Cab to hospital
EXP-20231109-003,REP-019,2023-11-09,Food,408,true,true,Coffee meeting
EXP-20231110-002,REP-019,2023-11-10,Samples,784,true,true,Sample packs for HCP
EXP-20231119-004,REP-019,2023-11-19,Samples,234,true,true,Product samples drop
EXP-20231130-004,REP-019,2023-11-30,Lodging,1828,true,true,Lodging — outstation visit
EXP-20231204-004,REP-019,2023-12-04,Other,1739,true,true,Printing materials
EXP-20231205-001,REP-019,2023-12-05,Travel,1985,true,true,Cab to hospital
EXP-20231209-001,REP-019,2023-12-09,Travel,482,true,true,Fuel reimbursement
EXP-20231215-002,REP-019,2023-12-15,Travel,1150,true,true,Cab to hospital
EXP-20231219-002,REP-019,2023-12-19,Lodging,3534,true,true,Lodging — outstation visit
EXP-20231222-002,REP-019,2023-12-22,Food,222,true,true,Working lunch
EXP-20231225-002,REP-019,2023-12-25,Travel,1807,true,true,Auto to clinic
EXP-20240101-003,REP-019,2024-01-01,Food,155,true,true,Dinner with HCP
EXP-20240108-001,REP-019,2024-01-08,Travel,630,true,true,Train ticket
EXP-20240106-003,REP-019,2024-01-06,Travel,257,true,true,Fuel reimbursement
EXP-20240112-002,REP-019,2024-01-12,Lodging,2245,true,true,Hotel stay — field trip
EXP-20240121-002,REP-019,2024-01-21,Conference,554,true,false,Doctor meet sponsorship
EXP-20240201-003,REP-019,2024-02-01,Lodging,2096,false,true,Hotel stay — field trip
EXP-20240127-001,REP-019,2024-01-27,Food,279,false,true,Team lunch with HCP
EXP-20240206-002,REP-019,2024-02-06,Food,704,true,true,Coffee meeting
EXP-20240208-001,REP-019,2024-02-08,Mobile,452,false,true,Roaming charges
EXP-20240209-002,REP-019,2024-02-09,Mobile,394,true,true,Internet recharge
EXP-20240222-002,REP-019,2024-02-22,Mobile,436,false,true,Mobile bill
EXP-20240216-004,REP-019,2024-02-16,Travel,440,true,true,Bus fare
EXP-20240224-001,REP-019,2024-02-24,Travel,1362,true,true,Bus fare
EXP-20240303-001,REP-019,2024-03-03,Lodging,2199,true,true,Hotel stay — field trip
EXP-20240308-001,REP-019,2024-03-08,Samples,107,true,true,Product samples drop
EXP-20240321-001,REP-019,2024-03-21,Food,288,false,true,Team lunch with HCP
EXP-20240328-001,REP-019,2024-03-28,Conference,1699,true,true,Conference registration
EXP-20240329-002,REP-019,2024-03-29,Travel,1403,true,true,Cab to hospital
EXP-20240329-003,REP-019,2024-03-29,Travel,1391,false,true,Auto to clinic
EXP-20240407-003,REP-019,2024-04-07,Travel,1450,true,true,Bus fare
EXP-20240415-002,REP-019,2024-04-15,Lodging,2071,true,true,Lodging — outstation visit
EXP-20240423-002,REP-019,2024-04-23,Mobile,365,true,true,Mobile bill
EXP-20240420-002,REP-019,2024-04-20,Travel,1711,true,true,Bus fare
EXP-20240502-002,REP-019,2024-05-02,Food,577,true,true,Team lunch with HCP
EXP-20240508-001,REP-019,2024-05-08,Food,585,true,true,Coffee meeting
EXP-20240515-001,REP-019,2024-05-15,Travel,292,true,true,Cab to hospital
EXP-20240523-001,REP-019,2024-05-23,Lodging,3129,true,true,Hotel stay — field trip
EXP-20240530-001,REP-019,2024-05-30,Food,543,true,true,Coffee meeting
EXP-20240603-001,REP-019,2024-06-03,Travel,776,true,true,Auto to clinic
EXP-20240605-002,REP-019,2024-06-05,Food,583,true,true,Team lunch with HCP
EXP-20240607-002,REP-019,2024-06-07,Food,494,true,true,Dinner with HCP
EXP-20240607-003,REP-019,2024-06-07,Travel,1174,true,true,Fuel reimbursement
EXP-20240617-002,REP-019,2024-06-17,Travel,1414,true,true,Auto to clinic
EXP-20240616-003,REP-019,2024-06-16,Food,422,true,true,Coffee meeting
EXP-20240624-003,REP-019,2024-06-24,Travel,1152,true,true,Cab to hospital
EXP-20240627-001,REP-019,2024-06-27,Travel,734,true,true,Auto to clinic
EXP-20240702-002,REP-019,2024-07-02,Food,122,true,true,Dinner with HCP
EXP-20240711-001,REP-019,2024-07-11,Travel,723,true,true,Auto to clinic
EXP-20240712-001,REP-019,2024-07-12,Food,238,false,false,Working lunch
EXP-20240725-001,REP-019,2024-07-25,Food,380,true,true,Dinner with HCP
EXP-20240725-002,REP-019,2024-07-25,Travel,872,true,true,Cab to hospital
EXP-20240728-002,REP-019,2024-07-28,Travel,1844,true,true,Bus fare
EXP-20240726-003,REP-019,2024-07-26,Food,307,true,true,Working lunch
EXP-20240803-001,REP-019,2024-08-03,Samples,1338,true,false,Product samples drop
EXP-20240802-003,REP-019,2024-08-02,Food,137,true,true,Snacks for meeting
EXP-20240815-003,REP-019,2024-08-15,Mobile,217,false,true,Mobile bill
EXP-20240810-002,REP-019,2024-08-10,Travel,1649,true,true,Fuel reimbursement
EXP-20240822-002,REP-019,2024-08-22,Travel,945,true,true,Auto to clinic
EXP-20240824-002,REP-019,2024-08-24,Food,319,true,true,Coffee meeting
EXP-20240827-002,REP-019,2024-08-27,Travel,619,true,true,Fuel reimbursement
EXP-20240830-002,REP-019,2024-08-30,Lodging,1537,true,true,Guest house — 2 nights
EXP-20240909-001,REP-019,2024-09-09,Samples,515,true,true,Product samples drop
EXP-20240919-001,REP-019,2024-09-19,Travel,995,true,true,Auto to clinic
EXP-20240921-002,REP-019,2024-09-21,Samples,771,true,true,Sample packs for HCP
EXP-20240924-002,REP-019,2024-09-24,Travel,1197,true,true,Cab to hospital
EXP-20241002-003,REP-019,2024-10-02,Food,333,true,true,Dinner with HCP
EXP-20241006-001,REP-019,2024-10-06,Travel,1290,false,false,Cab to hospital
EXP-20241006-002,REP-019,2024-10-06,Travel,1122,true,true,Cab to hospital
EXP-20241012-004,REP-019,2024-10-12,Samples,803,true,true,Product samples drop
EXP-20241024-002,REP-019,2024-10-24,Food,375,true,true,Coffee meeting
EXP-20241030-002,REP-019,2024-10-30,Food,598,true,true,Working lunch
EXP-20241025-001,REP-019,2024-10-25,Mobile,228,true,true,Roaming charges
EXP-20241102-003,REP-019,2024-11-02,Food,795,false,true,Dinner with HCP
EXP-20241101-001,REP-019,2024-11-01,Travel,927,true,true,Fuel reimbursement
EXP-20241109-001,REP-019,2024-11-09,Travel,1496,true,true,Train ticket
EXP-20241120-002,REP-019,2024-11-20,Samples,782,true,true,Product samples drop
EXP-20241128-003,REP-019,2024-11-28,Lodging,3066,true,true,Hotel stay — field trip
EXP-20241201-005,REP-019,2024-12-01,Samples,1126,true,true,Demo kit refill
EXP-20241203-001,REP-019,2024-12-03,Mobile,147,true,true,Mobile bill
EXP-20241211-001,REP-019,2024-12-11,Samples,785,true,true,Product samples drop
EXP-20241207-002,REP-019,2024-12-07,Travel,1009,true,true,Train ticket
EXP-20241217-002,REP-019,2024-12-17,Travel,621,true,true,Cab to hospital
EXP-20241221-002,REP-019,2024-12-21,Lodging,3927,true,true,Guest house — 2 nights
EXP-20241221-003,REP-019,2024-12-21,Food,209,true,true,Team lunch with HCP
EXP-20241227-002,REP-019,2024-12-27,Travel,611,true,true,Train ticket
EXP-20230522-004,REP-020,2023-05-22,Travel,366,true,true,Auto to clinic
EXP-20230525-003,REP-020,2023-05-25,Travel,604,true,true,Auto to clinic
EXP-20230602-001,REP-020,2023-06-02,Conference,3029,true,true,Doctor meet sponsorship
EXP-20230528-001,REP-020,2023-05-28,Lodging,3209,true,true,Guest house — 2 nights
EXP-20230606-003,REP-020,2023-06-06,Lodging,1877,true,true,Lodging — outstation visit
EXP-20230610-003,REP-020,2023-06-10,Samples,1400,true,true,Sample packs for HCP
EXP-20230615-002,REP-020,2023-06-15,Travel,604,true,true,Auto to clinic
EXP-20230614-001,REP-020,2023-06-14,Food,275,true,true,Team lunch with HCP
EXP-20230623-001,REP-020,2023-06-23,Travel,1683,true,false,Auto to clinic
EXP-20230628-003,REP-020,2023-06-28,Food,799,true,true,Team lunch with HCP
EXP-20230701-004,REP-020,2023-07-01,Travel,1340,false,true,Fuel reimbursement
EXP-20230706-001,REP-020,2023-07-06,Travel,1332,true,true,Train ticket
EXP-20230714-002,REP-020,2023-07-14,Lodging,2896,true,true,Lodging — outstation visit
EXP-20230714-003,REP-020,2023-07-14,Food,798,true,true,Snacks for meeting
EXP-20230720-003,REP-020,2023-07-20,Food,439,true,true,Snacks for meeting
EXP-20230723-001,REP-020,2023-07-23,Samples,1068,true,true,Product samples drop
EXP-20230805-002,REP-020,2023-08-05,Samples,1255,true,true,Sample packs for HCP
EXP-20230730-004,REP-020,2023-07-30,Travel,1062,true,true,Cab to hospital
EXP-20230812-004,REP-020,2023-08-12,Travel,1147,true,true,Fuel reimbursement
EXP-20230809-003,REP-020,2023-08-09,Mobile,723,false,true,Mobile bill
EXP-20230815-002,REP-020,2023-08-15,Food,732,true,true,Coffee meeting
EXP-20230813-003,REP-020,2023-08-13,Samples,173,true,true,Demo kit refill
EXP-20230825-002,REP-020,2023-08-25,Lodging,3369,true,true,Lodging — outstation visit
EXP-20230828-002,REP-020,2023-08-28,Travel,1997,true,true,Cab to hospital
EXP-20230829-004,REP-020,2023-08-29,Travel,1434,true,true,Bus fare
EXP-20230905-002,REP-020,2023-09-05,Food,258,true,true,Dinner with HCP
EXP-20230912-002,REP-020,2023-09-12,Travel,558,true,true,Train ticket
EXP-20230921-001,REP-020,2023-09-21,Travel,1786,true,true,Train ticket
EXP-20230929-004,REP-020,2023-09-29,Samples,1290,true,true,Demo kit refill
EXP-20231005-001,REP-020,2023-10-05,Travel,1697,true,true,Fuel reimbursement
EXP-20231001-003,REP-020,2023-10-01,Travel,1572,true,true,Cab to hospital
EXP-20231011-003,REP-020,2023-10-11,Travel,327,true,true,Train ticket
EXP-20231013-003,REP-020,2023-10-13,Travel,839,true,true,Train ticket
EXP-20231015-001,REP-020,2023-10-15,Travel,1728,false,true,Fuel reimbursement
EXP-20231024-002,REP-020,2023-10-24,Samples,848,true,true,Product samples drop
EXP-20231103-001,REP-020,2023-11-03,Travel,827,true,true,Cab to hospital
EXP-20231102-003,REP-020,2023-11-02,Other,1015,true,true,Stationery
EXP-20231106-002,REP-020,2023-11-06,Mobile,520,true,true,Mobile bill
EXP-20231111-001,REP-020,2023-11-11,Travel,319,true,false,Auto to clinic
EXP-20231112-002,REP-020,2023-11-12,Food,461,true,true,Team lunch with HCP
EXP-20231117-004,REP-020,2023-11-17,Food,200,true,true,Snacks for meeting
EXP-20231125-002,REP-020,2023-11-25,Travel,1691,true,true,Train ticket
EXP-20231128-002,REP-020,2023-11-28,Travel,1245,true,true,Auto to clinic
EXP-20231203-001,REP-020,2023-12-03,Travel,1561,true,true,Cab to hospital
EXP-20231208-001,REP-020,2023-12-08,Travel,1834,true,true,Auto to clinic
EXP-20231211-001,REP-020,2023-12-11,Travel,1357,true,true,Auto to clinic
EXP-20231215-003,REP-020,2023-12-15,Travel,1958,true,true,Bus fare
EXP-20231223-002,REP-020,2023-12-23,Travel,1958,true,true,Fuel reimbursement
EXP-20231220-002,REP-020,2023-12-20,Travel,1350,false,true,Bus fare
EXP-20231225-003,REP-020,2023-12-25,Travel,1990,true,true,Fuel reimbursement
EXP-20240104-001,REP-020,2024-01-04,Travel,1470,false,true,Train ticket
EXP-20240107-001,REP-020,2024-01-07,Travel,884,true,true,Train ticket
EXP-20240107-002,REP-020,2024-01-07,Mobile,116,true,true,Roaming charges
EXP-20240120-002,REP-020,2024-01-20,Food,382,true,true,Snacks for meeting
EXP-20240118-002,REP-020,2024-01-18,Other,1602,true,true,Printing materials
EXP-20240125-002,REP-020,2024-01-25,Travel,881,true,false,Train ticket
EXP-20240202-004,REP-020,2024-02-02,Mobile,302,true,true,Roaming charges
EXP-20240130-001,REP-020,2024-01-30,Travel,1949,true,true,Cab to hospital
EXP-20240205-001,REP-020,2024-02-05,Travel,1503,true,true,Bus fare
EXP-20240211-002,REP-020,2024-02-11,Travel,1726,true,true,Auto to clinic
EXP-20240213-002,REP-020,2024-02-13,Travel,417,true,true,Cab to hospital
EXP-20240218-003,REP-020,2024-02-18,Travel,956,true,true,Bus fare
EXP-20240220-003,REP-020,2024-02-20,Food,778,true,true,Working lunch
EXP-20240302-001,REP-020,2024-03-02,Food,339,true,true,Snacks for meeting
EXP-20240303-002,REP-020,2024-03-03,Travel,1944,true,true,Auto to clinic
EXP-20240303-003,REP-020,2024-03-03,Conference,2504,true,true,Conference registration
EXP-20240315-003,REP-020,2024-03-15,Travel,540,true,true,Fuel reimbursement
EXP-20240317-001,REP-020,2024-03-17,Food,242,true,true,Coffee meeting
EXP-20240322-002,REP-020,2024-03-22,Samples,381,true,true,Product samples drop
EXP-20240328-002,REP-020,2024-03-28,Travel,1253,true,false,Bus fare
EXP-20240331-002,REP-020,2024-03-31,Travel,222,true,true,Train ticket
EXP-20240404-002,REP-020,2024-04-04,Travel,1893,true,false,Train ticket
EXP-20240407-004,REP-020,2024-04-07,Travel,1503,true,true,Bus fare
EXP-20240412-001,REP-020,2024-04-12,Travel,779,false,true,Fuel reimbursement
EXP-20240416-001,REP-020,2024-04-16,Mobile,638,true,true,Mobile bill
EXP-20240427-002,REP-020,2024-04-27,Samples,1282,true,true,Product samples drop
EXP-20240426-001,REP-020,2024-04-26,Mobile,112,true,true,Internet recharge
EXP-20240501-001,REP-020,2024-05-01,Travel,825,true,true,Fuel reimbursement
EXP-20240504-002,REP-020,2024-05-04,Travel,1184,true,false,Auto to clinic
EXP-20240511-001,REP-020,2024-05-11,Travel,415,true,true,Bus fare
EXP-20240512-002,REP-020,2024-05-12,Travel,988,true,true,Bus fare
EXP-20240521-001,REP-020,2024-05-21,Mobile,205,true,true,Internet recharge
EXP-20240523-002,REP-020,2024-05-23,Food,394,true,true,Snacks for meeting
EXP-20240531-001,REP-020,2024-05-31,Other,56,true,true,Misc expense
EXP-20240526-004,REP-020,2024-05-26,Travel,763,true,true,Train ticket
EXP-20240606-002,REP-020,2024-06-06,Travel,1535,true,true,Bus fare
EXP-20240603-002,REP-020,2024-06-03,Samples,634,true,true,Sample packs for HCP
EXP-20240612-001,REP-020,2024-06-12,Samples,947,false,true,Sample packs for HCP
EXP-20240622-003,REP-020,2024-06-22,Travel,1709,true,true,Cab to hospital
EXP-20240620-001,REP-020,2024-06-20,Food,336,true,true,Coffee meeting
EXP-20240625-001,REP-020,2024-06-25,Lodging,2516,true,true,Lodging — outstation visit
EXP-20240702-003,REP-020,2024-07-02,Food,525,true,true,Team lunch with HCP
EXP-20240701-001,REP-020,2024-07-01,Lodging,2613,false,true,Hotel stay — field trip
EXP-20240709-003,REP-020,2024-07-09,Food,606,true,true,Dinner with HCP
EXP-20240712-002,REP-020,2024-07-12,Lodging,1737,true,true,Guest house — 2 nights
EXP-20240715-005,REP-020,2024-07-15,Travel,892,true,true,Train ticket
EXP-20240719-001,REP-020,2024-07-19,Mobile,101,true,true,Mobile bill
EXP-20240727-002,REP-020,2024-07-27,Travel,772,false,true,Cab to hospital
EXP-20240728-003,REP-020,2024-07-28,Travel,456,true,true,Bus fare
EXP-20240803-002,REP-020,2024-08-03,Mobile,677,true,true,Mobile bill
EXP-20240806-002,REP-020,2024-08-06,Food,451,true,true,Team lunch with HCP
EXP-20240806-003,REP-020,2024-08-06,Travel,908,true,true,Fuel reimbursement
EXP-20240811-001,REP-020,2024-08-11,Food,613,true,true,Coffee meeting
EXP-20240824-003,REP-020,2024-08-24,Other,1768,true,true,Stationery
EXP-20240823-003,REP-020,2024-08-23,Samples,1050,false,true,Demo kit refill
EXP-20240830-003,REP-020,2024-08-30,Lodging,3282,true,true,Guest house — 2 nights
EXP-20240827-003,REP-020,2024-08-27,Travel,528,true,false,Cab to hospital
EXP-20240901-004,REP-020,2024-09-01,Travel,647,true,true,Fuel reimbursement
EXP-20240914-001,REP-020,2024-09-14,Other,1902,true,true,Printing materials
EXP-20240908-003,REP-020,2024-09-08,Mobile,773,true,true,Roaming charges
EXP-20240916-003,REP-020,2024-09-16,Conference,3271,true,true,Conference registration
EXP-20240924-003,REP-020,2024-09-24,Conference,2985,true,true,Doctor meet sponsorship
EXP-20240925-002,REP-020,2024-09-25,Conference,4904,true,false,Conference registration
EXP-20241003-001,REP-020,2024-10-03,Samples,1090,false,true,Demo kit refill
EXP-20241005-001,REP-020,2024-10-05,Travel,757,true,false,Auto to clinic
EXP-20241006-003,REP-020,2024-10-06,Travel,347,true,true,Fuel reimbursement
EXP-20241017-004,REP-020,2024-10-17,Lodging,1878,true,true,Lodging — outstation visit
EXP-20241020-003,REP-020,2024-10-20,Travel,1943,true,true,Fuel reimbursement
EXP-20241102-004,REP-020,2024-11-02,Travel,1522,true,true,Train ticket
EXP-20241107-002,REP-020,2024-11-07,Travel,785,true,true,Train ticket
EXP-20241108-003,REP-020,2024-11-08,Travel,550,true,true,Train ticket
EXP-20241116-002,REP-020,2024-11-16,Food,577,true,true,Coffee meeting
EXP-20241120-003,REP-020,2024-11-20,Lodging,3950,true,true,Hotel stay — field trip
EXP-20241122-001,REP-020,2024-11-22,Lodging,2247,true,true,Hotel stay — field trip
EXP-20241127-002,REP-020,2024-11-27,Food,443,true,true,Snacks for meeting
EXP-20241124-003,REP-020,2024-11-24,Lodging,4033,true,false,Lodging — outstation visit
EXP-20241205-003,REP-020,2024-12-05,Food,778,true,true,Working lunch
EXP-20241205-004,REP-020,2024-12-05,Food,662,true,true,Coffee meeting
EXP-20241209-003,REP-020,2024-12-09,Samples,352,true,true,Product samples drop
EXP-20241218-003,REP-020,2024-12-18,Travel,1776,true,true,Fuel reimbursement
EXP-20241218-004,REP-020,2024-12-18,Travel,485,true,true,Cab to hospital
EXP-20241226-002,REP-020,2024-12-26,Conference,1841,true,true,Conference registration
EXP-20241227-003,REP-020,2024-12-27,Food,150,true,true,Dinner with HCP
EXP-20241230-003,REP-020,2024-12-30,Travel,1512,false,true,Bus fare
EXP-20250105-001,REP-020,2025-01-05,Travel,1317,true,true,Cab to hospital
EXP-20250106-003,REP-020,2025-01-06,Food,154,true,true,Team lunch with HCP
EXP-20250114-002,REP-020,2025-01-14,Travel,483,true,true,Auto to clinic
EXP-20250118-004,REP-020,2025-01-18,Travel,1677,true,false,Train ticket
EXP-20250125-002,REP-020,2025-01-25,Food,294,true,true,Dinner with HCP
EXP-20250130-001,REP-020,2025-01-30,Travel,1867,false,true,Auto to clinic
EXP-20250128-001,REP-020,2025-01-28,Travel,240,true,true,Train ticket
EXP-20250203-004,REP-020,2025-02-03,Travel,1605,true,true,Fuel reimbursement
EXP-20250213-002,REP-020,2025-02-13,Travel,302,true,true,Bus fare
EXP-20250211-001,REP-020,2025-02-11,Travel,305,true,true,Fuel reimbursement
EXP-20250221-001,REP-020,2025-02-21,Lodging,1827,true,true,Guest house — 2 nights
EXP-20250219-002,REP-020,2025-02-19,Lodging,2480,true,true,Guest house — 2 nights
EXP-20250227-002,REP-020,2025-02-27,Samples,1493,true,true,Product samples drop
EXP-20250305-002,REP-020,2025-03-05,Lodging,2251,false,true,Guest house — 2 nights
EXP-20250311-002,REP-020,2025-03-11,Food,384,true,true,Dinner with HCP
EXP-20250319-001,REP-020,2025-03-19,Travel,427,true,true,Cab to hospital
EXP-20250325-002,REP-020,2025-03-25,Food,128,true,false,Team lunch with HCP
EXP-20250405-004,REP-020,2025-04-05,Lodging,3187,true,true,Lodging — outstation visit
EXP-20250409-001,REP-020,2025-04-09,Food,119,true,true,Snacks for meeting
EXP-20250414-002,REP-020,2025-04-14,Food,413,true,true,Working lunch
EXP-20250425-003,REP-020,2025-04-25,Travel,1952,true,true,Train ticket
EXP-20250426-002,REP-020,2025-04-26,Food,113,true,true,Coffee meeting
EXP-20250503-001,REP-020,2025-05-03,Travel,1314,true,true,Auto to clinic
EXP-20250503-002,REP-020,2025-05-03,Lodging,3300,true,true,Lodging — outstation visit
EXP-20250505-001,REP-020,2025-05-05,Lodging,2995,true,true,Guest house — 2 nights
EXP-20250507-002,REP-020,2025-05-07,Samples,248,true,true,Demo kit refill
EXP-20250511-001,REP-020,2025-05-11,Travel,1878,true,true,Cab to hospital
EXP-20250512-004,REP-020,2025-05-12,Food,669,true,true,Dinner with HCP
EXP-20250519-003,REP-020,2025-05-19,Travel,879,true,true,Cab to hospital
EXP-20250523-002,REP-020,2025-05-23,Travel,791,true,true,Cab to hospital
EXP-20250530-001,REP-020,2025-05-30,Food,678,true,true,Working lunch
EXP-20250530-002,REP-020,2025-05-30,Samples,1295,true,true,Demo kit refill
EXP-20250607-003,REP-020,2025-06-07,Travel,378,true,true,Cab to hospital
EXP-20250602-002,REP-020,2025-06-02,Lodging,2189,true,true,Lodging — outstation visit
EXP-20250611-003,REP-020,2025-06-11,Food,421,true,true,Dinner with HCP
EXP-20250609-001,REP-020,2025-06-09,Samples,944,false,true,Product samples drop
EXP-20250619-002,REP-020,2025-06-19,Travel,313,true,true,Fuel reimbursement
EXP-20250617-001,REP-020,2025-06-17,Lodging,3653,true,true,Hotel stay — field trip
EXP-20250622-003,REP-020,2025-06-22,Lodging,3345,true,true,Hotel stay — field trip
EXP-20250628-002,REP-020,2025-06-28,Travel,773,false,true,Cab to hospital
EXP-20250705-001,REP-020,2025-07-05,Travel,1280,true,true,Auto to clinic
EXP-20250629-001,REP-020,2025-06-29,Food,598,false,true,Dinner with HCP
EXP-20250709-003,REP-020,2025-07-09,Travel,1945,true,true,Train ticket
EXP-20250717-001,REP-020,2025-07-17,Travel,686,true,true,Cab to hospital
EXP-20250719-002,REP-020,2025-07-19,Travel,638,true,true,Cab to hospital
EXP-20250725-003,REP-020,2025-07-25,Samples,76,true,true,Sample packs for HCP
EXP-20250723-002,REP-020,2025-07-23,Food,269,true,true,Coffee meeting
EXP-20250802-002,REP-020,2025-08-02,Food,692,false,true,Working lunch
EXP-20250804-004,REP-020,2025-08-04,Samples,363,true,true,Demo kit refill
EXP-20250804-005,REP-020,2025-08-04,Travel,1879,true,true,Cab to hospital
EXP-20250812-001,REP-020,2025-08-12,Travel,1632,true,true,Train ticket
EXP-20250814-002,REP-020,2025-08-14,Samples,915,false,true,Sample packs for HCP
EXP-20250818-003,REP-020,2025-08-18,Food,672,true,true,Coffee meeting
EXP-20250825-003,REP-020,2025-08-25,Travel,1893,true,true,Fuel reimbursement
EXP-20250827-001,REP-020,2025-08-27,Travel,1859,true,true,Bus fare
EXP-20250905-003,REP-020,2025-09-05,Travel,1242,true,true,Cab to hospital
EXP-20250909-001,REP-020,2025-09-09,Travel,1557,true,true,Auto to clinic
EXP-20250920-002,REP-020,2025-09-20,Travel,1195,true,true,Auto to clinic
EXP-20250916-001,REP-020,2025-09-16,Lodging,3770,true,true,Guest house — 2 nights
EXP-20250922-003,REP-020,2025-09-22,Travel,1547,true,true,Train ticket
EXP-20250922-004,REP-020,2025-09-22,Travel,1398,false,true,Train ticket
EXP-20251004-001,REP-020,2025-10-04,Lodging,1971,true,true,Lodging — outstation visit
EXP-20250929-004,REP-020,2025-09-29,Food,192,true,true,Snacks for meeting
EXP-20251007-003,REP-020,2025-10-07,Food,366,true,true,Team lunch with HCP
EXP-20251010-001,REP-020,2025-10-10,Conference,878,true,true,Conference registration
EXP-20251012-003,REP-020,2025-10-12,Food,669,false,true,Dinner with HCP
EXP-20251023-004,REP-020,2025-10-23,Lodging,2016,true,true,Lodging — outstation visit
EXP-20251024-002,REP-020,2025-10-24,Travel,1206,false,true,Auto to clinic
EXP-20251029-001,REP-020,2025-10-29,Samples,510,true,true,Sample packs for HCP
EXP-20251027-003,REP-020,2025-10-27,Samples,516,false,true,Demo kit refill
EXP-20251105-003,REP-020,2025-11-05,Travel,1488,true,true,Fuel reimbursement
EXP-20251112-003,REP-020,2025-11-12,Travel,677,true,true,Fuel reimbursement
EXP-20251116-001,REP-020,2025-11-16,Lodging,3218,true,true,Guest house — 2 nights
EXP-20230405-001,REP-021,2023-04-05,Conference,3536,true,true,CME event fees
EXP-20230406-002,REP-021,2023-04-06,Travel,1362,true,true,Train ticket
EXP-20230410-003,REP-021,2023-04-10,Travel,1234,true,true,Bus fare
EXP-20230408-002,REP-021,2023-04-08,Food,197,true,true,Snacks for meeting
EXP-20230418-001,REP-021,2023-04-18,Samples,575,true,true,Product samples drop
EXP-20230419-003,REP-021,2023-04-19,Food,457,true,true,Dinner with HCP
EXP-20230425-001,REP-021,2023-04-25,Lodging,3444,true,true,Lodging — outstation visit
EXP-20230501-003,REP-021,2023-05-01,Lodging,1660,true,true,Lodging — outstation visit
EXP-20230430-002,REP-021,2023-04-30,Food,126,true,true,Dinner with HCP
EXP-20230506-002,REP-021,2023-05-06,Travel,450,true,true,Auto to clinic
EXP-20230512-001,REP-021,2023-05-12,Lodging,3460,true,true,Guest house — 2 nights
EXP-20230517-005,REP-021,2023-05-17,Travel,1033,true,true,Bus fare
EXP-20230516-001,REP-021,2023-05-16,Travel,1220,true,true,Cab to hospital
EXP-20230522-005,REP-021,2023-05-22,Lodging,2444,true,true,Lodging — outstation visit
EXP-20230523-001,REP-021,2023-05-23,Travel,1652,true,true,Auto to clinic
EXP-20230529-002,REP-021,2023-05-29,Food,769,true,true,Coffee meeting
EXP-20230528-002,REP-021,2023-05-28,Conference,3243,true,true,CME event fees
EXP-20230605-001,REP-021,2023-06-05,Travel,1997,true,true,Auto to clinic
EXP-20230615-003,REP-021,2023-06-15,Food,138,true,true,Coffee meeting
EXP-20230620-002,REP-021,2023-06-20,Travel,1727,true,true,Bus fare
EXP-20230626-002,REP-021,2023-06-26,Food,745,true,true,Dinner with HCP
EXP-20230630-002,REP-021,2023-06-30,Food,528,true,false,Dinner with HCP
EXP-20230701-005,REP-021,2023-07-01,Travel,791,true,true,Auto to clinic
EXP-20230712-002,REP-021,2023-07-12,Mobile,594,true,true,Mobile bill
EXP-20230709-003,REP-021,2023-07-09,Travel,1423,true,true,Train ticket
EXP-20230719-002,REP-021,2023-07-19,Travel,1297,true,true,Fuel reimbursement
EXP-20230715-001,REP-021,2023-07-15,Food,505,true,true,Dinner with HCP
EXP-20230724-003,REP-021,2023-07-24,Food,761,true,true,Team lunch with HCP
EXP-20230726-005,REP-021,2023-07-26,Travel,1022,false,true,Auto to clinic
EXP-20230804-002,REP-021,2023-08-04,Samples,846,true,true,Product samples drop
EXP-20230731-001,REP-021,2023-07-31,Food,367,true,true,Dinner with HCP
EXP-20230807-003,REP-021,2023-08-07,Travel,1644,true,true,Auto to clinic
EXP-20230814-001,REP-021,2023-08-14,Lodging,1850,true,true,Lodging — outstation visit
EXP-20230817-001,REP-021,2023-08-17,Food,378,true,true,Dinner with HCP
EXP-20230819-002,REP-021,2023-08-19,Travel,1621,true,true,Auto to clinic
EXP-20230824-001,REP-021,2023-08-24,Travel,693,true,true,Fuel reimbursement
EXP-20230831-002,REP-021,2023-08-31,Mobile,619,true,true,Mobile bill
EXP-20230829-005,REP-021,2023-08-29,Travel,932,true,true,Train ticket
EXP-20230905-003,REP-021,2023-09-05,Travel,887,true,true,Fuel reimbursement
EXP-20230914-002,REP-021,2023-09-14,Travel,1354,true,true,Fuel reimbursement
EXP-20230915-002,REP-021,2023-09-15,Lodging,3556,true,true,Hotel stay — field trip
EXP-20230921-002,REP-021,2023-09-21,Travel,817,false,true,Fuel reimbursement
EXP-20230922-004,REP-021,2023-09-22,Travel,1363,true,true,Auto to clinic
EXP-20230925-001,REP-021,2023-09-25,Travel,1019,true,true,Train ticket
EXP-20230924-002,REP-021,2023-09-24,Travel,245,true,true,Auto to clinic
EXP-20230930-001,REP-021,2023-09-30,Lodging,3731,true,true,Guest house — 2 nights
EXP-20231005-002,REP-021,2023-10-05,Travel,376,true,true,Train ticket
EXP-20231013-004,REP-021,2023-10-13,Other,1784,true,true,Printing materials
EXP-20231007-003,REP-021,2023-10-07,Lodging,3613,false,true,Hotel stay — field trip
EXP-20231015-002,REP-021,2023-10-15,Samples,1176,true,true,Sample packs for HCP
EXP-20231023-001,REP-021,2023-10-23,Lodging,3706,true,true,Guest house — 2 nights
EXP-20231021-001,REP-021,2023-10-21,Food,382,true,true,Snacks for meeting
EXP-20231028-003,REP-021,2023-10-28,Lodging,3128,false,true,Lodging — outstation visit
EXP-20231101-001,REP-021,2023-11-01,Travel,1052,true,true,Auto to clinic
EXP-20231108-002,REP-021,2023-11-08,Travel,1588,true,true,Train ticket
EXP-20231111-002,REP-021,2023-11-11,Travel,425,true,true,Train ticket
EXP-20231112-003,REP-021,2023-11-12,Food,259,true,true,Team lunch with HCP
EXP-20231121-002,REP-021,2023-11-21,Samples,462,true,false,Sample packs for HCP
EXP-20231130-005,REP-021,2023-11-30,Lodging,2962,true,true,Hotel stay — field trip
EXP-20231203-002,REP-021,2023-12-03,Mobile,374,true,true,Internet recharge
EXP-20231215-004,REP-021,2023-12-15,Food,779,true,true,Coffee meeting
EXP-20231210-001,REP-021,2023-12-10,Samples,1372,true,true,Demo kit refill
EXP-20231222-003,REP-021,2023-12-22,Travel,978,false,true,Cab to hospital
EXP-20231220-003,REP-021,2023-12-20,Food,301,true,true,Snacks for meeting
EXP-20231228-002,REP-021,2023-12-28,Lodging,2610,true,true,Hotel stay — field trip
EXP-20231225-004,REP-021,2023-12-25,Lodging,2019,true,true,Guest house — 2 nights
EXP-20240101-004,REP-021,2024-01-01,Travel,892,true,true,Train ticket
EXP-20231231-003,REP-021,2023-12-31,Travel,1892,true,true,Train ticket
EXP-20240107-003,REP-021,2024-01-07,Food,390,true,true,Snacks for meeting
EXP-20240114-002,REP-021,2024-01-14,Travel,321,true,true,Bus fare
EXP-20240114-003,REP-021,2024-01-14,Travel,233,true,false,Auto to clinic
EXP-20240120-003,REP-021,2024-01-20,Travel,1755,true,true,Bus fare
EXP-20240122-003,REP-021,2024-01-22,Food,162,true,true,Snacks for meeting
EXP-20240202-005,REP-021,2024-02-02,Food,586,true,true,Working lunch
EXP-20240131-002,REP-021,2024-01-31,Travel,1543,true,true,Auto to clinic
EXP-20240205-002,REP-021,2024-02-05,Food,484,true,true,Working lunch
EXP-20240211-003,REP-021,2024-02-11,Food,230,true,true,Dinner with HCP
EXP-20240221-002,REP-021,2024-02-21,Travel,1580,true,true,Auto to clinic
EXP-20240223-001,REP-021,2024-02-23,Travel,428,true,true,Bus fare
EXP-20240229-002,REP-021,2024-02-29,Travel,1417,false,true,Auto to clinic
EXP-20240308-002,REP-021,2024-03-08,Food,344,true,true,Snacks for meeting
EXP-20240308-003,REP-021,2024-03-08,Food,158,true,true,Dinner with HCP
EXP-20240310-002,REP-021,2024-03-10,Travel,979,true,true,Bus fare
EXP-20240310-003,REP-021,2024-03-10,Travel,439,true,true,Train ticket
EXP-20240322-003,REP-021,2024-03-22,Lodging,2005,true,true,Lodging — outstation visit
EXP-20240323-002,REP-021,2024-03-23,Food,601,false,true,Dinner with HCP
EXP-20240403-002,REP-021,2024-04-03,Lodging,2526,true,true,Hotel stay — field trip
EXP-20240411-001,REP-021,2024-04-11,Samples,691,true,true,Product samples drop
EXP-20240413-001,REP-021,2024-04-13,Food,315,true,true,Working lunch
EXP-20240413-002,REP-021,2024-04-13,Food,242,true,false,Coffee meeting
EXP-20240425-004,REP-021,2024-04-25,Travel,1676,true,true,Cab to hospital
EXP-20240423-003,REP-021,2024-04-23,Travel,1029,true,true,Fuel reimbursement
EXP-20240501-002,REP-021,2024-05-01,Lodging,4622,true,false,Lodging — outstation visit
EXP-20240430-001,REP-021,2024-04-30,Travel,1141,true,true,Fuel reimbursement
EXP-20240508-002,REP-021,2024-05-08,Travel,815,true,true,Cab to hospital
EXP-20240513-003,REP-021,2024-05-13,Food,102,true,true,Snacks for meeting
EXP-20240523-003,REP-021,2024-05-23,Travel,1297,true,true,Train ticket
EXP-20240524-003,REP-021,2024-05-24,Lodging,3345,true,true,Hotel stay — field trip
EXP-20240529-001,REP-021,2024-05-29,Lodging,2513,true,true,Hotel stay — field trip
EXP-20240607-004,REP-021,2024-06-07,Food,780,true,true,Coffee meeting
EXP-20240612-002,REP-021,2024-06-12,Samples,718,true,true,Product samples drop
EXP-20240610-003,REP-021,2024-06-10,Travel,1642,false,true,Train ticket
EXP-20240620-002,REP-021,2024-06-20,Other,419,true,true,Misc expense
EXP-20240626-002,REP-021,2024-06-26,Travel,1231,true,true,Train ticket
EXP-20240629-002,REP-021,2024-06-29,Lodging,2364,true,true,Hotel stay — field trip
EXP-20240705-001,REP-021,2024-07-05,Food,101,false,true,Coffee meeting
EXP-20240711-002,REP-021,2024-07-11,Travel,447,true,true,Train ticket
EXP-20240711-003,REP-021,2024-07-11,Travel,1259,false,true,Fuel reimbursement
EXP-20240716-002,REP-021,2024-07-16,Food,377,true,true,Coffee meeting
EXP-20240718-003,REP-021,2024-07-18,Food,222,true,true,Team lunch with HCP
EXP-20240722-001,REP-021,2024-07-22,Travel,582,true,true,Fuel reimbursement
EXP-20240726-004,REP-021,2024-07-26,Samples,418,true,true,Demo kit refill
EXP-20240730-004,REP-021,2024-07-30,Travel,1424,true,true,Auto to clinic
EXP-20240807-001,REP-021,2024-08-07,Travel,902,true,true,Train ticket
EXP-20240812-003,REP-021,2024-08-12,Travel,1219,true,true,Auto to clinic
EXP-20240821-001,REP-021,2024-08-21,Travel,1634,false,true,Auto to clinic
EXP-20240830-004,REP-021,2024-08-30,Travel,1569,false,true,Bus fare
EXP-20240826-002,REP-021,2024-08-26,Lodging,2219,true,true,Lodging — outstation visit
EXP-20240905-003,REP-021,2024-09-05,Food,696,true,true,Snacks for meeting
EXP-20240831-002,REP-021,2024-08-31,Travel,1040,false,true,Auto to clinic
EXP-20240913-003,REP-021,2024-09-13,Samples,639,true,true,Demo kit refill
EXP-20240916-004,REP-021,2024-09-16,Travel,1830,true,true,Train ticket
EXP-20240921-003,REP-021,2024-09-21,Lodging,3107,false,true,Lodging — outstation visit
EXP-20240926-002,REP-021,2024-09-26,Travel,1778,true,true,Bus fare
EXP-20240928-002,REP-021,2024-09-28,Food,340,true,true,Snacks for meeting
EXP-20241011-001,REP-021,2024-10-11,Samples,310,true,true,Sample packs for HCP
EXP-20241006-004,REP-021,2024-10-06,Travel,975,true,true,Fuel reimbursement
EXP-20241016-002,REP-021,2024-10-16,Travel,651,true,true,Cab to hospital
EXP-20241018-003,REP-021,2024-10-18,Food,494,true,true,Snacks for meeting
EXP-20241019-001,REP-021,2024-10-19,Travel,370,true,true,Train ticket
EXP-20241027-002,REP-021,2024-10-27,Travel,495,true,true,Auto to clinic
EXP-20241031-002,REP-021,2024-10-31,Travel,953,true,true,Bus fare
EXP-20241108-004,REP-021,2024-11-08,Food,539,true,true,Working lunch
EXP-20241103-002,REP-021,2024-11-03,Food,397,false,true,Dinner with HCP
EXP-20241110-002,REP-021,2024-11-10,Food,587,true,false,Dinner with HCP
EXP-20241112-002,REP-021,2024-11-12,Food,583,true,true,Coffee meeting
EXP-20241118-002,REP-021,2024-11-18,Samples,507,true,true,Product samples drop
EXP-20241127-003,REP-021,2024-11-27,Travel,570,true,true,Train ticket
EXP-20241130-001,REP-021,2024-11-30,Food,239,true,true,Team lunch with HCP
EXP-20241204-003,REP-021,2024-12-04,Food,169,true,true,Snacks for meeting
EXP-20241207-003,REP-021,2024-12-07,Mobile,450,false,true,Internet recharge
EXP-20241217-003,REP-021,2024-12-17,Food,758,true,true,Dinner with HCP
EXP-20241220-003,REP-021,2024-12-20,Travel,307,true,true,Fuel reimbursement
EXP-20241223-002,REP-021,2024-12-23,Food,369,true,true,Coffee meeting
EXP-20241230-004,REP-021,2024-12-30,Travel,1653,true,true,Cab to hospital
EXP-20241228-001,REP-021,2024-12-28,Travel,1305,false,true,Train ticket
EXP-20250104-002,REP-021,2025-01-04,Travel,982,true,true,Bus fare
EXP-20250114-003,REP-021,2025-01-14,Mobile,283,true,true,Roaming charges
EXP-20250116-002,REP-021,2025-01-16,Travel,1932,false,true,Train ticket
EXP-20250121-001,REP-021,2025-01-21,Travel,1982,true,true,Fuel reimbursement
EXP-20250119-003,REP-021,2025-01-19,Mobile,557,true,true,Internet recharge
EXP-20250128-002,REP-021,2025-01-28,Lodging,3891,true,true,Lodging — outstation visit
EXP-20250129-002,REP-021,2025-01-29,Travel,631,true,true,Fuel reimbursement
EXP-20250206-001,REP-021,2025-02-06,Travel,1214,true,true,Bus fare
EXP-20250213-003,REP-021,2025-02-13,Lodging,1841,true,true,Hotel stay — field trip
EXP-20250219-003,REP-021,2025-02-19,Mobile,618,true,true,Roaming charges
EXP-20250218-001,REP-021,2025-02-18,Lodging,3876,true,true,Hotel stay — field trip
EXP-20250225-002,REP-021,2025-02-25,Travel,1894,true,true,Auto to clinic
EXP-20250306-002,REP-021,2025-03-06,Travel,912,true,true,Cab to hospital
EXP-20250306-003,REP-021,2025-03-06,Travel,621,false,true,Bus fare
EXP-20250310-002,REP-021,2025-03-10,Travel,227,true,true,Bus fare
EXP-20250312-003,REP-021,2025-03-12,Lodging,2219,true,true,Guest house — 2 nights
EXP-20250317-003,REP-021,2025-03-17,Lodging,2555,true,true,Lodging — outstation visit
EXP-20250318-001,REP-021,2025-03-18,Food,472,true,true,Team lunch with HCP
EXP-20250325-003,REP-021,2025-03-25,Lodging,3233,false,true,Guest house — 2 nights
EXP-20250402-001,REP-021,2025-04-02,Travel,524,true,true,Cab to hospital
EXP-20250403-003,REP-021,2025-04-03,Travel,997,true,true,Bus fare
EXP-20250410-002,REP-021,2025-04-10,Other,695,true,true,Printing materials
EXP-20250408-003,REP-021,2025-04-08,Travel,1329,true,true,Bus fare
EXP-20250416-002,REP-021,2025-04-16,Samples,1037,true,true,Sample packs for HCP
EXP-20250413-003,REP-021,2025-04-13,Samples,456,true,true,Demo kit refill
EXP-20250425-004,REP-021,2025-04-25,Travel,1376,true,true,Fuel reimbursement
EXP-20250429-004,REP-021,2025-04-29,Travel,1530,true,true,Auto to clinic
EXP-20250427-002,REP-021,2025-04-27,Lodging,2069,true,true,Hotel stay — field trip
EXP-20250506-004,REP-021,2025-05-06,Mobile,707,true,true,Mobile bill
EXP-20250512-005,REP-021,2025-05-12,Travel,1379,true,true,Auto to clinic
EXP-20250516-002,REP-021,2025-05-16,Food,114,true,true,Team lunch with HCP
EXP-20250523-003,REP-021,2025-05-23,Food,178,true,true,Team lunch with HCP
EXP-20250518-001,REP-021,2025-05-18,Travel,1809,true,true,Train ticket
EXP-20250526-003,REP-021,2025-05-26,Mobile,506,false,true,Internet recharge
EXP-20250530-003,REP-021,2025-05-30,Travel,1389,true,true,Cab to hospital
EXP-20250601-002,REP-021,2025-06-01,Travel,1157,false,true,Train ticket
EXP-20250603-003,REP-021,2025-06-03,Lodging,2403,true,true,Hotel stay — field trip
EXP-20250612-002,REP-021,2025-06-12,Travel,686,false,true,Train ticket
EXP-20250619-003,REP-021,2025-06-19,Travel,654,false,true,Auto to clinic
EXP-20250617-002,REP-021,2025-06-17,Mobile,381,true,false,Roaming charges
EXP-20250624-002,REP-021,2025-06-24,Travel,1894,true,true,Cab to hospital
EXP-20250630-003,REP-021,2025-06-30,Travel,557,true,true,Bus fare
EXP-20250628-003,REP-021,2025-06-28,Food,604,true,true,Dinner with HCP
EXP-20250708-003,REP-021,2025-07-08,Travel,1544,false,true,Auto to clinic
EXP-20250710-001,REP-021,2025-07-10,Conference,679,true,true,CME event fees
EXP-20250715-002,REP-021,2025-07-15,Travel,901,true,false,Fuel reimbursement
EXP-20250716-004,REP-021,2025-07-16,Lodging,2924,true,true,Guest house — 2 nights
EXP-20230507-001,REP-022,2023-05-07,Other,421,true,true,Printing materials
EXP-20230508-003,REP-022,2023-05-08,Travel,1990,true,false,Fuel reimbursement
EXP-20230510-001,REP-022,2023-05-10,Lodging,3810,true,true,Lodging — outstation visit
EXP-20230512-002,REP-022,2023-05-12,Travel,1198,true,false,Cab to hospital
EXP-20230523-002,REP-022,2023-05-23,Samples,1243,false,true,Sample packs for HCP
EXP-20230527-002,REP-022,2023-05-27,Travel,712,true,true,Auto to clinic
EXP-20230524-002,REP-022,2023-05-24,Travel,1458,true,true,Auto to clinic
EXP-20230606-004,REP-022,2023-06-06,Food,122,true,true,Working lunch
EXP-20230603-004,REP-022,2023-06-03,Lodging,3007,false,true,Lodging — outstation visit
EXP-20230613-001,REP-022,2023-06-13,Travel,1196,true,true,Bus fare
EXP-20230617-003,REP-022,2023-06-17,Food,543,true,true,Snacks for meeting
EXP-20230618-002,REP-022,2023-06-18,Mobile,529,true,true,Mobile bill
EXP-20230625-001,REP-022,2023-06-25,Samples,976,true,true,Demo kit refill
EXP-20230701-006,REP-022,2023-07-01,Travel,1881,true,true,Bus fare
EXP-20230630-003,REP-022,2023-06-30,Lodging,2793,true,true,Hotel stay — field trip
EXP-20230706-002,REP-022,2023-07-06,Conference,3548,true,true,CME event fees
EXP-20230707-002,REP-022,2023-07-07,Lodging,1688,true,true,Hotel stay — field trip
EXP-20230717-001,REP-022,2023-07-17,Mobile,447,true,true,Mobile bill
EXP-20230725-001,REP-022,2023-07-25,Travel,1408,false,true,Fuel reimbursement
EXP-20230723-002,REP-022,2023-07-23,Food,542,false,true,Snacks for meeting
EXP-20230731-002,REP-022,2023-07-31,Food,793,true,true,Team lunch with HCP
EXP-20230730-005,REP-022,2023-07-30,Other,891,false,false,Stationery
EXP-20230805-003,REP-022,2023-08-05,Lodging,3464,true,true,Lodging — outstation visit
EXP-20230804-003,REP-022,2023-08-04,Food,719,true,true,Working lunch
EXP-20230811-001,REP-022,2023-08-11,Samples,876,true,true,Product samples drop
EXP-20230820-004,REP-022,2023-08-20,Food,248,true,true,Working lunch
EXP-20230817-002,REP-022,2023-08-17,Lodging,1541,true,true,Guest house — 2 nights
EXP-20230828-003,REP-022,2023-08-28,Lodging,2315,true,true,Guest house — 2 nights
EXP-20230830-001,REP-022,2023-08-30,Samples,684,true,true,Product samples drop
EXP-20230905-004,REP-022,2023-09-05,Travel,1587,true,true,Bus fare
EXP-20230908-003,REP-022,2023-09-08,Mobile,309,true,true,Roaming charges
EXP-20230910-002,REP-022,2023-09-10,Lodging,3163,true,true,Hotel stay — field trip
EXP-20230919-002,REP-022,2023-09-19,Food,756,true,true,Team lunch with HCP
EXP-20230923-001,REP-022,2023-09-23,Samples,105,true,true,Sample packs for HCP
EXP-20230928-004,REP-022,2023-09-28,Travel,1521,false,true,Bus fare
EXP-20231010-002,REP-022,2023-10-10,Lodging,2800,true,true,Lodging — outstation visit
EXP-20231006-001,REP-022,2023-10-06,Travel,1632,true,true,Cab to hospital
EXP-20231014-003,REP-022,2023-10-14,Travel,1513,true,true,Fuel reimbursement
EXP-20231017-003,REP-022,2023-10-17,Travel,389,true,true,Fuel reimbursement
EXP-20231023-002,REP-022,2023-10-23,Travel,381,true,true,Fuel reimbursement
EXP-20231029-003,REP-022,2023-10-29,Mobile,507,true,true,Mobile bill
EXP-20231102-004,REP-022,2023-11-02,Samples,280,true,true,Demo kit refill
EXP-20231109-004,REP-022,2023-11-09,Food,289,true,true,Working lunch
EXP-20231110-003,REP-022,2023-11-10,Food,472,true,true,Coffee meeting
EXP-20231120-001,REP-022,2023-11-20,Conference,4164,true,true,Doctor meet sponsorship
EXP-20231126-001,REP-022,2023-11-26,Travel,1787,true,true,Train ticket
EXP-20231130-006,REP-022,2023-11-30,Travel,1445,true,true,Fuel reimbursement
EXP-20231207-002,REP-022,2023-12-07,Samples,881,true,true,Product samples drop
EXP-20231209-002,REP-022,2023-12-09,Travel,813,false,true,Fuel reimbursement
EXP-20231213-004,REP-022,2023-12-13,Lodging,3561,true,true,Lodging — outstation visit
EXP-20231225-005,REP-022,2023-12-25,Other,1324,true,true,Stationery
EXP-20231230-002,REP-022,2023-12-30,Travel,1615,true,true,Train ticket
EXP-20231229-002,REP-022,2023-12-29,Travel,922,true,true,Auto to clinic
EXP-20240109-003,REP-022,2024-01-09,Travel,706,true,true,Auto to clinic
EXP-20240109-004,REP-022,2024-01-09,Travel,1296,true,true,Auto to clinic
EXP-20240111-003,REP-022,2024-01-11,Travel,281,true,true,Auto to clinic
EXP-20240120-004,REP-022,2024-01-20,Travel,1205,true,true,Bus fare
EXP-20240123-001,REP-022,2024-01-23,Samples,1366,true,true,Demo kit refill
EXP-20240128-001,REP-022,2024-01-28,Food,246,true,true,Dinner with HCP
EXP-20240130-002,REP-022,2024-01-30,Samples,282,true,true,Sample packs for HCP
EXP-20240206-003,REP-022,2024-02-06,Travel,1744,true,true,Fuel reimbursement
EXP-20240201-004,REP-022,2024-02-01,Food,364,false,true,Dinner with HCP
EXP-20240209-003,REP-022,2024-02-09,Conference,3887,true,true,Doctor meet sponsorship
EXP-20240207-001,REP-022,2024-02-07,Samples,1119,false,true,Demo kit refill
EXP-20240218-004,REP-022,2024-02-18,Food,653,true,true,Dinner with HCP
EXP-20240216-005,REP-022,2024-02-16,Lodging,2011,true,true,Hotel stay — field trip
EXP-20240226-001,REP-022,2024-02-26,Travel,1018,false,true,Cab to hospital
EXP-20240223-002,REP-022,2024-02-23,Food,192,true,true,Dinner with HCP
EXP-20240305-002,REP-022,2024-03-05,Travel,318,true,true,Fuel reimbursement
EXP-20240306-004,REP-022,2024-03-06,Travel,1385,true,true,Fuel reimbursement
EXP-20240309-002,REP-022,2024-03-09,Travel,326,true,true,Fuel reimbursement
EXP-20240315-004,REP-022,2024-03-15,Samples,986,true,true,Demo kit refill
EXP-20240316-001,REP-022,2024-03-16,Travel,641,true,true,Bus fare
EXP-20240320-002,REP-022,2024-03-20,Mobile,633,true,true,Roaming charges
EXP-20240402-003,REP-022,2024-04-02,Travel,1626,true,true,Auto to clinic
EXP-20240407-005,REP-022,2024-04-07,Food,361,true,true,Dinner with HCP
EXP-20240409-002,REP-022,2024-04-09,Food,104,true,true,Snacks for meeting
EXP-20240415-003,REP-022,2024-04-15,Food,732,true,true,Working lunch
EXP-20240421-001,REP-022,2024-04-21,Lodging,3510,true,true,Guest house — 2 nights
EXP-20240422-001,REP-022,2024-04-22,Travel,841,true,false,Auto to clinic
EXP-20240428-003,REP-022,2024-04-28,Food,645,true,true,Team lunch with HCP
EXP-20240428-004,REP-022,2024-04-28,Travel,353,true,true,Fuel reimbursement
EXP-20240503-002,REP-022,2024-05-03,Conference,3491,true,true,Doctor meet sponsorship
EXP-20240507-001,REP-022,2024-05-07,Mobile,105,true,true,Internet recharge
EXP-20240512-003,REP-022,2024-05-12,Food,636,true,true,Snacks for meeting
EXP-20240515-002,REP-022,2024-05-15,Food,248,true,true,Dinner with HCP
EXP-20240522-001,REP-022,2024-05-22,Samples,1238,true,true,Product samples drop
EXP-20240523-004,REP-022,2024-05-23,Travel,1129,false,true,Train ticket
EXP-20240603-003,REP-022,2024-06-03,Food,630,false,true,Coffee meeting
EXP-20240603-004,REP-022,2024-06-03,Food,476,true,true,Coffee meeting
EXP-20240606-003,REP-022,2024-06-06,Food,573,true,true,Dinner with HCP
EXP-20240609-003,REP-022,2024-06-09,Travel,1053,true,true,Bus fare
EXP-20240618-001,REP-022,2024-06-18,Food,123,true,true,Dinner with HCP
EXP-20240613-001,REP-022,2024-06-13,Travel,777,true,true,Bus fare
EXP-20240625-002,REP-022,2024-06-25,Food,603,true,true,Team lunch with HCP
EXP-20240702-004,REP-022,2024-07-02,Mobile,217,true,true,Roaming charges
EXP-20240629-003,REP-022,2024-06-29,Samples,1289,true,true,Demo kit refill
EXP-20240704-003,REP-022,2024-07-04,Food,656,true,true,Snacks for meeting
EXP-20240715-006,REP-022,2024-07-15,Food,390,true,true,Dinner with HCP
EXP-20240719-002,REP-022,2024-07-19,Lodging,1599,true,true,Hotel stay — field trip
EXP-20240724-002,REP-022,2024-07-24,Food,494,true,true,Working lunch
EXP-20240731-001,REP-022,2024-07-31,Food,697,true,true,Dinner with HCP
EXP-20240807-002,REP-022,2024-08-07,Samples,691,true,true,Product samples drop
EXP-20240810-003,REP-022,2024-08-10,Food,317,true,true,Snacks for meeting
EXP-20240814-001,REP-022,2024-08-14,Conference,3318,true,true,Conference registration
EXP-20240822-003,REP-022,2024-08-22,Travel,790,false,true,Bus fare
EXP-20240828-003,REP-022,2024-08-28,Travel,524,true,true,Auto to clinic
EXP-20240903-001,REP-022,2024-09-03,Food,224,true,true,Snacks for meeting
EXP-20240904-002,REP-022,2024-09-04,Conference,2753,true,true,Conference registration
EXP-20240906-001,REP-022,2024-09-06,Travel,784,true,true,Cab to hospital
EXP-20240911-001,REP-022,2024-09-11,Travel,960,true,true,Auto to clinic
EXP-20240914-002,REP-022,2024-09-14,Mobile,764,true,true,Mobile bill
EXP-20240924-004,REP-022,2024-09-24,Travel,1390,true,true,Train ticket
EXP-20240919-002,REP-022,2024-09-19,Travel,1859,true,true,Bus fare
EXP-20240928-003,REP-022,2024-09-28,Mobile,380,true,true,Roaming charges
EXP-20241008-002,REP-022,2024-10-08,Travel,1160,false,true,Cab to hospital
EXP-20241003-002,REP-022,2024-10-03,Travel,661,true,true,Fuel reimbursement
EXP-20241013-001,REP-022,2024-10-13,Food,347,true,true,Working lunch
EXP-20241014-001,REP-022,2024-10-14,Mobile,198,true,true,Internet recharge
EXP-20241019-002,REP-022,2024-10-19,Lodging,2552,true,true,Guest house — 2 nights
EXP-20241022-001,REP-022,2024-10-22,Travel,1311,false,true,Auto to clinic
EXP-20241024-003,REP-022,2024-10-24,Travel,869,true,true,Cab to hospital
EXP-20241027-003,REP-022,2024-10-27,Food,624,true,true,Dinner with HCP
EXP-20241102-005,REP-022,2024-11-02,Mobile,752,true,true,Mobile bill
EXP-20241104-001,REP-022,2024-11-04,Mobile,794,true,true,Internet recharge
EXP-20241106-002,REP-022,2024-11-06,Travel,1594,true,true,Fuel reimbursement
EXP-20241114-002,REP-022,2024-11-14,Samples,427,true,true,Demo kit refill
EXP-20241116-003,REP-022,2024-11-16,Travel,1417,true,true,Auto to clinic
EXP-20241125-003,REP-022,2024-11-25,Travel,1287,true,true,Cab to hospital
EXP-20241202-001,REP-022,2024-12-02,Samples,94,false,true,Product samples drop
EXP-20241203-002,REP-022,2024-12-03,Travel,1393,true,true,Train ticket
EXP-20241210-002,REP-022,2024-12-10,Conference,1049,true,true,CME event fees
EXP-20241210-003,REP-022,2024-12-10,Food,511,true,true,Dinner with HCP
EXP-20241217-004,REP-022,2024-12-17,Lodging,1877,true,true,Hotel stay — field trip
EXP-20241219-003,REP-022,2024-12-19,Food,100,true,true,Dinner with HCP
EXP-20241223-003,REP-022,2024-12-23,Travel,881,true,true,Train ticket
EXP-20241228-002,REP-022,2024-12-28,Travel,535,true,false,Auto to clinic
EXP-20250105-002,REP-022,2025-01-05,Food,508,true,true,Working lunch
EXP-20250113-001,REP-022,2025-01-13,Travel,780,true,true,Cab to hospital
EXP-20250120-001,REP-022,2025-01-20,Conference,1265,true,true,Conference registration
EXP-20250127-001,REP-022,2025-01-27,Samples,1227,false,true,Product samples drop
EXP-20250125-003,REP-022,2025-01-25,Lodging,1687,true,true,Guest house — 2 nights
EXP-20250130-002,REP-022,2025-01-30,Conference,1397,true,true,Conference registration
EXP-20250208-001,REP-022,2025-02-08,Travel,1087,true,true,Train ticket
EXP-20250207-002,REP-022,2025-02-07,Samples,608,true,true,Product samples drop
EXP-20250213-004,REP-022,2025-02-13,Food,676,true,true,Dinner with HCP
EXP-20250215-001,REP-022,2025-02-15,Food,503,true,true,Team lunch with HCP
EXP-20250220-004,REP-022,2025-02-20,Samples,1248,false,true,Demo kit refill
EXP-20250302-002,REP-022,2025-03-02,Mobile,586,true,true,Roaming charges
EXP-20250310-003,REP-022,2025-03-10,Food,189,true,true,Snacks for meeting
EXP-20250305-003,REP-022,2025-03-05,Food,422,true,false,Team lunch with HCP
EXP-20250316-001,REP-022,2025-03-16,Travel,956,true,true,Cab to hospital
EXP-20250319-002,REP-022,2025-03-19,Travel,435,true,true,Auto to clinic
EXP-20250330-002,REP-022,2025-03-30,Lodging,3084,true,true,Lodging — outstation visit
EXP-20250402-002,REP-022,2025-04-02,Food,781,true,true,Coffee meeting
EXP-20250402-003,REP-022,2025-04-02,Travel,1205,true,true,Auto to clinic
EXP-20250411-002,REP-022,2025-04-11,Lodging,2377,true,true,Hotel stay — field trip
EXP-20250413-004,REP-022,2025-04-13,Food,433,true,true,Dinner with HCP
EXP-20250421-002,REP-022,2025-04-21,Lodging,3809,false,true,Hotel stay — field trip
EXP-20250427-003,REP-022,2025-04-27,Food,499,true,true,Snacks for meeting
EXP-20250425-005,REP-022,2025-04-25,Travel,1940,false,true,Cab to hospital
EXP-20250501-002,REP-022,2025-05-01,Lodging,1787,true,true,Lodging — outstation visit
EXP-20250511-002,REP-022,2025-05-11,Travel,1548,true,true,Train ticket
EXP-20250509-003,REP-022,2025-05-09,Samples,711,true,true,Product samples drop
EXP-20250518-002,REP-022,2025-05-18,Travel,1823,true,false,Auto to clinic
EXP-20250518-003,REP-022,2025-05-18,Travel,902,true,true,Train ticket
EXP-20250524-001,REP-022,2025-05-24,Travel,1515,true,true,Fuel reimbursement
EXP-20250601-003,REP-022,2025-06-01,Mobile,262,true,true,Mobile bill
EXP-20250608-002,REP-022,2025-06-08,Food,704,true,true,Team lunch with HCP
EXP-20250604-001,REP-022,2025-06-04,Food,260,true,true,Dinner with HCP
EXP-20250614-001,REP-022,2025-06-14,Travel,765,true,true,Train ticket
EXP-20250621-003,REP-022,2025-06-21,Travel,904,true,true,Auto to clinic
EXP-20250621-004,REP-022,2025-06-21,Travel,786,true,true,Train ticket
EXP-20250629-002,REP-022,2025-06-29,Travel,1461,true,true,Cab to hospital
EXP-20250701-001,REP-022,2025-07-01,Travel,1019,true,true,Train ticket
EXP-20250704-002,REP-022,2025-07-04,Travel,628,true,true,Fuel reimbursement
EXP-20250703-002,REP-022,2025-07-03,Mobile,733,false,true,Roaming charges
EXP-20250715-003,REP-022,2025-07-15,Travel,1257,true,false,Bus fare
EXP-20250722-002,REP-022,2025-07-22,Food,590,true,true,Working lunch
EXP-20250726-002,REP-022,2025-07-26,Samples,1463,true,false,Sample packs for HCP
EXP-20250730-002,REP-022,2025-07-30,Lodging,2377,false,true,Guest house — 2 nights
EXP-20250731-001,REP-022,2025-07-31,Samples,1147,true,true,Demo kit refill
EXP-20250807-003,REP-022,2025-08-07,Travel,1825,true,true,Auto to clinic
EXP-20250806-003,REP-022,2025-08-06,Travel,518,true,true,Auto to clinic
EXP-20250817-002,REP-022,2025-08-17,Travel,1408,true,true,Auto to clinic
EXP-20250818-004,REP-022,2025-08-18,Samples,394,true,true,Demo kit refill
EXP-20250822-001,REP-022,2025-08-22,Food,380,true,true,Snacks for meeting
EXP-20250901-002,REP-022,2025-09-01,Food,731,true,true,Coffee meeting
EXP-20250906-002,REP-022,2025-09-06,Travel,1850,false,true,Train ticket
EXP-20250915-002,REP-022,2025-09-15,Travel,1460,true,true,Train ticket
EXP-20250917-001,REP-022,2025-09-17,Travel,447,true,true,Cab to hospital
EXP-20250923-003,REP-022,2025-09-23,Travel,989,true,true,Fuel reimbursement
EXP-20250927-002,REP-022,2025-09-27,Travel,1667,true,true,Train ticket
EXP-20250928-001,REP-022,2025-09-28,Travel,1596,true,true,Bus fare
EXP-20251006-001,REP-022,2025-10-06,Samples,276,true,true,Product samples drop
EXP-20251003-002,REP-022,2025-10-03,Travel,217,true,true,Auto to clinic
EXP-20251008-003,REP-022,2025-10-08,Samples,525,true,true,Demo kit refill
EXP-20251008-004,REP-022,2025-10-08,Mobile,372,true,false,Internet recharge
EXP-20251020-002,REP-022,2025-10-20,Food,237,false,true,Snacks for meeting
EXP-20251022-002,REP-022,2025-10-22,Travel,1975,true,true,Fuel reimbursement
EXP-20251024-003,REP-022,2025-10-24,Other,915,true,true,Printing materials
EXP-20251101-001,REP-022,2025-11-01,Food,119,true,true,Team lunch with HCP
EXP-20251030-001,REP-022,2025-10-30,Other,376,true,true,Printing materials
EXP-20251111-002,REP-022,2025-11-11,Travel,1463,true,true,Bus fare
EXP-20251108-002,REP-022,2025-11-08,Lodging,1915,true,true,Guest house — 2 nights
EXP-20251113-001,REP-022,2025-11-13,Food,536,true,true,Snacks for meeting
EXP-20251119-005,REP-022,2025-11-19,Travel,1705,true,true,Bus fare
EXP-20251129-001,REP-022,2025-11-29,Travel,1250,true,true,Bus fare
EXP-20251130-002,REP-022,2025-11-30,Food,552,true,true,Dinner with HCP
EXP-20251208-003,REP-022,2025-12-08,Travel,822,true,true,Train ticket
EXP-20251208-004,REP-022,2025-12-08,Samples,50,true,true,Demo kit refill
EXP-20251210-002,REP-022,2025-12-10,Travel,638,true,true,Auto to clinic
EXP-20251223-002,REP-022,2025-12-23,Travel,1987,true,true,Fuel reimbursement
EXP-20251229-001,REP-022,2025-12-29,Other,1686,true,true,Stationery
EXP-20260102-003,REP-022,2026-01-02,Travel,1528,true,true,Auto to clinic
EXP-20260104-003,REP-022,2026-01-04,Lodging,1740,true,true,Guest house — 2 nights
EXP-20260113-002,REP-022,2026-01-13,Lodging,3891,true,true,Lodging — outstation visit
EXP-20260119-001,REP-022,2026-01-19,Travel,986,true,true,Train ticket
EXP-20260127-003,REP-022,2026-01-27,Samples,1380,true,true,Demo kit refill
EXP-20260122-002,REP-022,2026-01-22,Travel,1612,false,true,Bus fare
EXP-20260202-004,REP-022,2026-02-02,Travel,1558,true,true,Train ticket
EXP-20260131-001,REP-022,2026-01-31,Other,1312,false,true,Stationery
EXP-20260205-002,REP-022,2026-02-05,Travel,1805,true,true,Fuel reimbursement
EXP-20260210-002,REP-022,2026-02-10,Other,1256,true,true,Stationery
EXP-20260211-001,REP-022,2026-02-11,Travel,960,true,true,Train ticket
EXP-20260214-002,REP-022,2026-02-14,Travel,1018,true,true,Fuel reimbursement
EXP-20260219-002,REP-022,2026-02-19,Travel,1283,true,true,Fuel reimbursement
EXP-20260221-001,REP-022,2026-02-21,Mobile,504,true,true,Mobile bill
EXP-20260228-001,REP-022,2026-02-28,Food,706,true,false,Snacks for meeting
EXP-20260225-001,REP-022,2026-02-25,Mobile,595,true,true,Internet recharge
EXP-20260310-002,REP-022,2026-03-10,Lodging,3101,true,true,Lodging — outstation visit
EXP-20260304-002,REP-022,2026-03-04,Travel,1063,true,true,Bus fare
EXP-20260317-001,REP-022,2026-03-17,Samples,720,true,true,Sample packs for HCP
EXP-20260311-001,REP-022,2026-03-11,Food,427,true,true,Snacks for meeting
EXP-20260319-001,REP-022,2026-03-19,Travel,1827,true,true,Bus fare
EXP-20260325-002,REP-022,2026-03-25,Travel,1967,true,true,Cab to hospital
EXP-20260325-003,REP-022,2026-03-25,Food,382,true,true,Coffee meeting
EXP-20241217-005,REP-023,2024-12-17,Lodging,3886,true,true,Guest house — 2 nights
EXP-20241214-001,REP-023,2024-12-14,Travel,346,true,true,Fuel reimbursement
EXP-20241223-004,REP-023,2024-12-23,Travel,505,true,true,Fuel reimbursement
EXP-20241229-002,REP-023,2024-12-29,Samples,74,true,true,Sample packs for HCP
EXP-20250107-001,REP-023,2025-01-07,Food,779,true,true,Snacks for meeting
EXP-20250104-003,REP-023,2025-01-04,Travel,1186,true,true,Train ticket
EXP-20250114-004,REP-023,2025-01-14,Lodging,3082,true,true,Hotel stay — field trip
EXP-20250115-001,REP-023,2025-01-15,Food,102,false,true,Working lunch
EXP-20250128-003,REP-023,2025-01-28,Food,269,true,true,Dinner with HCP
EXP-20250122-001,REP-023,2025-01-22,Samples,1435,true,true,Sample packs for HCP
EXP-20250204-002,REP-023,2025-02-04,Travel,1015,true,true,Fuel reimbursement
EXP-20250208-002,REP-023,2025-02-08,Food,554,true,true,Snacks for meeting
EXP-20250208-003,REP-023,2025-02-08,Travel,519,true,true,Auto to clinic
EXP-20250212-002,REP-023,2025-02-12,Lodging,2420,true,true,Hotel stay — field trip
EXP-20250217-002,REP-023,2025-02-17,Travel,375,true,true,Train ticket
EXP-20250222-003,REP-023,2025-02-22,Mobile,286,true,true,Mobile bill
EXP-20250219-004,REP-023,2025-02-19,Lodging,3882,false,true,Lodging — outstation visit
EXP-20250226-001,REP-023,2025-02-26,Food,488,true,true,Working lunch
EXP-20250302-003,REP-023,2025-03-02,Food,252,true,true,Snacks for meeting
EXP-20250310-004,REP-023,2025-03-10,Samples,109,true,true,Sample packs for HCP
EXP-20250309-001,REP-023,2025-03-09,Samples,1423,false,true,Demo kit refill
EXP-20250316-002,REP-023,2025-03-16,Travel,458,true,true,Fuel reimbursement
EXP-20250323-001,REP-023,2025-03-23,Travel,225,true,true,Auto to clinic
EXP-20250326-002,REP-023,2025-03-26,Conference,3459,false,true,Doctor meet sponsorship
EXP-20250330-003,REP-023,2025-03-30,Travel,1287,true,true,Auto to clinic
EXP-20250404-001,REP-023,2025-04-04,Travel,1843,true,true,Fuel reimbursement
EXP-20250408-004,REP-023,2025-04-08,Food,287,true,true,Coffee meeting
EXP-20250410-003,REP-023,2025-04-10,Lodging,1757,true,true,Lodging — outstation visit
EXP-20250414-003,REP-023,2025-04-14,Travel,215,true,true,Train ticket
EXP-20250417-002,REP-023,2025-04-17,Food,133,true,true,Working lunch
EXP-20250426-003,REP-023,2025-04-26,Food,206,true,true,Dinner with HCP
EXP-20250426-004,REP-023,2025-04-26,Food,309,false,false,Working lunch
EXP-20250506-005,REP-023,2025-05-06,Lodging,3966,true,true,Hotel stay — field trip
EXP-20250506-006,REP-023,2025-05-06,Food,652,true,true,Snacks for meeting
EXP-20250511-003,REP-023,2025-05-11,Food,267,true,true,Snacks for meeting
EXP-20250518-004,REP-023,2025-05-18,Other,394,true,true,Stationery
EXP-20250514-001,REP-023,2025-05-14,Food,704,true,false,Working lunch
EXP-20250523-004,REP-023,2025-05-23,Travel,1756,true,true,Train ticket
EXP-20250603-004,REP-023,2025-06-03,Lodging,2504,true,true,Guest house — 2 nights
EXP-20250607-004,REP-023,2025-06-07,Food,726,true,true,Snacks for meeting
EXP-20250605-004,REP-023,2025-06-05,Mobile,694,true,true,Mobile bill
EXP-20250614-002,REP-023,2025-06-14,Travel,218,true,true,Cab to hospital
EXP-20250615-005,REP-023,2025-06-15,Travel,1640,true,true,Fuel reimbursement
EXP-20250622-004,REP-023,2025-06-22,Food,294,true,true,Working lunch
EXP-20250626-001,REP-023,2025-06-26,Samples,106,false,true,Sample packs for HCP
EXP-20250627-001,REP-023,2025-06-27,Food,636,true,true,Coffee meeting
EXP-20250705-002,REP-023,2025-07-05,Travel,1833,true,true,Train ticket
EXP-20231117-005,REP-024,2023-11-17,Travel,1424,true,true,Cab to hospital
EXP-20231123-002,REP-024,2023-11-23,Other,1526,false,true,Printing materials
EXP-20231122-002,REP-024,2023-11-22,Food,389,true,true,Team lunch with HCP
EXP-20231202-001,REP-024,2023-12-02,Lodging,2459,true,true,Guest house — 2 nights
EXP-20231211-002,REP-024,2023-12-11,Travel,1629,true,true,Bus fare
EXP-20231217-003,REP-024,2023-12-17,Lodging,3257,true,true,Lodging — outstation visit
EXP-20231216-002,REP-024,2023-12-16,Mobile,755,true,true,Mobile bill
EXP-20231223-003,REP-024,2023-12-23,Food,721,true,true,Snacks for meeting
EXP-20231225-006,REP-024,2023-12-25,Lodging,3777,true,true,Hotel stay — field trip
EXP-20231229-003,REP-024,2023-12-29,Samples,1201,true,true,Product samples drop
EXP-20240103-002,REP-024,2024-01-03,Samples,651,true,true,Product samples drop
EXP-20240116-002,REP-024,2024-01-16,Food,455,true,true,Dinner with HCP
EXP-20240120-005,REP-024,2024-01-20,Mobile,180,true,true,Roaming charges
EXP-20240130-003,REP-024,2024-01-30,Travel,1892,true,true,Auto to clinic
EXP-20240128-002,REP-024,2024-01-28,Travel,653,true,true,Cab to hospital
EXP-20240201-005,REP-024,2024-02-01,Travel,1955,true,true,Auto to clinic
EXP-20240131-003,REP-024,2024-01-31,Lodging,2378,true,true,Guest house — 2 nights
EXP-20240208-002,REP-024,2024-02-08,Mobile,151,true,true,Internet recharge
EXP-20240216-006,REP-024,2024-02-16,Travel,1758,true,true,Cab to hospital
EXP-20240215-001,REP-024,2024-02-15,Travel,1875,true,false,Cab to hospital
EXP-20240224-002,REP-024,2024-02-24,Food,115,true,true,Working lunch
EXP-20240227-003,REP-024,2024-02-27,Food,510,false,true,Team lunch with HCP
EXP-20240301-001,REP-024,2024-03-01,Food,394,true,true,Coffee meeting
EXP-20240229-003,REP-024,2024-02-29,Mobile,211,true,true,Internet recharge
EXP-20240309-003,REP-024,2024-03-09,Lodging,2339,true,true,Guest house — 2 nights
EXP-20240310-004,REP-024,2024-03-10,Food,546,true,true,Dinner with HCP
EXP-20240313-002,REP-024,2024-03-13,Food,514,true,true,Team lunch with HCP
EXP-20240318-005,REP-024,2024-03-18,Conference,1721,true,true,CME event fees
EXP-20240320-003,REP-024,2024-03-20,Travel,1387,true,true,Train ticket
EXP-20240329-004,REP-024,2024-03-29,Food,123,true,true,Team lunch with HCP
EXP-20240331-003,REP-024,2024-03-31,Food,364,true,true,Working lunch
EXP-20240405-002,REP-024,2024-04-05,Lodging,2114,true,true,Hotel stay — field trip
EXP-20240416-002,REP-024,2024-04-16,Food,501,true,true,Team lunch with HCP
EXP-20240413-003,REP-024,2024-04-13,Food,291,true,true,Working lunch
EXP-20240421-002,REP-024,2024-04-21,Food,628,true,true,Team lunch with HCP
EXP-20240424-001,REP-024,2024-04-24,Travel,219,true,true,Cab to hospital
EXP-20240505-002,REP-024,2024-05-05,Lodging,3277,true,true,Guest house — 2 nights
EXP-20240504-003,REP-024,2024-05-04,Food,436,false,true,Dinner with HCP
EXP-20240510-002,REP-024,2024-05-10,Food,735,false,true,Dinner with HCP
EXP-20240518-001,REP-024,2024-05-18,Travel,403,true,false,Bus fare
EXP-20240518-002,REP-024,2024-05-18,Lodging,2040,true,true,Lodging — outstation visit
EXP-20240526-005,REP-024,2024-05-26,Travel,1417,true,true,Auto to clinic
EXP-20240604-003,REP-024,2024-06-04,Food,258,true,true,Team lunch with HCP
EXP-20240603-005,REP-024,2024-06-03,Lodging,1600,true,true,Guest house — 2 nights
EXP-20240606-004,REP-024,2024-06-06,Food,757,true,false,Snacks for meeting
EXP-20240616-004,REP-024,2024-06-16,Food,396,true,false,Team lunch with HCP
EXP-20240617-003,REP-024,2024-06-17,Food,439,true,true,Team lunch with HCP
EXP-20240623-003,REP-024,2024-06-23,Travel,298,true,true,Train ticket
EXP-20240629-004,REP-024,2024-06-29,Mobile,615,true,true,Roaming charges
EXP-20240701-002,REP-024,2024-07-01,Food,718,true,true,Team lunch with HCP
EXP-20240706-002,REP-024,2024-07-06,Travel,968,true,true,Auto to clinic
EXP-20240710-001,REP-024,2024-07-10,Travel,1499,false,true,Train ticket
EXP-20240722-002,REP-024,2024-07-22,Travel,1304,true,true,Auto to clinic
EXP-20240729-001,REP-024,2024-07-29,Food,250,false,true,Snacks for meeting
EXP-20240726-005,REP-024,2024-07-26,Samples,649,false,true,Demo kit refill
EXP-20240805-002,REP-024,2024-08-05,Food,327,true,true,Snacks for meeting
EXP-20240802-004,REP-024,2024-08-02,Travel,1916,true,true,Train ticket
EXP-20240809-002,REP-024,2024-08-09,Food,319,true,true,Snacks for meeting
EXP-20240814-002,REP-024,2024-08-14,Travel,1263,true,true,Auto to clinic
EXP-20240818-002,REP-024,2024-08-18,Samples,995,true,true,Demo kit refill
EXP-20240821-002,REP-024,2024-08-21,Travel,343,false,true,Auto to clinic
EXP-20240831-003,REP-024,2024-08-31,Travel,431,true,false,Auto to clinic
EXP-20240906-002,REP-024,2024-09-06,Travel,1770,true,true,Train ticket
EXP-20240913-004,REP-024,2024-09-13,Travel,1352,true,true,Cab to hospital
EXP-20240923-003,REP-024,2024-09-23,Conference,3690,true,true,Doctor meet sponsorship
EXP-20240926-003,REP-024,2024-09-26,Travel,1581,true,true,Cab to hospital
EXP-20241005-002,REP-024,2024-10-05,Conference,3095,true,true,Doctor meet sponsorship
EXP-20241007-003,REP-024,2024-10-07,Travel,1897,true,true,Fuel reimbursement
EXP-20241013-002,REP-024,2024-10-13,Food,554,true,true,Working lunch
EXP-20241010-003,REP-024,2024-10-10,Food,469,true,true,Dinner with HCP
EXP-20241018-004,REP-024,2024-10-18,Travel,280,false,true,Auto to clinic
EXP-20241022-002,REP-024,2024-10-22,Samples,402,true,true,Demo kit refill
EXP-20241026-003,REP-024,2024-10-26,Food,588,false,true,Coffee meeting
EXP-20241030-003,REP-024,2024-10-30,Food,572,true,true,Snacks for meeting
EXP-20241030-004,REP-024,2024-10-30,Travel,896,true,true,Train ticket
EXP-20241109-002,REP-024,2024-11-09,Food,469,true,true,Coffee meeting
EXP-20241119-002,REP-024,2024-11-19,Other,389,true,true,Printing materials
EXP-20241124-004,REP-024,2024-11-24,Food,418,true,true,Working lunch
EXP-20241124-005,REP-024,2024-11-24,Travel,834,false,true,Bus fare
EXP-20241128-004,REP-024,2024-11-28,Food,598,true,true,Dinner with HCP
EXP-20241128-005,REP-024,2024-11-28,Lodging,3213,true,true,Hotel stay — field trip
EXP-20241210-004,REP-024,2024-12-10,Food,355,true,true,Coffee meeting
EXP-20241207-004,REP-024,2024-12-07,Travel,528,true,true,Fuel reimbursement
EXP-20241216-002,REP-024,2024-12-16,Other,205,true,true,Stationery
EXP-20241223-005,REP-024,2024-12-23,Food,767,true,true,Dinner with HCP
EXP-20241223-006,REP-024,2024-12-23,Food,252,true,true,Coffee meeting
EXP-20241230-005,REP-024,2024-12-30,Food,411,true,true,Team lunch with HCP
EXP-20250106-004,REP-024,2025-01-06,Samples,1422,true,true,Demo kit refill
EXP-20250108-005,REP-024,2025-01-08,Travel,1240,true,true,Bus fare
EXP-20250116-003,REP-024,2025-01-16,Travel,865,true,true,Auto to clinic
EXP-20250127-002,REP-024,2025-01-27,Conference,3866,true,true,Doctor meet sponsorship
EXP-20250202-002,REP-024,2025-02-02,Other,1445,true,true,Stationery
EXP-20250201-002,REP-024,2025-02-01,Food,421,true,true,Working lunch
EXP-20250205-002,REP-024,2025-02-05,Lodging,3053,false,true,Hotel stay — field trip
EXP-20250208-004,REP-024,2025-02-08,Food,391,true,true,Coffee meeting
EXP-20250217-003,REP-024,2025-02-17,Travel,1890,true,true,Auto to clinic
EXP-20250213-005,REP-024,2025-02-13,Travel,650,true,true,Fuel reimbursement
EXP-20250220-005,REP-024,2025-02-20,Lodging,3122,true,true,Lodging — outstation visit
EXP-20250302-004,REP-024,2025-03-02,Food,120,true,true,Coffee meeting
EXP-20250308-003,REP-024,2025-03-08,Travel,1293,true,true,Auto to clinic
EXP-20250313-001,REP-024,2025-03-13,Food,663,true,true,Coffee meeting
EXP-20250316-003,REP-024,2025-03-16,Lodging,1964,true,true,Lodging — outstation visit
EXP-20250325-004,REP-024,2025-03-25,Lodging,3670,true,true,Guest house — 2 nights
EXP-20250401-002,REP-024,2025-04-01,Food,201,true,true,Team lunch with HCP
EXP-20250326-003,REP-024,2025-03-26,Travel,260,true,true,Bus fare
EXP-20250402-004,REP-024,2025-04-02,Food,555,true,true,Working lunch
EXP-20250407-001,REP-024,2025-04-07,Mobile,659,false,true,Mobile bill
EXP-20250411-003,REP-024,2025-04-11,Food,175,true,true,Working lunch
EXP-20250410-004,REP-024,2025-04-10,Food,570,false,true,Coffee meeting
EXP-20250419-002,REP-024,2025-04-19,Conference,2641,true,true,CME event fees
EXP-20250421-003,REP-024,2025-04-21,Lodging,3001,true,true,Lodging — outstation visit
EXP-20250425-006,REP-024,2025-04-25,Conference,2226,true,true,CME event fees
EXP-20250423-003,REP-024,2025-04-23,Travel,1236,true,true,Bus fare
EXP-20250501-003,REP-024,2025-05-01,Travel,1627,true,false,Fuel reimbursement
EXP-20250505-002,REP-024,2025-05-05,Samples,83,true,true,Product samples drop
EXP-20250513-001,REP-024,2025-05-13,Travel,1762,true,true,Cab to hospital
EXP-20250517-003,REP-024,2025-05-17,Travel,1482,true,true,Bus fare
EXP-20250519-004,REP-024,2025-05-19,Food,601,false,true,Working lunch
EXP-20250524-002,REP-024,2025-05-24,Travel,1441,true,true,Cab to hospital
EXP-20250603-005,REP-024,2025-06-03,Other,1692,true,true,Stationery
EXP-20250601-004,REP-024,2025-06-01,Other,61,true,true,Misc expense
EXP-20250607-005,REP-024,2025-06-07,Samples,383,true,true,Product samples drop
EXP-20250608-003,REP-024,2025-06-08,Conference,2774,true,true,Conference registration
EXP-20250616-002,REP-024,2025-06-16,Lodging,2402,true,true,Hotel stay — field trip
EXP-20250615-006,REP-024,2025-06-15,Food,747,true,true,Team lunch with HCP
EXP-20250618-001,REP-024,2025-06-18,Food,483,true,true,Working lunch
EXP-20250629-003,REP-024,2025-06-29,Food,551,true,true,Team lunch with HCP
EXP-20250625-002,REP-024,2025-06-25,Travel,1808,true,true,Bus fare
EXP-20250708-004,REP-024,2025-07-08,Samples,1319,true,true,Demo kit refill
EXP-20250705-003,REP-024,2025-07-05,Travel,670,true,false,Auto to clinic
EXP-20250709-004,REP-024,2025-07-09,Travel,465,true,false,Cab to hospital
EXP-20250714-002,REP-024,2025-07-14,Travel,1921,true,true,Auto to clinic
EXP-20250716-005,REP-024,2025-07-16,Lodging,2319,true,true,Hotel stay — field trip
EXP-20250724-001,REP-024,2025-07-24,Travel,1810,false,true,Auto to clinic
EXP-20250730-003,REP-024,2025-07-30,Travel,1459,true,true,Train ticket
EXP-20250811-003,REP-024,2025-08-11,Travel,1172,true,true,Fuel reimbursement
EXP-20250809-003,REP-024,2025-08-09,Travel,1522,true,true,Fuel reimbursement
EXP-20250818-005,REP-024,2025-08-18,Food,304,true,true,Dinner with HCP
EXP-20250814-003,REP-024,2025-08-14,Lodging,2622,true,true,Hotel stay — field trip
EXP-20250825-004,REP-024,2025-08-25,Travel,414,false,true,Auto to clinic
EXP-20250826-003,REP-024,2025-08-26,Food,765,true,true,Team lunch with HCP
EXP-20250828-001,REP-024,2025-08-28,Food,785,true,true,Dinner with HCP
EXP-20250906-003,REP-024,2025-09-06,Samples,1249,true,true,Product samples drop
EXP-20250905-004,REP-024,2025-09-05,Food,295,true,true,Coffee meeting
EXP-20250910-002,REP-024,2025-09-10,Conference,800,true,true,CME event fees
EXP-20250916-002,REP-024,2025-09-16,Travel,1030,true,true,Fuel reimbursement
EXP-20250923-004,REP-024,2025-09-23,Food,110,true,true,Dinner with HCP
EXP-20250919-004,REP-024,2025-09-19,Samples,859,true,false,Sample packs for HCP
EXP-20250925-002,REP-024,2025-09-25,Lodging,3765,true,true,Guest house — 2 nights
EXP-20251002-003,REP-024,2025-10-02,Travel,221,true,true,Cab to hospital
EXP-20251008-005,REP-024,2025-10-08,Food,208,true,true,Team lunch with HCP
EXP-20251016-003,REP-024,2025-10-16,Travel,1308,true,true,Cab to hospital
EXP-20251021-001,REP-024,2025-10-21,Food,276,true,true,Dinner with HCP
EXP-20251022-003,REP-024,2025-10-22,Travel,696,true,true,Train ticket
EXP-20251028-002,REP-024,2025-10-28,Food,650,true,true,Dinner with HCP
EXP-20251029-002,REP-024,2025-10-29,Lodging,3279,true,true,Guest house — 2 nights
EXP-20251102-001,REP-024,2025-11-02,Food,667,true,true,Coffee meeting
EXP-20251105-004,REP-024,2025-11-05,Lodging,1748,true,true,Lodging — outstation visit
EXP-20251107-002,REP-024,2025-11-07,Food,430,true,true,Team lunch with HCP
EXP-20251117-002,REP-024,2025-11-17,Lodging,2442,true,true,Hotel stay — field trip
EXP-20251121-002,REP-024,2025-11-21,Travel,359,true,true,Auto to clinic
EXP-20251119-006,REP-024,2025-11-19,Mobile,370,true,true,Internet recharge
EXP-20251202-001,REP-024,2025-12-02,Travel,264,true,true,Fuel reimbursement
EXP-20251205-002,REP-024,2025-12-05,Travel,1747,true,true,Train ticket
EXP-20251213-002,REP-024,2025-12-13,Lodging,3549,true,true,Hotel stay — field trip
EXP-20251223-003,REP-024,2025-12-23,Travel,485,true,true,Bus fare
EXP-20251226-002,REP-024,2025-12-26,Travel,349,true,true,Auto to clinic
EXP-20260103-001,REP-024,2026-01-03,Conference,2270,true,true,Doctor meet sponsorship
EXP-20260105-002,REP-024,2026-01-05,Travel,972,false,true,Fuel reimbursement
EXP-20260113-003,REP-024,2026-01-13,Lodging,2087,true,true,Lodging — outstation visit
EXP-20260110-002,REP-024,2026-01-10,Food,434,true,true,Working lunch
EXP-20260119-002,REP-024,2026-01-19,Travel,868,true,true,Train ticket
EXP-20260118-002,REP-024,2026-01-18,Lodging,2813,true,true,Guest house — 2 nights
EXP-20260125-001,REP-024,2026-01-25,Travel,529,true,true,Bus fare
EXP-20260130-002,REP-024,2026-01-30,Food,244,false,true,Snacks for meeting
EXP-20260209-001,REP-024,2026-02-09,Mobile,773,true,false,Roaming charges
EXP-20260206-002,REP-024,2026-02-06,Samples,555,true,true,Product samples drop
EXP-20260213-002,REP-024,2026-02-13,Travel,356,true,true,Auto to clinic
EXP-20260216-002,REP-024,2026-02-16,Travel,280,true,false,Auto to clinic
EXP-20260218-002,REP-024,2026-02-18,Mobile,418,true,true,Mobile bill
EXP-20260221-002,REP-024,2026-02-21,Food,738,true,true,Team lunch with HCP
EXP-20260226-003,REP-024,2026-02-26,Travel,1704,true,true,Train ticket
EXP-20260308-003,REP-024,2026-03-08,Travel,1868,true,true,Train ticket
EXP-20260313-004,REP-024,2026-03-13,Travel,1852,true,true,Cab to hospital
EXP-20260314-001,REP-024,2026-03-14,Travel,946,true,false,Auto to clinic
EXP-20260323-003,REP-024,2026-03-23,Other,838,true,true,Printing materials
EXP-20260326-001,REP-024,2026-03-26,Food,795,true,true,Working lunch
EXP-20260330-002,REP-024,2026-03-30,Food,722,true,true,Dinner with HCP
EXP-20230402-002,REP-025,2023-04-02,Lodging,3367,true,true,Lodging — outstation visit
EXP-20230404-001,REP-025,2023-04-04,Food,741,true,true,Snacks for meeting
EXP-20230408-003,REP-025,2023-04-08,Lodging,2696,true,true,Guest house — 2 nights
EXP-20230413-003,REP-025,2023-04-13,Travel,846,true,false,Fuel reimbursement
EXP-20230416-002,REP-025,2023-04-16,Mobile,178,true,true,Mobile bill
EXP-20230423-002,REP-025,2023-04-23,Lodging,2798,true,true,Hotel stay — field trip
EXP-20230428-001,REP-025,2023-04-28,Travel,1046,true,true,Train ticket
EXP-20230502-002,REP-025,2023-05-02,Conference,2883,false,true,Conference registration
EXP-20230510-002,REP-025,2023-05-10,Travel,808,true,true,Cab to hospital
EXP-20230513-002,REP-025,2023-05-13,Travel,893,true,true,Train ticket
EXP-20230518-002,REP-025,2023-05-18,Samples,1081,true,true,Sample packs for HCP
EXP-20230520-001,REP-025,2023-05-20,Lodging,2934,true,true,Guest house — 2 nights
EXP-20230522-006,REP-025,2023-05-22,Travel,1647,false,true,Auto to clinic
EXP-20230531-004,REP-025,2023-05-31,Food,342,true,true,Snacks for meeting
EXP-20230609-002,REP-025,2023-06-09,Travel,481,true,true,Cab to hospital
EXP-20230613-002,REP-025,2023-06-13,Samples,640,true,true,Sample packs for HCP
EXP-20230613-003,REP-025,2023-06-13,Travel,1495,false,true,Fuel reimbursement
EXP-20230618-003,REP-025,2023-06-18,Samples,987,true,true,Demo kit refill
EXP-20230630-004,REP-025,2023-06-30,Samples,288,false,true,Product samples drop
EXP-20230624-002,REP-025,2023-06-24,Samples,410,true,true,Demo kit refill
EXP-20230702-001,REP-025,2023-07-02,Lodging,2607,true,true,Hotel stay — field trip
EXP-20230714-004,REP-025,2023-07-14,Food,536,true,true,Snacks for meeting
EXP-20230716-002,REP-025,2023-07-16,Samples,1484,true,true,Sample packs for HCP
EXP-20230722-002,REP-025,2023-07-22,Samples,863,true,true,Product samples drop
EXP-20230723-003,REP-025,2023-07-23,Food,652,true,true,Team lunch with HCP
EXP-20230730-006,REP-025,2023-07-30,Travel,1327,true,true,Auto to clinic
EXP-20230801-001,REP-025,2023-08-01,Lodging,1578,true,true,Lodging — outstation visit
EXP-20230808-002,REP-025,2023-08-08,Food,757,true,true,Team lunch with HCP
EXP-20230805-004,REP-025,2023-08-05,Travel,1396,true,true,Bus fare
EXP-20230817-003,REP-025,2023-08-17,Travel,1112,true,true,Train ticket
EXP-20230816-002,REP-025,2023-08-16,Travel,920,true,true,Bus fare
EXP-20230823-003,REP-025,2023-08-23,Travel,1948,true,true,Train ticket
EXP-20230831-003,REP-025,2023-08-31,Travel,1748,true,true,Train ticket
EXP-20230903-002,REP-025,2023-09-03,Other,1878,true,false,Misc expense
EXP-20230906-003,REP-025,2023-09-06,Food,559,true,true,Team lunch with HCP
EXP-20230910-003,REP-025,2023-09-10,Food,564,true,true,Snacks for meeting
EXP-20230910-004,REP-025,2023-09-10,Food,412,true,true,Coffee meeting
EXP-20230921-003,REP-025,2023-09-21,Samples,790,true,true,Sample packs for HCP
EXP-20230925-002,REP-025,2023-09-25,Travel,1385,true,true,Fuel reimbursement
EXP-20231005-003,REP-025,2023-10-05,Samples,161,true,true,Sample packs for HCP
EXP-20231008-002,REP-025,2023-10-08,Travel,666,true,true,Cab to hospital
EXP-20231018-002,REP-025,2023-10-18,Travel,1229,false,true,Train ticket
EXP-20231015-003,REP-025,2023-10-15,Mobile,508,true,true,Roaming charges
EXP-20231026-006,REP-025,2023-10-26,Food,549,true,true,Snacks for meeting
EXP-20231021-002,REP-025,2023-10-21,Food,666,true,true,Snacks for meeting
EXP-20231103-002,REP-025,2023-11-03,Travel,441,true,true,Fuel reimbursement
EXP-20231110-004,REP-025,2023-11-10,Samples,285,true,true,Sample packs for HCP
EXP-20231105-001,REP-025,2023-11-05,Travel,598,false,true,Cab to hospital
EXP-20231113-001,REP-025,2023-11-13,Food,107,true,true,Dinner with HCP
EXP-20231113-002,REP-025,2023-11-13,Food,704,false,true,Snacks for meeting
EXP-20231121-003,REP-025,2023-11-21,Travel,1247,true,true,Train ticket
EXP-20231129-002,REP-025,2023-11-29,Travel,1524,true,true,Fuel reimbursement
EXP-20231130-007,REP-025,2023-11-30,Lodging,2343,true,true,Lodging — outstation visit
EXP-20231202-002,REP-025,2023-12-02,Travel,1529,false,true,Fuel reimbursement
EXP-20231208-002,REP-025,2023-12-08,Food,577,false,true,Team lunch with HCP
EXP-20231211-003,REP-025,2023-12-11,Samples,89,true,true,Sample packs for HCP
EXP-20231215-005,REP-025,2023-12-15,Food,255,false,true,Coffee meeting
EXP-20231216-003,REP-025,2023-12-16,Travel,950,true,true,Train ticket
EXP-20231225-007,REP-025,2023-12-25,Lodging,2225,true,true,Lodging — outstation visit
EXP-20240102-001,REP-025,2024-01-02,Travel,1481,true,true,Auto to clinic
EXP-20240105-001,REP-025,2024-01-05,Conference,4899,false,true,Doctor meet sponsorship
EXP-20240109-005,REP-025,2024-01-09,Food,788,false,true,Dinner with HCP
EXP-20240119-001,REP-025,2024-01-19,Travel,1644,true,true,Cab to hospital
EXP-20240117-002,REP-025,2024-01-17,Lodging,2393,true,true,Guest house — 2 nights
EXP-20240126-002,REP-025,2024-01-26,Travel,779,true,true,Cab to hospital
EXP-20240127-002,REP-025,2024-01-27,Food,222,true,true,Working lunch
EXP-20240127-003,REP-025,2024-01-27,Food,714,true,true,Dinner with HCP
EXP-20240204-002,REP-025,2024-02-04,Food,315,true,true,Working lunch
EXP-20240211-004,REP-025,2024-02-11,Travel,597,true,true,Auto to clinic
EXP-20240223-003,REP-025,2024-02-23,Travel,1672,true,true,Bus fare
EXP-20240301-002,REP-025,2024-03-01,Travel,1114,true,true,Fuel reimbursement
EXP-20240306-005,REP-025,2024-03-06,Samples,541,true,true,Product samples drop
EXP-20240304-001,REP-025,2024-03-04,Travel,861,true,true,Fuel reimbursement
EXP-20240315-005,REP-025,2024-03-15,Travel,928,true,true,Auto to clinic
EXP-20240311-001,REP-025,2024-03-11,Lodging,2927,true,true,Lodging — outstation visit
EXP-20240321-002,REP-025,2024-03-21,Food,683,true,true,Coffee meeting
EXP-20240324-002,REP-025,2024-03-24,Travel,968,true,false,Bus fare
EXP-20240331-004,REP-025,2024-03-31,Travel,689,true,true,Cab to hospital
EXP-20240412-002,REP-025,2024-04-12,Travel,971,true,true,Fuel reimbursement
EXP-20240419-003,REP-025,2024-04-19,Lodging,2100,true,true,Guest house — 2 nights
EXP-20240424-002,REP-025,2024-04-24,Food,571,true,true,Working lunch
EXP-20240421-003,REP-025,2024-04-21,Mobile,420,true,true,Mobile bill
EXP-20240429-002,REP-025,2024-04-29,Travel,849,true,true,Bus fare
EXP-20240502-003,REP-025,2024-05-02,Mobile,375,false,true,Mobile bill
EXP-20240509-003,REP-025,2024-05-09,Travel,1567,true,true,Fuel reimbursement
EXP-20240504-004,REP-025,2024-05-04,Lodging,1714,true,true,Guest house — 2 nights
EXP-20240515-003,REP-025,2024-05-15,Conference,4078,true,true,Conference registration
EXP-20240515-004,REP-025,2024-05-15,Travel,1626,true,true,Bus fare
EXP-20240519-002,REP-025,2024-05-19,Travel,1089,false,true,Bus fare
EXP-20240520-002,REP-025,2024-05-20,Food,274,false,true,Working lunch
EXP-20240529-002,REP-025,2024-05-29,Samples,665,true,true,Product samples drop
EXP-20240526-006,REP-025,2024-05-26,Travel,1302,true,true,Auto to clinic
EXP-20240602-002,REP-025,2024-06-02,Food,246,false,true,Coffee meeting
EXP-20240607-005,REP-025,2024-06-07,Travel,662,true,true,Cab to hospital
EXP-20240612-003,REP-025,2024-06-12,Travel,1481,true,true,Auto to clinic
EXP-20240609-004,REP-025,2024-06-09,Lodging,3084,true,true,Hotel stay — field trip
EXP-20240619-002,REP-025,2024-06-19,Travel,429,true,true,Train ticket
EXP-20240622-004,REP-025,2024-06-22,Lodging,2900,true,true,Lodging — outstation visit
EXP-20240702-005,REP-025,2024-07-02,Food,297,true,true,Coffee meeting
EXP-20240711-004,REP-025,2024-07-11,Travel,319,true,true,Bus fare
EXP-20240707-001,REP-025,2024-07-07,Food,520,true,true,Working lunch
EXP-20240717-003,REP-025,2024-07-17,Food,706,true,true,Dinner with HCP
EXP-20240717-004,REP-025,2024-07-17,Food,317,true,true,Working lunch
EXP-20240726-006,REP-025,2024-07-26,Lodging,3433,true,true,Lodging — outstation visit
EXP-20240730-005,REP-025,2024-07-30,Travel,1689,true,true,Cab to hospital
EXP-20240727-003,REP-025,2024-07-27,Food,437,true,true,Coffee meeting
EXP-20240805-003,REP-025,2024-08-05,Lodging,2804,true,true,Lodging — outstation visit
EXP-20240810-004,REP-025,2024-08-10,Travel,612,true,false,Bus fare
EXP-20240814-003,REP-025,2024-08-14,Lodging,3058,false,true,Lodging — outstation visit
EXP-20240822-004,REP-025,2024-08-22,Mobile,701,true,true,Roaming charges
EXP-20240830-005,REP-025,2024-08-30,Travel,604,false,true,Bus fare
EXP-20240906-003,REP-025,2024-09-06,Travel,1686,true,true,Bus fare
EXP-20240911-002,REP-025,2024-09-11,Mobile,676,true,true,Internet recharge
EXP-20240910-002,REP-025,2024-09-10,Travel,1254,true,true,Fuel reimbursement
EXP-20240915-002,REP-025,2024-09-15,Travel,1070,true,true,Auto to clinic
EXP-20240925-003,REP-025,2024-09-25,Food,385,true,true,Coffee meeting
EXP-20241003-003,REP-025,2024-10-03,Food,784,false,true,Snacks for meeting
EXP-20241003-004,REP-025,2024-10-03,Travel,1929,true,true,Cab to hospital
EXP-20241008-003,REP-025,2024-10-08,Travel,335,true,true,Cab to hospital
EXP-20241010-004,REP-025,2024-10-10,Food,123,true,true,Dinner with HCP
EXP-20241015-001,REP-025,2024-10-15,Other,935,true,true,Printing materials
EXP-20241012-005,REP-025,2024-10-12,Food,596,true,true,Coffee meeting
EXP-20241019-003,REP-025,2024-10-19,Travel,1926,true,true,Bus fare
EXP-20241025-002,REP-025,2024-10-25,Food,612,true,true,Team lunch with HCP
EXP-20241027-004,REP-025,2024-10-27,Food,796,true,true,Dinner with HCP
EXP-20241101-002,REP-025,2024-11-01,Food,124,true,true,Snacks for meeting
EXP-20241102-006,REP-025,2024-11-02,Samples,543,true,true,Sample packs for HCP
EXP-20241108-005,REP-025,2024-11-08,Food,345,true,true,Working lunch
EXP-20241112-003,REP-025,2024-11-12,Travel,1260,true,true,Train ticket
EXP-20241118-003,REP-025,2024-11-18,Other,797,true,true,Printing materials
EXP-20241129-001,REP-025,2024-11-29,Travel,1708,true,true,Auto to clinic
EXP-20241203-003,REP-025,2024-12-03,Travel,1512,true,true,Fuel reimbursement
EXP-20241213-002,REP-025,2024-12-13,Travel,1893,true,true,Fuel reimbursement
EXP-20241209-004,REP-025,2024-12-09,Food,565,false,true,Working lunch
EXP-20241219-004,REP-025,2024-12-19,Travel,924,true,true,Fuel reimbursement
EXP-20241222-002,REP-025,2024-12-22,Food,168,true,true,Team lunch with HCP
EXP-20241221-004,REP-025,2024-12-21,Travel,1781,true,true,Cab to hospital
EXP-20241229-003,REP-025,2024-12-29,Travel,302,true,true,Fuel reimbursement
EXP-20241230-006,REP-025,2024-12-30,Travel,284,true,true,Auto to clinic
EXP-20250105-003,REP-025,2025-01-05,Samples,1122,true,true,Sample packs for HCP
EXP-20250116-004,REP-025,2025-01-16,Travel,1306,true,true,Bus fare
EXP-20250114-005,REP-025,2025-01-14,Travel,1334,true,true,Fuel reimbursement
EXP-20250118-005,REP-025,2025-01-18,Travel,1989,false,true,Bus fare
EXP-20250120-002,REP-025,2025-01-20,Travel,1849,true,false,Cab to hospital
EXP-20250128-004,REP-025,2025-01-28,Travel,830,true,true,Bus fare
EXP-20250130-003,REP-025,2025-01-30,Food,289,true,true,Working lunch
EXP-20250202-003,REP-025,2025-02-02,Samples,891,true,true,Sample packs for HCP
EXP-20250204-003,REP-025,2025-02-04,Food,120,true,true,Dinner with HCP
EXP-20250214-005,REP-025,2025-02-14,Travel,435,false,true,Cab to hospital
EXP-20250216-004,REP-025,2025-02-16,Samples,795,true,true,Sample packs for HCP
EXP-20250220-006,REP-025,2025-02-20,Samples,373,false,true,Product samples drop
EXP-20250228-001,REP-025,2025-02-28,Mobile,460,false,true,Roaming charges
EXP-20250224-001,REP-025,2025-02-24,Lodging,3024,true,true,Hotel stay — field trip
EXP-20250304-004,REP-025,2025-03-04,Travel,1718,false,true,Cab to hospital
EXP-20250307-001,REP-025,2025-03-07,Lodging,3706,true,true,Hotel stay — field trip
EXP-20250309-002,REP-025,2025-03-09,Food,613,false,true,Team lunch with HCP
EXP-20250312-004,REP-025,2025-03-12,Travel,890,true,true,Fuel reimbursement
EXP-20250317-004,REP-025,2025-03-17,Travel,863,true,true,Bus fare
EXP-20250324-002,REP-025,2025-03-24,Lodging,2021,true,true,Guest house — 2 nights
EXP-20250403-004,REP-025,2025-04-03,Lodging,2658,true,true,Lodging — outstation visit
EXP-20250329-003,REP-025,2025-03-29,Food,296,false,true,Coffee meeting
EXP-20250408-005,REP-025,2025-04-08,Food,465,true,true,Working lunch
EXP-20250412-002,REP-025,2025-04-12,Conference,4662,true,true,Doctor meet sponsorship
EXP-20250414-004,REP-025,2025-04-14,Travel,1734,false,true,Auto to clinic
EXP-20250420-001,REP-025,2025-04-20,Samples,663,true,true,Sample packs for HCP
EXP-20250423-004,REP-025,2025-04-23,Travel,1931,true,true,Auto to clinic
EXP-20250426-005,REP-025,2025-04-26,Food,239,false,true,Team lunch with HCP
EXP-20250506-007,REP-025,2025-05-06,Food,267,true,true,Team lunch with HCP
EXP-20250506-008,REP-025,2025-05-06,Travel,1448,true,true,Train ticket
EXP-20250510-002,REP-025,2025-05-10,Lodging,2520,true,true,Guest house — 2 nights
EXP-20250517-004,REP-025,2025-05-17,Conference,3655,true,true,Conference registration
EXP-20250521-002,REP-025,2025-05-21,Travel,812,true,true,Cab to hospital
EXP-20250525-001,REP-025,2025-05-25,Travel,1453,true,true,Bus fare
EXP-20250530-004,REP-025,2025-05-30,Food,271,true,true,Dinner with HCP
EXP-20250603-006,REP-025,2025-06-03,Travel,673,true,true,Cab to hospital
EXP-20250607-006,REP-025,2025-06-07,Food,667,true,true,Team lunch with HCP
EXP-20250611-004,REP-025,2025-06-11,Samples,337,true,true,Sample packs for HCP
EXP-20250616-003,REP-025,2025-06-16,Lodging,3566,true,true,Lodging — outstation visit
EXP-20250623-003,REP-025,2025-06-23,Mobile,612,true,true,Roaming charges
EXP-20250627-002,REP-025,2025-06-27,Food,130,true,true,Coffee meeting
EXP-20250702-003,REP-025,2025-07-02,Travel,747,true,true,Train ticket
EXP-20250706-002,REP-025,2025-07-06,Other,293,true,true,Printing materials
EXP-20250705-004,REP-025,2025-07-05,Conference,4109,true,true,Doctor meet sponsorship
EXP-20250718-001,REP-025,2025-07-18,Travel,318,true,true,Cab to hospital
EXP-20250716-006,REP-025,2025-07-16,Travel,1458,true,true,Fuel reimbursement
EXP-20250725-004,REP-025,2025-07-25,Food,744,false,true,Dinner with HCP
EXP-20250719-003,REP-025,2025-07-19,Travel,998,true,true,Fuel reimbursement
EXP-20250731-002,REP-025,2025-07-31,Travel,1593,true,true,Train ticket
EXP-20250805-001,REP-025,2025-08-05,Travel,1726,true,true,Train ticket
EXP-20250807-004,REP-025,2025-08-07,Food,466,true,true,Team lunch with HCP
EXP-20250813-001,REP-025,2025-08-13,Travel,775,true,true,Train ticket
EXP-20250818-006,REP-025,2025-08-18,Travel,1005,true,true,Fuel reimbursement
EXP-20250817-003,REP-025,2025-08-17,Travel,1809,true,true,Auto to clinic
EXP-20250825-005,REP-025,2025-08-25,Food,435,true,true,Working lunch
EXP-20250905-005,REP-025,2025-09-05,Travel,623,true,true,Auto to clinic
EXP-20250830-003,REP-025,2025-08-30,Travel,1331,true,true,Train ticket
EXP-20250910-003,REP-025,2025-09-10,Lodging,3049,true,true,Hotel stay — field trip
EXP-20250919-005,REP-025,2025-09-19,Travel,784,true,true,Train ticket
EXP-20250922-005,REP-025,2025-09-22,Food,289,true,true,Working lunch
EXP-20250926-002,REP-025,2025-09-26,Travel,1771,false,true,Fuel reimbursement
EXP-20251002-004,REP-025,2025-10-02,Food,713,true,true,Team lunch with HCP
EXP-20250928-002,REP-025,2025-09-28,Samples,1222,true,true,Demo kit refill
EXP-20251006-002,REP-025,2025-10-06,Travel,653,true,true,Cab to hospital
EXP-20251012-004,REP-025,2025-10-12,Travel,1166,true,true,Auto to clinic
EXP-20251014-001,REP-025,2025-10-14,Travel,1736,true,true,Fuel reimbursement
EXP-20251019-002,REP-025,2025-10-19,Travel,1252,true,true,Cab to hospital
EXP-20251021-002,REP-025,2025-10-21,Travel,747,true,true,Train ticket
EXP-20251026-003,REP-025,2025-10-26,Travel,855,true,true,Train ticket
EXP-20251107-003,REP-025,2025-11-07,Lodging,3737,true,true,Hotel stay — field trip
EXP-20251105-005,REP-025,2025-11-05,Mobile,384,true,true,Roaming charges
EXP-20251110-001,REP-025,2025-11-10,Food,425,true,true,Team lunch with HCP
EXP-20251110-002,REP-025,2025-11-10,Lodging,2875,true,true,Hotel stay — field trip
EXP-20251117-003,REP-025,2025-11-17,Travel,471,false,true,Auto to clinic
EXP-20251123-003,REP-025,2025-11-23,Food,739,true,true,Coffee meeting
EXP-20251203-001,REP-025,2025-12-03,Travel,725,true,true,Cab to hospital
EXP-20251204-003,REP-025,2025-12-04,Travel,1514,false,true,Fuel reimbursement
EXP-20251212-003,REP-025,2025-12-12,Food,429,false,true,Snacks for meeting
EXP-20251211-002,REP-025,2025-12-11,Travel,930,true,true,Cab to hospital
EXP-20251216-001,REP-025,2025-12-16,Samples,694,true,true,Product samples drop
EXP-20251224-003,REP-025,2025-12-24,Lodging,3257,true,true,Guest house — 2 nights
EXP-20251223-004,REP-025,2025-12-23,Travel,760,true,true,Fuel reimbursement
EXP-20260102-004,REP-025,2026-01-02,Samples,234,true,true,Sample packs for HCP
EXP-20260107-001,REP-025,2026-01-07,Lodging,3679,true,true,Hotel stay — field trip
EXP-20260106-001,REP-025,2026-01-06,Travel,1908,true,true,Train ticket
EXP-20260114-003,REP-025,2026-01-14,Travel,1681,true,true,Train ticket
EXP-20260116-002,REP-025,2026-01-16,Mobile,303,true,true,Internet recharge
EXP-20260121-002,REP-025,2026-01-21,Samples,275,true,true,Product samples drop
EXP-20260122-003,REP-025,2026-01-22,Lodging,3689,true,true,Lodging — outstation visit
EXP-20260124-003,REP-025,2026-01-24,Travel,1904,true,true,Cab to hospital
EXP-20260130-003,REP-025,2026-01-30,Food,693,false,true,Team lunch with HCP
EXP-20260203-002,REP-025,2026-02-03,Travel,997,true,true,Train ticket
EXP-20260206-003,REP-025,2026-02-06,Travel,479,true,true,Fuel reimbursement
EXP-20260212-003,REP-025,2026-02-12,Food,153,true,true,Snacks for meeting
EXP-20260220-004,REP-025,2026-02-20,Lodging,3110,true,true,Hotel stay — field trip
EXP-20260216-003,REP-025,2026-02-16,Food,663,true,true,Dinner with HCP
EXP-20260224-003,REP-025,2026-02-24,Food,221,false,true,Snacks for meeting
EXP-20260223-001,REP-025,2026-02-23,Food,203,true,true,Snacks for meeting
EXP-20260302-002,REP-025,2026-03-02,Travel,1313,true,true,Auto to clinic
EXP-20260308-004,REP-025,2026-03-08,Travel,1136,true,true,Cab to hospital
EXP-20260307-002,REP-025,2026-03-07,Travel,207,true,true,Fuel reimbursement
EXP-20260315-003,REP-025,2026-03-15,Samples,134,true,true,Sample packs for HCP
EXP-20260326-002,REP-025,2026-03-26,Food,763,true,true,Team lunch with HCP
EXP-20260329-001,REP-025,2026-03-29,Travel,1473,true,true,Cab to hospital
EXP-20240719-003,REP-026,2024-07-19,Food,106,false,true,Working lunch
EXP-20240725-003,REP-026,2024-07-25,Travel,265,true,true,Train ticket
EXP-20240726-007,REP-026,2024-07-26,Food,447,true,true,Snacks for meeting
EXP-20240726-008,REP-026,2024-07-26,Samples,1031,true,true,Demo kit refill
EXP-20240803-003,REP-026,2024-08-03,Travel,1350,true,true,Auto to clinic
EXP-20240806-004,REP-026,2024-08-06,Conference,1992,true,true,CME event fees
EXP-20240811-002,REP-026,2024-08-11,Food,207,true,true,Working lunch
EXP-20240816-003,REP-026,2024-08-16,Food,655,true,true,Team lunch with HCP
EXP-20240828-004,REP-026,2024-08-28,Food,793,false,true,Dinner with HCP
EXP-20240828-005,REP-026,2024-08-28,Food,350,true,true,Snacks for meeting
EXP-20240903-002,REP-026,2024-09-03,Food,665,true,true,Team lunch with HCP
EXP-20240911-003,REP-026,2024-09-11,Lodging,3802,true,true,Lodging — outstation visit
EXP-20240906-004,REP-026,2024-09-06,Samples,726,true,true,Product samples drop
EXP-20240918-001,REP-026,2024-09-18,Travel,1584,true,true,Train ticket
EXP-20240926-004,REP-026,2024-09-26,Food,542,true,true,Dinner with HCP
EXP-20240924-005,REP-026,2024-09-24,Travel,1769,true,true,Fuel reimbursement
EXP-20241001-002,REP-026,2024-10-01,Travel,762,true,true,Bus fare
EXP-20240930-002,REP-026,2024-09-30,Conference,1495,true,true,CME event fees
EXP-20241006-005,REP-026,2024-10-06,Travel,1139,true,true,Auto to clinic
EXP-20241008-004,REP-026,2024-10-08,Travel,754,true,true,Bus fare
EXP-20241014-002,REP-026,2024-10-14,Lodging,3077,true,true,Hotel stay — field trip
EXP-20241024-004,REP-026,2024-10-24,Travel,849,true,true,Cab to hospital
EXP-20241020-004,REP-026,2024-10-20,Other,1540,false,true,Stationery
EXP-20241028-002,REP-026,2024-10-28,Food,122,true,true,Team lunch with HCP
EXP-20241105-003,REP-026,2024-11-05,Travel,1984,true,true,Bus fare
EXP-20241114-003,REP-026,2024-11-14,Travel,974,true,true,Auto to clinic
EXP-20241117-002,REP-026,2024-11-17,Samples,839,true,true,Sample packs for HCP
EXP-20241125-004,REP-026,2024-11-25,Food,540,true,true,Team lunch with HCP
EXP-20241124-006,REP-026,2024-11-24,Food,272,true,true,Dinner with HCP
EXP-20241129-002,REP-026,2024-11-29,Food,381,false,false,Coffee meeting
EXP-20241202-002,REP-026,2024-12-02,Food,236,true,true,Snacks for meeting
EXP-20241212-003,REP-026,2024-12-12,Food,558,false,true,Dinner with HCP
EXP-20241219-005,REP-026,2024-12-19,Travel,840,true,true,Train ticket
EXP-20241213-003,REP-026,2024-12-13,Lodging,2365,false,true,Guest house — 2 nights
EXP-20241223-007,REP-026,2024-12-23,Travel,337,true,true,Train ticket
EXP-20250102-002,REP-026,2025-01-02,Mobile,258,true,true,Mobile bill
EXP-20241229-004,REP-026,2024-12-29,Travel,297,true,true,Train ticket
EXP-20250109-001,REP-026,2025-01-09,Food,240,true,true,Coffee meeting
EXP-20250113-002,REP-026,2025-01-13,Travel,1543,true,false,Auto to clinic
EXP-20250113-003,REP-026,2025-01-13,Travel,1762,true,true,Auto to clinic
EXP-20250121-002,REP-026,2025-01-21,Mobile,715,true,true,Mobile bill
EXP-20250125-004,REP-026,2025-01-25,Travel,881,true,true,Auto to clinic
EXP-20250201-003,REP-026,2025-02-01,Food,790,true,true,Working lunch
EXP-20250205-003,REP-026,2025-02-05,Travel,1187,true,true,Fuel reimbursement
EXP-20250210-002,REP-026,2025-02-10,Lodging,2237,true,true,Hotel stay — field trip
EXP-20250219-005,REP-026,2025-02-19,Food,281,true,true,Team lunch with HCP
EXP-20250224-002,REP-026,2025-02-24,Lodging,3431,true,true,Guest house — 2 nights
EXP-20250226-002,REP-026,2025-02-26,Lodging,3944,true,true,Hotel stay — field trip
EXP-20250302-005,REP-026,2025-03-02,Samples,368,true,false,Demo kit refill
EXP-20250312-005,REP-026,2025-03-12,Travel,690,true,false,Fuel reimbursement
EXP-20250313-002,REP-026,2025-03-13,Food,633,true,true,Coffee meeting
EXP-20250316-004,REP-026,2025-03-16,Lodging,1576,false,true,Guest house — 2 nights
EXP-20250325-005,REP-026,2025-03-25,Food,591,true,true,Snacks for meeting
EXP-20250323-002,REP-026,2025-03-23,Travel,550,true,true,Train ticket
EXP-20250328-003,REP-026,2025-03-28,Conference,1110,true,true,Conference registration
EXP-20250331-002,REP-026,2025-03-31,Food,212,true,true,Snacks for meeting
EXP-20250404-002,REP-026,2025-04-04,Travel,442,true,true,Bus fare
EXP-20250417-003,REP-026,2025-04-17,Conference,4005,true,true,Doctor meet sponsorship
EXP-20250414-005,REP-026,2025-04-14,Mobile,146,true,false,Roaming charges
EXP-20250420-002,REP-026,2025-04-20,Travel,1214,true,true,Bus fare
EXP-20250419-003,REP-026,2025-04-19,Lodging,3058,true,false,Guest house — 2 nights
EXP-20250501-004,REP-026,2025-05-01,Lodging,3811,true,true,Guest house — 2 nights
EXP-20250508-002,REP-026,2025-05-08,Food,513,true,true,Snacks for meeting
EXP-20250504-002,REP-026,2025-05-04,Travel,1636,true,true,Train ticket
EXP-20250510-003,REP-026,2025-05-10,Travel,1618,true,true,Auto to clinic
EXP-20250520-003,REP-026,2025-05-20,Travel,1052,true,true,Train ticket
EXP-20250520-004,REP-026,2025-05-20,Travel,422,false,true,Cab to hospital
EXP-20250524-003,REP-026,2025-05-24,Food,120,true,true,Team lunch with HCP
EXP-20250526-004,REP-026,2025-05-26,Food,174,true,true,Dinner with HCP
EXP-20250604-002,REP-026,2025-06-04,Mobile,440,true,true,Mobile bill
EXP-20250604-003,REP-026,2025-06-04,Food,552,true,true,Team lunch with HCP
EXP-20250610-004,REP-026,2025-06-10,Samples,1171,true,false,Sample packs for HCP
EXP-20250611-005,REP-026,2025-06-11,Travel,1021,true,true,Fuel reimbursement
EXP-20250615-007,REP-026,2025-06-15,Travel,833,true,true,Train ticket
EXP-20250624-003,REP-026,2025-06-24,Lodging,1760,true,true,Lodging — outstation visit
EXP-20250630-004,REP-026,2025-06-30,Lodging,1616,true,true,Hotel stay — field trip
EXP-20250708-005,REP-026,2025-07-08,Lodging,2703,true,true,Lodging — outstation visit
EXP-20250717-002,REP-026,2025-07-17,Samples,1260,true,true,Demo kit refill
EXP-20250722-003,REP-026,2025-07-22,Samples,938,true,true,Sample packs for HCP
EXP-20250727-001,REP-026,2025-07-27,Travel,1912,true,true,Train ticket
EXP-20250805-002,REP-026,2025-08-05,Conference,3035,true,true,CME event fees
EXP-20250807-005,REP-026,2025-08-07,Travel,1137,true,true,Auto to clinic
EXP-20250814-004,REP-026,2025-08-14,Travel,1723,false,true,Bus fare
EXP-20250814-005,REP-026,2025-08-14,Lodging,1635,true,true,Hotel stay — field trip
EXP-20250815-002,REP-026,2025-08-15,Food,350,true,true,Snacks for meeting
EXP-20250827-002,REP-026,2025-08-27,Lodging,2707,true,true,Lodging — outstation visit
EXP-20250824-001,REP-026,2025-08-24,Lodging,3264,false,false,Hotel stay — field trip
EXP-20250904-003,REP-026,2025-09-04,Lodging,2012,true,true,Lodging — outstation visit
EXP-20250829-003,REP-026,2025-08-29,Samples,1047,true,true,Demo kit refill
EXP-20250909-002,REP-026,2025-09-09,Food,776,true,true,Working lunch
EXP-20250910-004,REP-026,2025-09-10,Travel,1346,true,true,Bus fare
EXP-20250914-001,REP-026,2025-09-14,Travel,1213,true,true,Train ticket
EXP-20250919-006,REP-026,2025-09-19,Samples,158,true,true,Sample packs for HCP
EXP-20250924-001,REP-026,2025-09-24,Travel,1278,true,true,Cab to hospital
EXP-20251001-001,REP-026,2025-10-01,Travel,1121,true,true,Train ticket
EXP-20250926-003,REP-026,2025-09-26,Travel,1896,true,true,Fuel reimbursement
EXP-20251006-003,REP-026,2025-10-06,Travel,1976,true,true,Auto to clinic
EXP-20251004-002,REP-026,2025-10-04,Lodging,3963,true,true,Lodging — outstation visit
EXP-20251014-002,REP-026,2025-10-14,Lodging,3821,true,true,Lodging — outstation visit
EXP-20251023-005,REP-026,2025-10-23,Travel,438,true,true,Cab to hospital
EXP-20251025-002,REP-026,2025-10-25,Travel,1686,true,true,Cab to hospital
EXP-20251026-004,REP-026,2025-10-26,Samples,1380,true,true,Product samples drop
EXP-20251106-003,REP-026,2025-11-06,Samples,1389,true,true,Demo kit refill
EXP-20251102-002,REP-026,2025-11-02,Travel,346,false,true,Bus fare
EXP-20251108-003,REP-026,2025-11-08,Lodging,2782,true,true,Lodging — outstation visit
EXP-20251117-004,REP-026,2025-11-17,Lodging,2692,true,true,Guest house — 2 nights
EXP-20251124-003,REP-026,2025-11-24,Lodging,3195,true,true,Guest house — 2 nights
EXP-20251204-004,REP-026,2025-12-04,Lodging,2653,true,true,Guest house — 2 nights
EXP-20251205-003,REP-026,2025-12-05,Travel,1514,true,true,Bus fare
EXP-20251218-002,REP-026,2025-12-18,Mobile,202,false,true,Roaming charges
EXP-20251222-001,REP-026,2025-12-22,Travel,1336,true,true,Train ticket
EXP-20251219-001,REP-026,2025-12-19,Food,794,false,true,Dinner with HCP
EXP-20251229-002,REP-026,2025-12-29,Travel,1150,true,true,Cab to hospital
EXP-20260103-002,REP-026,2026-01-03,Food,625,false,true,Snacks for meeting
EXP-20260105-003,REP-026,2026-01-05,Travel,1195,true,true,Fuel reimbursement
EXP-20260110-003,REP-026,2026-01-10,Other,1617,true,true,Printing materials
EXP-20260111-002,REP-026,2026-01-11,Travel,1002,true,true,Cab to hospital
EXP-20260120-003,REP-026,2026-01-20,Travel,1268,true,true,Fuel reimbursement
EXP-20260121-003,REP-026,2026-01-21,Travel,842,false,true,Auto to clinic
EXP-20260125-002,REP-026,2026-01-25,Travel,509,true,true,Train ticket
EXP-20260202-005,REP-026,2026-02-02,Food,263,true,true,Snacks for meeting
EXP-20260202-006,REP-026,2026-02-02,Travel,1803,true,true,Fuel reimbursement
EXP-20260206-004,REP-026,2026-02-06,Lodging,2506,true,true,Guest house — 2 nights
EXP-20260216-004,REP-026,2026-02-16,Samples,667,true,false,Demo kit refill
EXP-20260223-002,REP-026,2026-02-23,Travel,352,true,true,Bus fare
EXP-20260220-005,REP-026,2026-02-20,Mobile,215,true,true,Roaming charges
EXP-20260302-003,REP-026,2026-03-02,Lodging,2569,true,true,Guest house — 2 nights
EXP-20260303-001,REP-026,2026-03-03,Food,357,true,true,Dinner with HCP
EXP-20260309-002,REP-026,2026-03-09,Lodging,2095,true,true,Lodging — outstation visit
EXP-20260318-003,REP-026,2026-03-18,Travel,488,true,true,Auto to clinic
EXP-20260326-003,REP-026,2026-03-26,Travel,1123,true,true,Bus fare
EXP-20260322-002,REP-026,2026-03-22,Samples,172,false,true,Demo kit refill
EXP-20230403-003,REP-027,2023-04-03,Travel,1938,false,true,Auto to clinic
EXP-20230411-001,REP-027,2023-04-11,Conference,4431,true,true,Conference registration
EXP-20230411-002,REP-027,2023-04-11,Travel,1820,true,true,Auto to clinic
EXP-20230419-004,REP-027,2023-04-19,Travel,653,true,true,Cab to hospital
EXP-20230423-003,REP-027,2023-04-23,Samples,930,true,true,Sample packs for HCP
EXP-20230502-003,REP-027,2023-05-02,Food,488,true,true,Working lunch
EXP-20230503-003,REP-027,2023-05-03,Food,403,true,true,Dinner with HCP
EXP-20230507-002,REP-027,2023-05-07,Travel,1504,true,true,Cab to hospital
EXP-20230505-002,REP-027,2023-05-05,Food,678,true,true,Dinner with HCP
EXP-20230517-006,REP-027,2023-05-17,Lodging,2960,true,false,Hotel stay — field trip
EXP-20230514-001,REP-027,2023-05-14,Travel,394,true,true,Auto to clinic
EXP-20230520-002,REP-027,2023-05-20,Travel,735,true,true,Auto to clinic
EXP-20230530-003,REP-027,2023-05-30,Travel,1448,true,true,Train ticket
EXP-20230526-001,REP-027,2023-05-26,Conference,2705,true,true,Doctor meet sponsorship
EXP-20230602-002,REP-027,2023-06-02,Food,797,true,true,Team lunch with HCP
EXP-20230610-004,REP-027,2023-06-10,Travel,456,true,true,Train ticket
EXP-20230610-005,REP-027,2023-06-10,Other,1410,true,true,Stationery
EXP-20230616-003,REP-027,2023-06-16,Samples,460,true,true,Demo kit refill
EXP-20230624-003,REP-027,2023-06-24,Food,155,true,true,Coffee meeting
EXP-20230625-002,REP-027,2023-06-25,Travel,580,true,true,Auto to clinic
EXP-20230704-003,REP-027,2023-07-04,Food,504,true,true,Coffee meeting
EXP-20230709-004,REP-027,2023-07-09,Lodging,3474,true,true,Hotel stay — field trip
EXP-20230716-003,REP-027,2023-07-16,Travel,1746,true,false,Auto to clinic
EXP-20230724-004,REP-027,2023-07-24,Travel,1082,true,true,Cab to hospital
EXP-20230725-002,REP-027,2023-07-25,Food,369,true,false,Team lunch with HCP
EXP-20230729-002,REP-027,2023-07-29,Travel,1591,false,true,Train ticket
EXP-20230809-004,REP-027,2023-08-09,Travel,1215,true,true,Train ticket
EXP-20230815-003,REP-027,2023-08-15,Travel,1524,false,true,Train ticket
EXP-20230818-001,REP-027,2023-08-18,Travel,1074,true,true,Bus fare
EXP-20230827-001,REP-027,2023-08-27,Mobile,585,true,false,Roaming charges
EXP-20230824-002,REP-027,2023-08-24,Lodging,3800,true,true,Hotel stay — field trip
EXP-20230831-004,REP-027,2023-08-31,Samples,1181,false,true,Product samples drop
EXP-20230902-002,REP-027,2023-09-02,Other,407,true,true,Stationery
EXP-20230912-003,REP-027,2023-09-12,Food,789,true,true,Working lunch
EXP-20230919-003,REP-027,2023-09-19,Samples,1100,false,true,Demo kit refill
EXP-20230919-004,REP-027,2023-09-19,Travel,421,true,true,Train ticket
EXP-20230922-005,REP-027,2023-09-22,Food,698,true,true,Coffee meeting
EXP-20230926-001,REP-027,2023-09-26,Travel,789,true,true,Fuel reimbursement
EXP-20230930-002,REP-027,2023-09-30,Samples,1339,true,true,Demo kit refill
EXP-20231004-003,REP-027,2023-10-04,Food,521,false,true,Snacks for meeting
EXP-20231008-003,REP-027,2023-10-08,Travel,1308,false,true,Auto to clinic
EXP-20231012-003,REP-027,2023-10-12,Lodging,3867,true,true,Guest house — 2 nights
EXP-20231020-003,REP-027,2023-10-20,Samples,697,false,true,Demo kit refill
EXP-20231031-002,REP-027,2023-10-31,Mobile,445,false,true,Mobile bill
EXP-20231103-003,REP-027,2023-11-03,Samples,1190,true,true,Product samples drop
EXP-20231107-003,REP-027,2023-11-07,Food,245,true,true,Working lunch
EXP-20231115-002,REP-027,2023-11-15,Travel,1573,true,true,Train ticket
EXP-20231122-003,REP-027,2023-11-22,Travel,329,true,true,Bus fare
EXP-20231128-003,REP-027,2023-11-28,Other,513,true,true,Printing materials
EXP-20231125-003,REP-027,2023-11-25,Travel,1765,true,false,Auto to clinic
EXP-20231204-005,REP-027,2023-12-04,Travel,454,true,true,Cab to hospital
EXP-20231207-003,REP-027,2023-12-07,Food,239,true,true,Snacks for meeting
EXP-20231220-004,REP-027,2023-12-20,Food,399,true,true,Dinner with HCP
EXP-20231227-001,REP-027,2023-12-27,Samples,335,true,true,Product samples drop
EXP-20231223-004,REP-027,2023-12-23,Lodging,2461,true,true,Hotel stay — field trip
EXP-20231228-003,REP-027,2023-12-28,Travel,1518,true,true,Bus fare
EXP-20231230-003,REP-027,2023-12-30,Lodging,3415,true,true,Guest house — 2 nights
EXP-20240110-002,REP-027,2024-01-10,Food,797,true,true,Snacks for meeting
EXP-20240107-004,REP-027,2024-01-07,Travel,1619,true,true,Auto to clinic
EXP-20240116-003,REP-027,2024-01-16,Samples,308,true,true,Demo kit refill
EXP-20240112-003,REP-027,2024-01-12,Lodging,3440,false,true,Hotel stay — field trip
EXP-20240124-002,REP-027,2024-01-24,Mobile,411,true,true,Internet recharge
EXP-20240121-003,REP-027,2024-01-21,Lodging,3007,true,true,Hotel stay — field trip
EXP-20240125-003,REP-027,2024-01-25,Travel,502,true,true,Bus fare
EXP-20240201-006,REP-027,2024-02-01,Food,613,true,true,Dinner with HCP
EXP-20240211-005,REP-027,2024-02-11,Travel,482,true,true,Fuel reimbursement
EXP-20240215-002,REP-027,2024-02-15,Travel,599,true,true,Auto to clinic
EXP-20240221-003,REP-027,2024-02-21,Travel,1775,true,true,Auto to clinic
EXP-20240226-002,REP-027,2024-02-26,Travel,1474,true,true,Bus fare
EXP-20240304-002,REP-027,2024-03-04,Travel,1176,true,true,Bus fare
EXP-20240308-004,REP-027,2024-03-08,Food,377,true,true,Team lunch with HCP
EXP-20240317-002,REP-027,2024-03-17,Food,262,true,true,Snacks for meeting
EXP-20240317-003,REP-027,2024-03-17,Travel,1920,true,true,Cab to hospital
EXP-20240323-003,REP-027,2024-03-23,Food,180,true,true,Dinner with HCP
EXP-20240402-004,REP-027,2024-04-02,Travel,719,true,true,Bus fare
EXP-20240408-001,REP-027,2024-04-08,Samples,843,true,true,Demo kit refill
EXP-20240414-002,REP-027,2024-04-14,Lodging,3541,true,true,Hotel stay — field trip
EXP-20240413-004,REP-027,2024-04-13,Samples,133,true,true,Sample packs for HCP
EXP-20240420-003,REP-027,2024-04-20,Lodging,3322,true,true,Guest house — 2 nights
EXP-20240420-004,REP-027,2024-04-20,Samples,1127,true,true,Sample packs for HCP
EXP-20240429-003,REP-027,2024-04-29,Travel,1188,true,true,Bus fare
EXP-20240507-002,REP-027,2024-05-07,Travel,1669,true,true,Train ticket
EXP-20240508-003,REP-027,2024-05-08,Travel,274,true,true,Auto to clinic
EXP-20240514-002,REP-027,2024-05-14,Lodging,3473,true,true,Lodging — outstation visit
EXP-20240514-003,REP-027,2024-05-14,Travel,1607,true,true,Cab to hospital
EXP-20240516-002,REP-027,2024-05-16,Lodging,3858,true,true,Guest house — 2 nights
EXP-20240526-007,REP-027,2024-05-26,Food,638,true,true,Working lunch
EXP-20240524-004,REP-027,2024-05-24,Mobile,744,true,true,Mobile bill
EXP-20240601-002,REP-027,2024-06-01,Mobile,334,true,true,Mobile bill
EXP-20240601-003,REP-027,2024-06-01,Travel,850,true,true,Auto to clinic
EXP-20240608-001,REP-027,2024-06-08,Travel,1470,true,true,Fuel reimbursement
EXP-20240614-004,REP-027,2024-06-14,Travel,1832,true,true,Fuel reimbursement
EXP-20240614-005,REP-027,2024-06-14,Samples,892,true,true,Demo kit refill
EXP-20240626-003,REP-027,2024-06-26,Conference,4337,true,true,Conference registration
EXP-20240702-006,REP-027,2024-07-02,Travel,1461,true,true,Train ticket
EXP-20240630-005,REP-027,2024-06-30,Food,515,true,true,Dinner with HCP
EXP-20240708-002,REP-027,2024-07-08,Conference,2849,true,true,Conference registration
EXP-20240708-003,REP-027,2024-07-08,Travel,671,true,true,Fuel reimbursement
EXP-20240714-001,REP-027,2024-07-14,Food,497,true,true,Team lunch with HCP
EXP-20240721-002,REP-027,2024-07-21,Mobile,667,true,true,Mobile bill
EXP-20240728-004,REP-027,2024-07-28,Other,1033,true,true,Printing materials
EXP-20240726-009,REP-027,2024-07-26,Travel,945,true,true,Train ticket
EXP-20240803-004,REP-027,2024-08-03,Travel,683,true,true,Cab to hospital
EXP-20240808-001,REP-027,2024-08-08,Mobile,407,false,true,Roaming charges
EXP-20240810-005,REP-027,2024-08-10,Travel,1096,true,true,Bus fare
EXP-20240816-004,REP-027,2024-08-16,Travel,524,true,true,Fuel reimbursement
EXP-20240826-003,REP-027,2024-08-26,Travel,902,true,true,Bus fare
EXP-20240902-002,REP-027,2024-09-02,Food,115,false,true,Coffee meeting
EXP-20240829-002,REP-027,2024-08-29,Food,486,true,true,Dinner with HCP
EXP-20240910-003,REP-027,2024-09-10,Travel,1021,true,true,Cab to hospital
EXP-20240909-002,REP-027,2024-09-09,Food,306,true,true,Coffee meeting
EXP-20240916-005,REP-027,2024-09-16,Travel,383,true,true,Fuel reimbursement
EXP-20240918-002,REP-027,2024-09-18,Travel,1901,true,true,Auto to clinic
EXP-20240919-003,REP-027,2024-09-19,Food,539,true,true,Working lunch
EXP-20240924-006,REP-027,2024-09-24,Travel,464,true,true,Auto to clinic
EXP-20240927-001,REP-027,2024-09-27,Travel,1837,true,true,Bus fare
EXP-20240929-002,REP-027,2024-09-29,Lodging,1539,true,true,Lodging — outstation visit
EXP-20241007-004,REP-027,2024-10-07,Travel,601,true,true,Cab to hospital
EXP-20241003-005,REP-027,2024-10-03,Samples,905,true,true,Demo kit refill
EXP-20241010-005,REP-027,2024-10-10,Food,453,true,true,Working lunch
EXP-20241021-002,REP-027,2024-10-21,Food,786,false,true,Snacks for meeting
EXP-20241018-005,REP-027,2024-10-18,Lodging,2424,true,true,Guest house — 2 nights
EXP-20241025-003,REP-027,2024-10-25,Lodging,2505,true,true,Hotel stay — field trip
EXP-20241105-004,REP-027,2024-11-05,Mobile,521,true,true,Internet recharge
EXP-20241106-003,REP-027,2024-11-06,Travel,1059,true,true,Cab to hospital
EXP-20241110-003,REP-027,2024-11-10,Food,120,false,true,Dinner with HCP
EXP-20241109-003,REP-027,2024-11-09,Travel,1139,true,true,Fuel reimbursement
EXP-20241119-003,REP-027,2024-11-19,Travel,437,true,false,Auto to clinic
EXP-20241121-001,REP-027,2024-11-21,Lodging,3665,true,true,Hotel stay — field trip
EXP-20241130-002,REP-027,2024-11-30,Travel,953,true,true,Bus fare
EXP-20241201-006,REP-027,2024-12-01,Samples,1215,true,true,Demo kit refill
EXP-20241211-002,REP-027,2024-12-11,Travel,1728,true,false,Bus fare
EXP-20241216-003,REP-027,2024-12-16,Food,390,true,true,Team lunch with HCP
EXP-20241215-003,REP-027,2024-12-15,Samples,1150,true,true,Demo kit refill
EXP-20241219-006,REP-027,2024-12-19,Travel,267,true,true,Train ticket
EXP-20241225-001,REP-027,2024-12-25,Food,418,true,true,Coffee meeting
EXP-20241230-007,REP-027,2024-12-30,Lodging,2913,true,true,Hotel stay — field trip
EXP-20250103-004,REP-027,2025-01-03,Travel,1502,true,true,Train ticket
EXP-20250114-006,REP-027,2025-01-14,Travel,1930,true,true,Auto to clinic
EXP-20250116-005,REP-027,2025-01-16,Lodging,1710,true,true,Lodging — outstation visit
EXP-20250119-004,REP-027,2025-01-19,Food,384,true,true,Dinner with HCP
EXP-20250126-002,REP-027,2025-01-26,Lodging,3139,true,true,Guest house — 2 nights
EXP-20250129-003,REP-027,2025-01-29,Lodging,2140,true,true,Lodging — outstation visit
EXP-20250205-004,REP-027,2025-02-05,Travel,766,true,true,Cab to hospital
EXP-20250212-003,REP-027,2025-02-12,Travel,446,true,true,Cab to hospital
EXP-20250211-002,REP-027,2025-02-11,Lodging,2259,true,true,Hotel stay — field trip
EXP-20250218-002,REP-027,2025-02-18,Travel,1664,true,true,Bus fare
EXP-20250222-004,REP-027,2025-02-22,Travel,285,false,true,Train ticket
EXP-20250227-003,REP-027,2025-02-27,Travel,1300,true,true,Fuel reimbursement
EXP-20250308-004,REP-027,2025-03-08,Mobile,281,true,true,Mobile bill
EXP-20250307-002,REP-027,2025-03-07,Food,607,true,true,Snacks for meeting
EXP-20250313-003,REP-027,2025-03-13,Food,305,true,true,Working lunch
EXP-20250315-004,REP-027,2025-03-15,Lodging,2745,true,true,Hotel stay — field trip
EXP-20250322-004,REP-027,2025-03-22,Food,385,true,true,Coffee meeting
EXP-20250330-004,REP-027,2025-03-30,Food,615,true,false,Coffee meeting
EXP-20250407-002,REP-027,2025-04-07,Travel,465,false,true,Fuel reimbursement
EXP-20250413-005,REP-027,2025-04-13,Travel,924,false,true,Cab to hospital
EXP-20250423-005,REP-027,2025-04-23,Travel,1583,true,true,Bus fare
EXP-20250422-004,REP-027,2025-04-22,Travel,1700,true,true,Train ticket
EXP-20250425-007,REP-027,2025-04-25,Lodging,1872,true,true,Lodging — outstation visit
EXP-20250502-003,REP-027,2025-05-02,Lodging,3232,true,true,Hotel stay — field trip
EXP-20250512-006,REP-027,2025-05-12,Travel,886,true,true,Auto to clinic
EXP-20250518-005,REP-027,2025-05-18,Samples,129,true,true,Demo kit refill
EXP-20250524-004,REP-027,2025-05-24,Food,675,true,true,Team lunch with HCP
EXP-20250524-005,REP-027,2025-05-24,Samples,880,true,true,Sample packs for HCP
EXP-20250602-003,REP-027,2025-06-02,Food,644,true,true,Snacks for meeting
EXP-20250530-005,REP-027,2025-05-30,Travel,366,true,true,Cab to hospital
EXP-20250605-005,REP-027,2025-06-05,Samples,438,true,true,Sample packs for HCP
EXP-20250607-007,REP-027,2025-06-07,Travel,1972,true,true,Cab to hospital
EXP-20250612-003,REP-027,2025-06-12,Mobile,633,true,true,Mobile bill
EXP-20250625-003,REP-027,2025-06-25,Conference,808,true,true,Conference registration
EXP-20250630-005,REP-027,2025-06-30,Lodging,2489,true,true,Guest house — 2 nights
EXP-20250705-005,REP-027,2025-07-05,Other,738,true,true,Misc expense
EXP-20250716-007,REP-027,2025-07-16,Conference,4141,true,true,Conference registration
EXP-20250713-001,REP-027,2025-07-13,Food,204,true,true,Coffee meeting
EXP-20250719-004,REP-027,2025-07-19,Food,730,true,true,Team lunch with HCP
EXP-20250725-005,REP-027,2025-07-25,Food,337,true,true,Snacks for meeting
EXP-20250728-002,REP-027,2025-07-28,Food,672,true,true,Working lunch
EXP-20250802-003,REP-027,2025-08-02,Food,252,true,false,Dinner with HCP
EXP-20250806-004,REP-027,2025-08-06,Travel,785,true,true,Cab to hospital
EXP-20250809-004,REP-027,2025-08-09,Travel,1130,true,true,Auto to clinic
EXP-20250807-006,REP-027,2025-08-07,Travel,799,true,true,Bus fare
EXP-20250819-003,REP-027,2025-08-19,Conference,3040,true,true,Doctor meet sponsorship
EXP-20250822-002,REP-027,2025-08-22,Food,735,true,true,Snacks for meeting
EXP-20250828-002,REP-027,2025-08-28,Food,239,true,true,Working lunch
EXP-20250903-001,REP-027,2025-09-03,Lodging,3334,true,true,Lodging — outstation visit
EXP-20250905-006,REP-027,2025-09-05,Lodging,2801,true,true,Lodging — outstation visit
EXP-20250910-005,REP-027,2025-09-10,Food,199,true,true,Coffee meeting
EXP-20250911-002,REP-027,2025-09-11,Travel,895,true,true,Auto to clinic
EXP-20250912-004,REP-027,2025-09-12,Food,568,true,true,Dinner with HCP
EXP-20250921-001,REP-027,2025-09-21,Food,777,true,true,Working lunch
EXP-20250925-003,REP-027,2025-09-25,Food,274,true,true,Coffee meeting
EXP-20250927-003,REP-027,2025-09-27,Other,600,true,true,Stationery
EXP-20251007-004,REP-027,2025-10-07,Samples,1069,true,true,Sample packs for HCP
EXP-20251014-003,REP-027,2025-10-14,Lodging,4727,true,false,Hotel stay — field trip
EXP-20251014-004,REP-027,2025-10-14,Mobile,181,true,true,Roaming charges
EXP-20251021-003,REP-027,2025-10-21,Food,149,true,true,Dinner with HCP
EXP-20251026-005,REP-027,2025-10-26,Food,788,false,true,Working lunch
EXP-20251101-002,REP-027,2025-11-01,Mobile,541,true,true,Mobile bill
EXP-20251107-004,REP-027,2025-11-07,Travel,1540,true,true,Bus fare
EXP-20251107-005,REP-027,2025-11-07,Travel,1983,false,true,Cab to hospital
EXP-20251113-002,REP-027,2025-11-13,Samples,511,false,true,Demo kit refill
EXP-20251117-005,REP-027,2025-11-17,Travel,697,true,true,Train ticket
EXP-20251120-001,REP-027,2025-11-20,Travel,1657,false,true,Fuel reimbursement
EXP-20251201-002,REP-027,2025-12-01,Travel,1411,true,true,Train ticket
EXP-20251206-004,REP-027,2025-12-06,Food,368,true,true,Working lunch
EXP-20251206-005,REP-027,2025-12-06,Travel,716,true,true,Cab to hospital
EXP-20251217-002,REP-027,2025-12-17,Other,1094,false,true,Printing materials
EXP-20251222-002,REP-027,2025-12-22,Travel,1758,true,true,Bus fare
EXP-20251218-003,REP-027,2025-12-18,Travel,1802,true,true,Bus fare
EXP-20251231-002,REP-027,2025-12-31,Travel,704,true,true,Fuel reimbursement
EXP-20260107-002,REP-027,2026-01-07,Travel,549,true,true,Cab to hospital
EXP-20260108-004,REP-027,2026-01-08,Travel,1940,true,true,Bus fare
EXP-20260111-003,REP-027,2026-01-11,Other,205,true,true,Printing materials
EXP-20260117-002,REP-027,2026-01-17,Travel,1666,false,true,Auto to clinic
EXP-20260128-001,REP-027,2026-01-28,Food,447,true,true,Team lunch with HCP
EXP-20260125-003,REP-027,2026-01-25,Travel,642,true,true,Bus fare
EXP-20260201-001,REP-027,2026-02-01,Food,107,true,true,Team lunch with HCP
EXP-20260131-002,REP-027,2026-01-31,Food,471,true,true,Dinner with HCP
EXP-20260206-005,REP-027,2026-02-06,Travel,624,true,true,Auto to clinic
EXP-20260205-003,REP-027,2026-02-05,Travel,1365,true,true,Train ticket
EXP-20260217-001,REP-027,2026-02-17,Travel,1927,true,true,Bus fare
EXP-20260220-006,REP-027,2026-02-20,Food,627,true,true,Dinner with HCP
EXP-20260223-003,REP-027,2026-02-23,Samples,829,true,true,Sample packs for HCP
EXP-20260302-004,REP-027,2026-03-02,Lodging,3542,true,true,Guest house — 2 nights
EXP-20260303-002,REP-027,2026-03-03,Samples,1034,true,true,Sample packs for HCP
EXP-20260310-003,REP-027,2026-03-10,Travel,1041,true,true,Fuel reimbursement
EXP-20260307-003,REP-027,2026-03-07,Mobile,572,true,true,Roaming charges
EXP-20260318-004,REP-027,2026-03-18,Travel,1660,true,true,Fuel reimbursement
EXP-20260324-003,REP-027,2026-03-24,Food,651,true,true,Dinner with HCP
EXP-20260321-001,REP-027,2026-03-21,Travel,769,true,true,Train ticket
EXP-20260329-002,REP-027,2026-03-29,Travel,1287,true,false,Fuel reimbursement
EXP-20260327-001,REP-027,2026-03-27,Food,469,true,true,Working lunch
EXP-20230405-002,REP-028,2023-04-05,Travel,1269,true,true,Auto to clinic
EXP-20230406-003,REP-028,2023-04-06,Travel,1919,true,true,Bus fare
EXP-20230412-001,REP-028,2023-04-12,Travel,1710,true,true,Auto to clinic
EXP-20230411-003,REP-028,2023-04-11,Samples,667,true,true,Demo kit refill
EXP-20230418-002,REP-028,2023-04-18,Travel,723,true,true,Cab to hospital
EXP-20230428-002,REP-028,2023-04-28,Travel,1801,false,true,Bus fare
EXP-20230505-003,REP-028,2023-05-05,Travel,1359,true,true,Fuel reimbursement
EXP-20230509-003,REP-028,2023-05-09,Lodging,3810,true,true,Hotel stay — field trip
EXP-20230508-004,REP-028,2023-05-08,Samples,125,true,true,Product samples drop
EXP-20230513-003,REP-028,2023-05-13,Food,203,true,true,Working lunch
EXP-20230516-002,REP-028,2023-05-16,Food,769,true,true,Snacks for meeting
EXP-20230526-002,REP-028,2023-05-26,Travel,1255,true,true,Fuel reimbursement
EXP-20230531-005,REP-028,2023-05-31,Travel,513,true,true,Auto to clinic
EXP-20230603-005,REP-028,2023-06-03,Travel,218,true,true,Cab to hospital
EXP-20230615-004,REP-028,2023-06-15,Lodging,1997,true,true,Hotel stay — field trip
EXP-20230614-002,REP-028,2023-06-14,Lodging,1930,true,true,Hotel stay — field trip
EXP-20230619-002,REP-028,2023-06-19,Travel,1690,true,true,Fuel reimbursement
EXP-20230619-003,REP-028,2023-06-19,Travel,404,true,true,Train ticket
EXP-20230626-003,REP-028,2023-06-26,Lodging,2531,true,true,Hotel stay — field trip
EXP-20230706-003,REP-028,2023-07-06,Travel,1255,true,false,Fuel reimbursement
EXP-20230714-005,REP-028,2023-07-14,Lodging,2133,false,true,Guest house — 2 nights
EXP-20230710-002,REP-028,2023-07-10,Samples,605,true,true,Demo kit refill
EXP-20230720-004,REP-028,2023-07-20,Travel,1546,false,true,Cab to hospital
EXP-20230720-005,REP-028,2023-07-20,Travel,1388,true,true,Fuel reimbursement
EXP-20230723-004,REP-028,2023-07-23,Samples,1003,true,true,Product samples drop
EXP-20230803-003,REP-028,2023-08-03,Food,544,true,true,Dinner with HCP
EXP-20230802-002,REP-028,2023-08-02,Travel,1284,true,true,Auto to clinic
EXP-20230807-004,REP-028,2023-08-07,Travel,1872,true,true,Fuel reimbursement
EXP-20230812-005,REP-028,2023-08-12,Food,408,true,true,Snacks for meeting
EXP-20230820-005,REP-028,2023-08-20,Lodging,3929,true,true,Lodging — outstation visit
EXP-20230828-004,REP-028,2023-08-28,Lodging,1978,true,true,Lodging — outstation visit
EXP-20230827-002,REP-028,2023-08-27,Travel,1548,true,true,Bus fare
EXP-20230904-002,REP-028,2023-09-04,Food,443,true,true,Working lunch
EXP-20230903-003,REP-028,2023-09-03,Food,657,true,true,Dinner with HCP
EXP-20230911-003,REP-028,2023-09-11,Travel,1488,true,true,Cab to hospital
EXP-20230919-005,REP-028,2023-09-19,Lodging,3660,true,true,Lodging — outstation visit
EXP-20230920-002,REP-028,2023-09-20,Travel,295,true,true,Auto to clinic
EXP-20230926-002,REP-028,2023-09-26,Lodging,3580,false,true,Lodging — outstation visit
EXP-20230929-005,REP-028,2023-09-29,Samples,53,true,true,Sample packs for HCP
EXP-20231001-004,REP-028,2023-10-01,Travel,1052,false,false,Fuel reimbursement
EXP-20231005-004,REP-028,2023-10-05,Food,776,true,true,Team lunch with HCP
EXP-20231010-003,REP-028,2023-10-10,Food,157,false,true,Dinner with HCP
EXP-20231014-004,REP-028,2023-10-14,Food,339,true,true,Working lunch
EXP-20231024-003,REP-028,2023-10-24,Travel,345,true,true,Auto to clinic
EXP-20231031-003,REP-028,2023-10-31,Travel,845,true,true,Train ticket
EXP-20231029-004,REP-028,2023-10-29,Mobile,250,true,true,Internet recharge
EXP-20231105-002,REP-028,2023-11-05,Food,212,true,true,Team lunch with HCP
EXP-20231104-001,REP-028,2023-11-04,Mobile,287,true,true,Internet recharge
EXP-20231111-003,REP-028,2023-11-11,Travel,1313,true,true,Fuel reimbursement
EXP-20231121-004,REP-028,2023-11-21,Travel,1312,true,true,Cab to hospital
EXP-20231125-004,REP-028,2023-11-25,Travel,514,true,true,Auto to clinic
EXP-20231127-001,REP-028,2023-11-27,Food,181,true,true,Team lunch with HCP
EXP-20231202-003,REP-028,2023-12-02,Lodging,2786,false,true,Hotel stay — field trip
EXP-20231208-003,REP-028,2023-12-08,Food,139,true,true,Coffee meeting
EXP-20231212-001,REP-028,2023-12-12,Lodging,3943,true,true,Guest house — 2 nights
EXP-20231218-001,REP-028,2023-12-18,Food,760,false,true,Team lunch with HCP
EXP-20231216-004,REP-028,2023-12-16,Travel,1873,true,true,Cab to hospital
EXP-20231224-002,REP-028,2023-12-24,Food,240,true,false,Dinner with HCP
EXP-20240103-003,REP-028,2024-01-03,Food,391,true,true,Working lunch
EXP-20240108-002,REP-028,2024-01-08,Food,312,false,true,Coffee meeting
EXP-20240113-001,REP-028,2024-01-13,Mobile,468,true,true,Roaming charges
EXP-20240114-004,REP-028,2024-01-14,Samples,198,true,true,Sample packs for HCP
EXP-20240123-002,REP-028,2024-01-23,Travel,1060,true,true,Bus fare
EXP-20240125-004,REP-028,2024-01-25,Mobile,719,true,true,Mobile bill
EXP-20240202-006,REP-028,2024-02-02,Food,381,true,true,Dinner with HCP
EXP-20240203-002,REP-028,2024-02-03,Food,647,true,true,Working lunch
EXP-20240209-004,REP-028,2024-02-09,Travel,1180,true,true,Train ticket
EXP-20240216-007,REP-028,2024-02-16,Lodging,4194,true,false,Hotel stay — field trip
EXP-20240215-003,REP-028,2024-02-15,Food,342,true,false,Coffee meeting
EXP-20240221-004,REP-028,2024-02-21,Lodging,3965,true,true,Guest house — 2 nights
EXP-20240220-004,REP-028,2024-02-20,Travel,290,true,true,Cab to hospital
EXP-20240226-003,REP-028,2024-02-26,Travel,932,true,true,Fuel reimbursement
EXP-20240301-003,REP-028,2024-03-01,Travel,1844,false,true,Cab to hospital
EXP-20240307-003,REP-028,2024-03-07,Lodging,2218,true,true,Guest house — 2 nights
EXP-20240304-003,REP-028,2024-03-04,Food,693,true,true,Dinner with HCP
EXP-20240312-003,REP-028,2024-03-12,Conference,3322,true,true,CME event fees
EXP-20240314-002,REP-028,2024-03-14,Food,385,true,true,Coffee meeting
EXP-20240319-001,REP-028,2024-03-19,Food,271,true,true,Coffee meeting
EXP-20240329-005,REP-028,2024-03-29,Travel,264,true,true,Auto to clinic
EXP-20240401-001,REP-028,2024-04-01,Travel,1120,false,false,Bus fare
EXP-20240409-003,REP-028,2024-04-09,Travel,703,true,true,Bus fare
EXP-20240414-003,REP-028,2024-04-14,Food,303,true,true,Working lunch
EXP-20240414-004,REP-028,2024-04-14,Travel,226,false,true,Train ticket
EXP-20240420-005,REP-028,2024-04-20,Travel,1844,true,true,Cab to hospital
EXP-20240501-003,REP-028,2024-05-01,Travel,1052,false,true,Train ticket
EXP-20240504-005,REP-028,2024-05-04,Other,1428,true,true,Printing materials
EXP-20240506-002,REP-028,2024-05-06,Samples,821,true,true,Demo kit refill
EXP-20240511-002,REP-028,2024-05-11,Samples,984,true,true,Product samples drop
EXP-20240514-004,REP-028,2024-05-14,Travel,688,true,true,Cab to hospital
EXP-20240521-002,REP-028,2024-05-21,Food,257,true,true,Team lunch with HCP
EXP-20240525-003,REP-028,2024-05-25,Travel,362,true,false,Train ticket
EXP-20240527-002,REP-028,2024-05-27,Travel,1421,true,true,Fuel reimbursement
EXP-20240602-003,REP-028,2024-06-02,Travel,501,true,true,Auto to clinic
EXP-20240606-005,REP-028,2024-06-06,Food,556,true,true,Dinner with HCP
EXP-20240614-006,REP-028,2024-06-14,Travel,1659,true,true,Fuel reimbursement
EXP-20240608-002,REP-028,2024-06-08,Travel,1365,false,true,Cab to hospital
EXP-20240616-005,REP-028,2024-06-16,Samples,515,true,true,Product samples drop
EXP-20240625-003,REP-028,2024-06-25,Travel,1603,true,true,Bus fare
EXP-20240630-006,REP-028,2024-06-30,Conference,2771,true,true,Doctor meet sponsorship
EXP-20240709-004,REP-028,2024-07-09,Travel,1981,false,true,Fuel reimbursement
EXP-20240719-004,REP-028,2024-07-19,Travel,1563,true,true,Train ticket
EXP-20240715-007,REP-028,2024-07-15,Food,439,false,true,Team lunch with HCP
EXP-20240724-003,REP-028,2024-07-24,Food,790,true,true,Snacks for meeting
EXP-20240802-005,REP-028,2024-08-02,Mobile,299,true,true,Roaming charges
EXP-20240804-002,REP-028,2024-08-04,Food,675,true,true,Coffee meeting
EXP-20240813-003,REP-028,2024-08-13,Lodging,2654,true,true,Lodging — outstation visit
EXP-20240821-003,REP-028,2024-08-21,Food,164,true,true,Coffee meeting
EXP-20240826-004,REP-028,2024-08-26,Travel,1071,true,true,Cab to hospital
EXP-20240903-003,REP-028,2024-09-03,Travel,291,true,true,Cab to hospital
EXP-20240903-004,REP-028,2024-09-03,Travel,1473,true,true,Train ticket
EXP-20240912-003,REP-028,2024-09-12,Samples,820,true,true,Product samples drop
EXP-20240916-006,REP-028,2024-09-16,Travel,256,true,true,Cab to hospital
EXP-20240918-003,REP-028,2024-09-18,Travel,244,true,false,Train ticket
EXP-20240924-007,REP-028,2024-09-24,Food,586,true,true,Team lunch with HCP
EXP-20231005-005,REP-029,2023-10-05,Lodging,3031,true,true,Guest house — 2 nights
EXP-20231004-004,REP-029,2023-10-04,Lodging,2090,true,true,Guest house — 2 nights
EXP-20231014-005,REP-029,2023-10-14,Travel,907,true,true,Train ticket
EXP-20231023-003,REP-029,2023-10-23,Samples,191,true,true,Demo kit refill
EXP-20231022-001,REP-029,2023-10-22,Lodging,2551,true,true,Lodging — outstation visit
EXP-20231028-004,REP-029,2023-10-28,Lodging,3696,true,true,Guest house — 2 nights
EXP-20231027-002,REP-029,2023-10-27,Travel,494,false,true,Train ticket
EXP-20231101-002,REP-029,2023-11-01,Travel,1984,true,true,Auto to clinic
EXP-20231113-003,REP-029,2023-11-13,Travel,260,true,true,Fuel reimbursement
EXP-20231119-005,REP-029,2023-11-19,Food,376,true,true,Dinner with HCP
EXP-20231126-002,REP-029,2023-11-26,Mobile,219,true,true,Internet recharge
EXP-20231126-003,REP-029,2023-11-26,Mobile,360,true,true,Roaming charges
EXP-20231130-008,REP-029,2023-11-30,Food,615,false,true,Working lunch
EXP-20231206-001,REP-029,2023-12-06,Lodging,1596,true,true,Hotel stay — field trip
EXP-20231211-004,REP-029,2023-12-11,Travel,306,true,true,Bus fare
EXP-20231215-006,REP-029,2023-12-15,Travel,696,true,true,Fuel reimbursement
EXP-20231214-003,REP-029,2023-12-14,Lodging,1957,true,true,Lodging — outstation visit
EXP-20231224-003,REP-029,2023-12-24,Food,111,true,true,Coffee meeting
EXP-20240101-005,REP-029,2024-01-01,Food,743,true,true,Snacks for meeting
EXP-20231228-004,REP-029,2023-12-28,Travel,840,true,true,Fuel reimbursement
EXP-20240103-004,REP-029,2024-01-03,Lodging,3994,true,true,Guest house — 2 nights
EXP-20240108-003,REP-029,2024-01-08,Travel,899,true,true,Cab to hospital
EXP-20240115-001,REP-029,2024-01-15,Samples,968,true,true,Demo kit refill
EXP-20240117-003,REP-029,2024-01-17,Travel,1087,true,true,Fuel reimbursement
EXP-20240119-002,REP-029,2024-01-19,Food,416,false,true,Coffee meeting
EXP-20240124-003,REP-029,2024-01-24,Samples,1227,true,true,Product samples drop
EXP-20240128-003,REP-029,2024-01-28,Samples,761,true,true,Demo kit refill
EXP-20240130-004,REP-029,2024-01-30,Lodging,3644,false,false,Hotel stay — field trip
EXP-20240131-004,REP-029,2024-01-31,Travel,442,true,true,Cab to hospital
EXP-20240210-002,REP-029,2024-02-10,Mobile,269,true,true,Roaming charges
EXP-20240206-004,REP-029,2024-02-06,Travel,1839,true,true,Bus fare
EXP-20240218-005,REP-029,2024-02-18,Food,606,true,true,Dinner with HCP
EXP-20240222-003,REP-029,2024-02-22,Food,374,true,true,Team lunch with HCP
EXP-20240302-002,REP-029,2024-03-02,Food,387,true,false,Working lunch
EXP-20240305-003,REP-029,2024-03-05,Samples,1277,true,true,Product samples drop
EXP-20240310-005,REP-029,2024-03-10,Food,726,true,true,Dinner with HCP
EXP-20240315-006,REP-029,2024-03-15,Food,352,true,true,Working lunch
EXP-20240313-003,REP-029,2024-03-13,Mobile,387,false,true,Mobile bill
EXP-20240320-004,REP-029,2024-03-20,Food,111,true,true,Coffee meeting
EXP-20240323-004,REP-029,2024-03-23,Lodging,1604,true,true,Hotel stay — field trip
EXP-20240327-001,REP-029,2024-03-27,Lodging,1721,true,true,Guest house — 2 nights
EXP-20240327-002,REP-029,2024-03-27,Food,474,true,true,Working lunch
EXP-20240406-001,REP-029,2024-04-06,Lodging,3427,true,true,Lodging — outstation visit
EXP-20240409-004,REP-029,2024-04-09,Mobile,766,true,true,Mobile bill
EXP-20240416-003,REP-029,2024-04-16,Lodging,3769,true,true,Guest house — 2 nights
EXP-20240417-003,REP-029,2024-04-17,Travel,866,false,true,Fuel reimbursement
EXP-20240424-003,REP-029,2024-04-24,Travel,1243,true,true,Train ticket
EXP-20240428-005,REP-029,2024-04-28,Mobile,714,true,true,Roaming charges
EXP-20240501-004,REP-029,2024-05-01,Food,331,true,true,Coffee meeting
EXP-20240509-004,REP-029,2024-05-09,Lodging,2597,true,true,Hotel stay — field trip
EXP-20240518-003,REP-029,2024-05-18,Travel,365,true,true,Auto to clinic
EXP-20240520-003,REP-029,2024-05-20,Lodging,2866,true,true,Hotel stay — field trip
EXP-20240521-003,REP-029,2024-05-21,Travel,221,true,true,Train ticket
EXP-20240528-002,REP-029,2024-05-28,Lodging,3166,true,true,Guest house — 2 nights
EXP-20240605-003,REP-029,2024-06-05,Other,1555,true,true,Misc expense
EXP-20240612-004,REP-029,2024-06-12,Travel,369,true,true,Cab to hospital
EXP-20240617-004,REP-029,2024-06-17,Travel,526,true,true,Auto to clinic
EXP-20240618-002,REP-029,2024-06-18,Travel,1525,true,true,Train ticket
EXP-20240625-004,REP-029,2024-06-25,Mobile,453,false,true,Internet recharge
EXP-20240703-001,REP-029,2024-07-03,Food,323,true,true,Dinner with HCP
EXP-20240709-005,REP-029,2024-07-09,Travel,314,true,true,Train ticket
EXP-20240714-002,REP-029,2024-07-14,Travel,1375,false,true,Fuel reimbursement
EXP-20240720-001,REP-029,2024-07-20,Travel,596,true,true,Train ticket
EXP-20240719-005,REP-029,2024-07-19,Food,789,true,false,Team lunch with HCP
EXP-20240728-005,REP-029,2024-07-28,Travel,1471,true,true,Bus fare
EXP-20240729-002,REP-029,2024-07-29,Travel,251,true,true,Cab to hospital
EXP-20240730-006,REP-029,2024-07-30,Travel,278,true,true,Cab to hospital
EXP-20240804-003,REP-029,2024-08-04,Travel,1969,true,true,Cab to hospital
EXP-20240808-002,REP-029,2024-08-08,Food,247,true,true,Dinner with HCP
EXP-20240811-003,REP-029,2024-08-11,Travel,1882,true,true,Cab to hospital
EXP-20240819-003,REP-029,2024-08-19,Lodging,3011,true,true,Hotel stay — field trip
EXP-20240826-005,REP-029,2024-08-26,Travel,1922,true,true,Auto to clinic
EXP-20240902-003,REP-029,2024-09-02,Lodging,3812,true,false,Lodging — outstation visit
EXP-20240830-006,REP-029,2024-08-30,Travel,394,true,true,Auto to clinic
EXP-20240904-003,REP-029,2024-09-04,Travel,1191,true,false,Train ticket
EXP-20240907-004,REP-029,2024-09-07,Travel,1518,true,true,Bus fare
EXP-20240915-003,REP-029,2024-09-15,Lodging,2284,true,true,Guest house — 2 nights
EXP-20240915-004,REP-029,2024-09-15,Food,185,true,true,Team lunch with HCP
EXP-20240918-004,REP-029,2024-09-18,Food,576,true,true,Working lunch
EXP-20240924-008,REP-029,2024-09-24,Food,292,true,true,Team lunch with HCP
EXP-20241003-006,REP-029,2024-10-03,Travel,1783,false,true,Auto to clinic
EXP-20241008-005,REP-029,2024-10-08,Travel,270,true,true,Bus fare
EXP-20241013-003,REP-029,2024-10-13,Food,502,true,true,Team lunch with HCP
EXP-20241020-005,REP-029,2024-10-20,Travel,1381,true,true,Auto to clinic
EXP-20241019-004,REP-029,2024-10-19,Travel,1156,true,true,Cab to hospital
EXP-20241028-003,REP-029,2024-10-28,Food,760,true,true,Snacks for meeting
EXP-20241023-002,REP-029,2024-10-23,Travel,1423,true,true,Fuel reimbursement
EXP-20241031-003,REP-029,2024-10-31,Samples,626,true,true,Product samples drop
EXP-20241109-004,REP-029,2024-11-09,Other,773,true,true,Printing materials
EXP-20241108-006,REP-029,2024-11-08,Lodging,2195,true,true,Lodging — outstation visit
EXP-20241113-001,REP-029,2024-11-13,Travel,1311,true,true,Fuel reimbursement
EXP-20241123-003,REP-029,2024-11-23,Travel,1467,true,true,Train ticket
EXP-20241124-007,REP-029,2024-11-24,Travel,803,true,true,Train ticket
EXP-20241127-004,REP-029,2024-11-27,Lodging,1682,true,true,Lodging — outstation visit
EXP-20241209-005,REP-029,2024-12-09,Travel,1493,true,true,Fuel reimbursement
EXP-20241206-001,REP-029,2024-12-06,Travel,1799,true,true,Train ticket
EXP-20241211-003,REP-029,2024-12-11,Travel,473,true,false,Fuel reimbursement
EXP-20241212-004,REP-029,2024-12-12,Lodging,3361,false,true,Hotel stay — field trip
EXP-20241218-005,REP-029,2024-12-18,Conference,4780,true,true,CME event fees
EXP-20241219-007,REP-029,2024-12-19,Travel,1301,false,true,Fuel reimbursement
EXP-20241230-008,REP-029,2024-12-30,Lodging,3547,true,true,Hotel stay — field trip
EXP-20241229-005,REP-029,2024-12-29,Food,283,true,false,Working lunch
EXP-20250106-005,REP-029,2025-01-06,Travel,1277,true,true,Fuel reimbursement
EXP-20250107-002,REP-029,2025-01-07,Travel,963,true,false,Cab to hospital
EXP-20250120-003,REP-029,2025-01-20,Food,435,false,true,Snacks for meeting
EXP-20250126-003,REP-029,2025-01-26,Travel,223,true,true,Cab to hospital
EXP-20250130-004,REP-029,2025-01-30,Conference,618,true,true,Conference registration
EXP-20250208-005,REP-029,2025-02-08,Samples,1163,true,true,Product samples drop
EXP-20250208-006,REP-029,2025-02-08,Food,184,true,true,Team lunch with HCP
EXP-20250212-004,REP-029,2025-02-12,Food,235,true,true,Dinner with HCP
EXP-20250212-005,REP-029,2025-02-12,Travel,417,true,true,Cab to hospital
EXP-20250219-006,REP-029,2025-02-19,Travel,1783,true,true,Bus fare
EXP-20250301-001,REP-029,2025-03-01,Travel,728,true,true,Auto to clinic
EXP-20250226-003,REP-029,2025-02-26,Samples,551,true,true,Product samples drop
EXP-20250310-005,REP-029,2025-03-10,Samples,1026,true,true,Demo kit refill
EXP-20250307-003,REP-029,2025-03-07,Food,415,true,true,Dinner with HCP
EXP-20250311-003,REP-029,2025-03-11,Lodging,1828,true,true,Hotel stay — field trip
EXP-20250322-005,REP-029,2025-03-22,Travel,1203,true,true,Train ticket
EXP-20250326-004,REP-029,2025-03-26,Travel,1264,false,true,Fuel reimbursement
EXP-20250405-005,REP-029,2025-04-05,Travel,1532,true,true,Bus fare
EXP-20250401-003,REP-029,2025-04-01,Travel,742,true,true,Auto to clinic
EXP-20250409-002,REP-029,2025-04-09,Samples,1225,true,true,Sample packs for HCP
EXP-20250412-003,REP-029,2025-04-12,Conference,2066,true,true,Conference registration
EXP-20250418-002,REP-029,2025-04-18,Food,294,true,true,Coffee meeting
EXP-20250422-005,REP-029,2025-04-22,Food,317,false,true,Team lunch with HCP
EXP-20250423-006,REP-029,2025-04-23,Samples,1440,true,true,Demo kit refill
EXP-20250503-003,REP-029,2025-05-03,Travel,583,true,true,Fuel reimbursement
EXP-20250509-004,REP-029,2025-05-09,Conference,4547,true,true,Conference registration
EXP-20250516-003,REP-029,2025-05-16,Travel,1316,true,true,Bus fare
EXP-20250526-005,REP-029,2025-05-26,Travel,1118,true,true,Train ticket
EXP-20250529-002,REP-029,2025-05-29,Food,588,true,true,Coffee meeting
EXP-20250531-002,REP-029,2025-05-31,Conference,3277,true,true,Doctor meet sponsorship
EXP-20250606-003,REP-029,2025-06-06,Travel,1055,true,true,Bus fare
EXP-20250606-004,REP-029,2025-06-06,Lodging,1513,true,true,Lodging — outstation visit
EXP-20250612-004,REP-029,2025-06-12,Travel,949,true,true,Train ticket
EXP-20250613-001,REP-029,2025-06-13,Lodging,2330,true,true,Hotel stay — field trip
EXP-20250619-004,REP-029,2025-06-19,Samples,661,true,true,Product samples drop
EXP-20250628-004,REP-029,2025-06-28,Lodging,1880,true,true,Hotel stay — field trip
EXP-20250624-004,REP-029,2025-06-24,Samples,495,true,true,Sample packs for HCP
EXP-20250705-006,REP-029,2025-07-05,Lodging,3268,true,true,Hotel stay — field trip
EXP-20250707-002,REP-029,2025-07-07,Food,459,true,false,Dinner with HCP
EXP-20250712-004,REP-029,2025-07-12,Samples,882,true,true,Demo kit refill
EXP-20250710-002,REP-029,2025-07-10,Lodging,2373,true,true,Guest house — 2 nights
EXP-20250715-004,REP-029,2025-07-15,Travel,468,false,true,Auto to clinic
EXP-20250723-003,REP-029,2025-07-23,Travel,645,true,true,Train ticket
EXP-20250724-002,REP-029,2025-07-24,Lodging,2412,true,true,Guest house — 2 nights
EXP-20250801-003,REP-029,2025-08-01,Lodging,3476,true,true,Lodging — outstation visit
EXP-20250806-005,REP-029,2025-08-06,Travel,1893,false,true,Cab to hospital
EXP-20250811-004,REP-029,2025-08-11,Travel,1146,true,true,Auto to clinic
EXP-20250815-003,REP-029,2025-08-15,Travel,1937,true,true,Auto to clinic
EXP-20250825-006,REP-029,2025-08-25,Samples,1447,true,true,Demo kit refill
EXP-20250827-003,REP-029,2025-08-27,Mobile,140,true,true,Internet recharge
EXP-20250907-002,REP-029,2025-09-07,Travel,1166,true,true,Cab to hospital
EXP-20250912-005,REP-029,2025-09-12,Food,390,true,true,Working lunch
EXP-20250914-002,REP-029,2025-09-14,Food,390,true,true,Snacks for meeting
EXP-20250918-002,REP-029,2025-09-18,Food,605,true,true,Working lunch
EXP-20250918-003,REP-029,2025-09-18,Travel,845,true,true,Cab to hospital
EXP-20250928-003,REP-029,2025-09-28,Lodging,2331,true,true,Lodging — outstation visit
EXP-20251001-002,REP-029,2025-10-01,Travel,1294,true,true,Bus fare
EXP-20251009-004,REP-029,2025-10-09,Travel,1050,true,true,Cab to hospital
EXP-20251015-001,REP-029,2025-10-15,Samples,993,true,true,Sample packs for HCP
EXP-20251022-004,REP-029,2025-10-22,Lodging,2579,true,true,Lodging — outstation visit
EXP-20251025-003,REP-029,2025-10-25,Samples,182,true,true,Demo kit refill
EXP-20251103-001,REP-029,2025-11-03,Travel,704,true,true,Bus fare
EXP-20251101-003,REP-029,2025-11-01,Samples,482,true,true,Sample packs for HCP
EXP-20251108-004,REP-029,2025-11-08,Travel,1006,true,true,Auto to clinic
EXP-20251113-003,REP-029,2025-11-13,Travel,1829,true,true,Fuel reimbursement
EXP-20251114-001,REP-029,2025-11-14,Lodging,3020,true,true,Lodging — outstation visit
EXP-20251118-001,REP-029,2025-11-18,Mobile,758,true,true,Internet recharge
EXP-20251122-002,REP-029,2025-11-22,Travel,571,true,true,Fuel reimbursement
EXP-20251129-002,REP-029,2025-11-29,Food,332,true,true,Dinner with HCP
EXP-20251201-003,REP-029,2025-12-01,Food,308,true,true,Working lunch
EXP-20251208-005,REP-029,2025-12-08,Travel,1005,true,false,Fuel reimbursement
EXP-20251210-003,REP-029,2025-12-10,Samples,447,true,true,Product samples drop
EXP-20251222-003,REP-029,2025-12-22,Travel,1665,true,true,Auto to clinic
EXP-20251216-002,REP-029,2025-12-16,Other,1349,true,true,Printing materials
EXP-20251224-004,REP-029,2025-12-24,Samples,394,true,true,Demo kit refill
EXP-20260101-004,REP-029,2026-01-01,Food,457,true,false,Working lunch
EXP-20260107-003,REP-029,2026-01-07,Food,548,true,true,Snacks for meeting
EXP-20260106-002,REP-029,2026-01-06,Travel,1296,true,true,Fuel reimbursement
EXP-20260119-003,REP-029,2026-01-19,Travel,1335,true,true,Bus fare
EXP-20260116-003,REP-029,2026-01-16,Lodging,1601,true,true,Lodging — outstation visit
EXP-20260126-002,REP-029,2026-01-26,Travel,299,true,true,Auto to clinic
EXP-20260131-003,REP-029,2026-01-31,Food,326,true,false,Snacks for meeting
EXP-20260205-004,REP-029,2026-02-05,Lodging,1656,true,true,Lodging — outstation visit
EXP-20260204-001,REP-029,2026-02-04,Travel,873,true,true,Fuel reimbursement
EXP-20260216-005,REP-029,2026-02-16,Lodging,2136,true,true,Hotel stay — field trip
EXP-20260221-003,REP-029,2026-02-21,Lodging,2674,true,true,Hotel stay — field trip
EXP-20260218-003,REP-029,2026-02-18,Travel,1279,true,true,Bus fare
EXP-20260302-005,REP-029,2026-03-02,Mobile,442,false,true,Internet recharge
EXP-20260226-004,REP-029,2026-02-26,Conference,636,true,true,Conference registration
EXP-20260306-003,REP-029,2026-03-06,Travel,1133,true,true,Train ticket
EXP-20260314-002,REP-029,2026-03-14,Travel,1828,true,true,Train ticket
EXP-20260318-005,REP-029,2026-03-18,Conference,603,true,true,CME event fees
EXP-20260329-003,REP-029,2026-03-29,Samples,211,true,true,Sample packs for HCP
EXP-20260331-002,REP-029,2026-03-31,Travel,1366,true,true,Bus fare
EXP-20230910-005,REP-030,2023-09-10,Lodging,2685,true,true,Lodging — outstation visit
EXP-20230920-003,REP-030,2023-09-20,Mobile,145,true,true,Roaming charges
EXP-20230929-006,REP-030,2023-09-29,Travel,1325,true,true,Train ticket
EXP-20230930-003,REP-030,2023-09-30,Conference,731,true,true,CME event fees
EXP-20231002-002,REP-030,2023-10-02,Travel,621,true,true,Fuel reimbursement
EXP-20231013-005,REP-030,2023-10-13,Food,261,true,false,Snacks for meeting
EXP-20231010-004,REP-030,2023-10-10,Travel,1696,true,true,Fuel reimbursement
EXP-20231015-004,REP-030,2023-10-15,Travel,1343,true,true,Auto to clinic
EXP-20231014-006,REP-030,2023-10-14,Food,415,true,true,Team lunch with HCP
EXP-20231025-002,REP-030,2023-10-25,Lodging,1890,true,true,Guest house — 2 nights
EXP-20231102-005,REP-030,2023-11-02,Food,386,true,true,Snacks for meeting
EXP-20231104-002,REP-030,2023-11-04,Food,231,true,true,Coffee meeting
EXP-20231106-003,REP-030,2023-11-06,Travel,850,true,false,Train ticket
EXP-20231113-004,REP-030,2023-11-13,Food,216,true,true,Dinner with HCP
EXP-20231122-004,REP-030,2023-11-22,Travel,1577,true,true,Bus fare
EXP-20231118-001,REP-030,2023-11-18,Conference,4823,true,true,CME event fees
EXP-20231201-003,REP-030,2023-12-01,Travel,1752,true,true,Fuel reimbursement
EXP-20231206-002,REP-030,2023-12-06,Travel,1954,true,true,Bus fare
EXP-20231207-004,REP-030,2023-12-07,Food,416,true,true,Dinner with HCP
EXP-20231209-003,REP-030,2023-12-09,Food,134,true,true,Team lunch with HCP
EXP-20231215-007,REP-030,2023-12-15,Mobile,191,true,true,Roaming charges
EXP-20231220-005,REP-030,2023-12-20,Mobile,463,true,true,Roaming charges
EXP-20231216-005,REP-030,2023-12-16,Lodging,3286,true,true,Hotel stay — field trip
EXP-20231225-008,REP-030,2023-12-25,Travel,1991,true,true,Auto to clinic
EXP-20231227-002,REP-030,2023-12-27,Travel,1606,true,true,Cab to hospital
EXP-20240101-006,REP-030,2024-01-01,Other,178,true,true,Printing materials
EXP-20240104-002,REP-030,2024-01-04,Lodging,1969,true,true,Hotel stay — field trip
EXP-20240112-004,REP-030,2024-01-12,Lodging,3534,true,true,Guest house — 2 nights
EXP-20240112-005,REP-030,2024-01-12,Travel,1465,true,true,Fuel reimbursement
EXP-20240114-005,REP-030,2024-01-14,Food,382,false,true,Team lunch with HCP
EXP-20240118-003,REP-030,2024-01-18,Food,707,true,true,Snacks for meeting
EXP-20240124-004,REP-030,2024-01-24,Other,314,true,true,Stationery
EXP-20240202-007,REP-030,2024-02-02,Travel,1134,false,true,Bus fare
EXP-20240131-005,REP-030,2024-01-31,Mobile,169,true,true,Roaming charges
EXP-20240209-005,REP-030,2024-02-09,Food,203,true,true,Working lunch
EXP-20240214-001,REP-030,2024-02-14,Food,339,true,true,Working lunch
EXP-20240219-002,REP-030,2024-02-19,Travel,1275,true,false,Fuel reimbursement
EXP-20240229-004,REP-030,2024-02-29,Samples,297,false,true,Product samples drop
EXP-20240227-004,REP-030,2024-02-27,Samples,379,true,true,Product samples drop
EXP-20240307-004,REP-030,2024-03-07,Mobile,103,true,true,Internet recharge
EXP-20240302-003,REP-030,2024-03-02,Travel,1645,true,true,Train ticket
EXP-20240311-002,REP-030,2024-03-11,Conference,2894,true,true,Conference registration
EXP-20240310-006,REP-030,2024-03-10,Food,711,true,false,Snacks for meeting
EXP-20240318-006,REP-030,2024-03-18,Food,726,true,true,Coffee meeting
EXP-20240316-002,REP-030,2024-03-16,Travel,1914,true,true,Train ticket
EXP-20240328-003,REP-030,2024-03-28,Food,108,true,true,Team lunch with HCP
EXP-20240329-006,REP-030,2024-03-29,Lodging,2280,true,true,Guest house — 2 nights
EXP-20240330-003,REP-030,2024-03-30,Travel,1142,true,true,Train ticket
EXP-20240410-002,REP-030,2024-04-10,Travel,1927,true,true,Train ticket
EXP-20240419-004,REP-030,2024-04-19,Travel,1951,true,false,Fuel reimbursement
EXP-20240416-004,REP-030,2024-04-16,Conference,3564,true,true,Doctor meet sponsorship
EXP-20240420-006,REP-030,2024-04-20,Travel,219,false,true,Train ticket
EXP-20240424-004,REP-030,2024-04-24,Lodging,2051,true,true,Lodging — outstation visit
EXP-20240429-004,REP-030,2024-04-29,Travel,202,true,true,Cab to hospital
EXP-20240509-005,REP-030,2024-05-09,Food,501,true,true,Working lunch
EXP-20240507-003,REP-030,2024-05-07,Travel,1677,true,true,Bus fare
EXP-20240516-003,REP-030,2024-05-16,Lodging,3129,true,true,Hotel stay — field trip
EXP-20240520-004,REP-030,2024-05-20,Food,423,true,true,Coffee meeting
EXP-20240524-005,REP-030,2024-05-24,Lodging,1532,true,true,Guest house — 2 nights
EXP-20240529-003,REP-030,2024-05-29,Travel,882,true,true,Auto to clinic
EXP-20240527-003,REP-030,2024-05-27,Lodging,2607,true,true,Guest house — 2 nights
EXP-20240602-004,REP-030,2024-06-02,Travel,1237,true,true,Auto to clinic
EXP-20240613-002,REP-030,2024-06-13,Lodging,2949,true,true,Hotel stay — field trip
EXP-20240617-005,REP-030,2024-06-17,Food,567,true,true,Team lunch with HCP
EXP-20240616-006,REP-030,2024-06-16,Lodging,1865,true,true,Guest house — 2 nights
EXP-20240627-002,REP-030,2024-06-27,Lodging,1993,true,true,Lodging — outstation visit
EXP-20240627-003,REP-030,2024-06-27,Travel,875,true,true,Bus fare
EXP-20240629-005,REP-030,2024-06-29,Travel,630,true,true,Auto to clinic
EXP-20240707-002,REP-030,2024-07-07,Lodging,3520,true,true,Guest house — 2 nights
EXP-20240711-005,REP-030,2024-07-11,Travel,713,true,true,Train ticket
EXP-20240719-006,REP-030,2024-07-19,Food,611,true,true,Snacks for meeting
EXP-20240720-002,REP-030,2024-07-20,Travel,785,false,true,Bus fare
EXP-20240725-004,REP-030,2024-07-25,Lodging,3778,true,true,Hotel stay — field trip
EXP-20240728-006,REP-030,2024-07-28,Food,267,true,true,Snacks for meeting
EXP-20240804-004,REP-030,2024-08-04,Other,1652,true,true,Printing materials
EXP-20240816-005,REP-030,2024-08-16,Food,798,true,true,Snacks for meeting
EXP-20240814-004,REP-030,2024-08-14,Travel,612,true,true,Bus fare
EXP-20240819-004,REP-030,2024-08-19,Travel,1170,true,true,Cab to hospital
EXP-20240818-003,REP-030,2024-08-18,Food,737,true,true,Coffee meeting
EXP-20240824-004,REP-030,2024-08-24,Samples,474,true,true,Product samples drop
EXP-20240905-004,REP-030,2024-09-05,Samples,443,true,true,Sample packs for HCP
EXP-20240905-005,REP-030,2024-09-05,Food,383,true,true,Coffee meeting
EXP-20240907-005,REP-030,2024-09-07,Lodging,2554,true,true,Lodging — outstation visit
EXP-20240914-003,REP-030,2024-09-14,Lodging,3703,true,true,Guest house — 2 nights
EXP-20240916-007,REP-030,2024-09-16,Travel,830,false,true,Bus fare
EXP-20240922-003,REP-030,2024-09-22,Other,236,true,true,Misc expense
EXP-20240921-004,REP-030,2024-09-21,Lodging,2357,false,true,Hotel stay — field trip
EXP-20241001-003,REP-030,2024-10-01,Samples,564,true,true,Demo kit refill
EXP-20241003-007,REP-030,2024-10-03,Food,323,true,true,Team lunch with HCP
EXP-20241007-005,REP-030,2024-10-07,Mobile,607,true,true,Mobile bill
EXP-20241009-002,REP-030,2024-10-09,Travel,1811,true,true,Train ticket
EXP-20241014-003,REP-030,2024-10-14,Other,1204,true,true,Misc expense
EXP-20241022-003,REP-030,2024-10-22,Lodging,2230,true,true,Guest house — 2 nights
EXP-20241029-002,REP-030,2024-10-29,Lodging,1544,true,true,Lodging — outstation visit
EXP-20241101-003,REP-030,2024-11-01,Travel,1959,false,true,Cab to hospital
EXP-20241104-002,REP-030,2024-11-04,Mobile,788,true,true,Mobile bill
EXP-20241113-002,REP-030,2024-11-13,Food,131,true,true,Snacks for meeting
EXP-20241114-004,REP-030,2024-11-14,Travel,1886,true,true,Fuel reimbursement
EXP-20241116-004,REP-030,2024-11-16,Lodging,2408,true,true,Hotel stay — field trip
EXP-20241122-002,REP-030,2024-11-22,Food,569,true,true,Team lunch with HCP
EXP-20241125-005,REP-030,2024-11-25,Lodging,1995,true,true,Guest house — 2 nights
EXP-20241127-005,REP-030,2024-11-27,Conference,4078,true,true,Doctor meet sponsorship
EXP-20241201-007,REP-030,2024-12-01,Samples,1474,true,true,Demo kit refill
EXP-20241208-001,REP-030,2024-12-08,Travel,1702,true,true,Auto to clinic
EXP-20241214-002,REP-030,2024-12-14,Lodging,2707,true,true,Lodging — outstation visit
EXP-20241220-004,REP-030,2024-12-20,Travel,346,true,true,Auto to clinic
EXP-20241226-003,REP-030,2024-12-26,Travel,801,true,true,Train ticket
EXP-20250102-003,REP-030,2025-01-02,Travel,1140,true,true,Auto to clinic
EXP-20250103-005,REP-030,2025-01-03,Lodging,3545,true,true,Hotel stay — field trip
EXP-20250110-002,REP-030,2025-01-10,Food,384,true,true,Team lunch with HCP
EXP-20250117-002,REP-030,2025-01-17,Travel,1834,true,true,Auto to clinic
EXP-20250112-003,REP-030,2025-01-12,Travel,1869,false,true,Auto to clinic
EXP-20250122-002,REP-030,2025-01-22,Travel,722,true,true,Cab to hospital
EXP-20250118-006,REP-030,2025-01-18,Other,617,true,true,Stationery
EXP-20250125-005,REP-030,2025-01-25,Travel,1271,true,true,Fuel reimbursement
EXP-20250127-003,REP-030,2025-01-27,Samples,384,false,true,Sample packs for HCP
EXP-20250205-005,REP-030,2025-02-05,Travel,740,true,true,Train ticket
EXP-20250202-004,REP-030,2025-02-02,Travel,1012,true,true,Bus fare
EXP-20250210-003,REP-030,2025-02-10,Travel,825,true,true,Fuel reimbursement
EXP-20250217-004,REP-030,2025-02-17,Lodging,1502,true,true,Lodging — outstation visit
EXP-20250218-003,REP-030,2025-02-18,Samples,1367,false,true,Demo kit refill
EXP-20250224-003,REP-030,2025-02-24,Lodging,2522,true,true,Lodging — outstation visit
EXP-20250307-004,REP-030,2025-03-07,Lodging,2824,true,true,Guest house — 2 nights
EXP-20250301-002,REP-030,2025-03-01,Travel,1331,true,true,Fuel reimbursement
EXP-20250312-006,REP-030,2025-03-12,Travel,1588,true,true,Train ticket
EXP-20250311-004,REP-030,2025-03-11,Lodging,1822,true,true,Lodging — outstation visit
EXP-20250315-005,REP-030,2025-03-15,Travel,1475,true,true,Fuel reimbursement
EXP-20250320-005,REP-030,2025-03-20,Travel,908,true,true,Cab to hospital
EXP-20250327-001,REP-030,2025-03-27,Food,797,true,true,Team lunch with HCP
EXP-20250329-004,REP-030,2025-03-29,Food,196,true,true,Dinner with HCP
EXP-20250331-003,REP-030,2025-03-31,Lodging,3691,true,true,Hotel stay — field trip
EXP-20250408-006,REP-030,2025-04-08,Samples,1163,true,true,Product samples drop
EXP-20250405-006,REP-030,2025-04-05,Food,691,true,true,Coffee meeting
EXP-20250417-004,REP-030,2025-04-17,Lodging,2103,true,true,Guest house — 2 nights
EXP-20250412-004,REP-030,2025-04-12,Travel,1822,false,true,Train ticket
EXP-20250425-008,REP-030,2025-04-25,Travel,1377,true,true,Cab to hospital
EXP-20250428-001,REP-030,2025-04-28,Lodging,2111,true,true,Guest house — 2 nights
EXP-20250427-004,REP-030,2025-04-27,Mobile,480,true,true,Mobile bill
EXP-20250504-003,REP-030,2025-05-04,Travel,1892,true,true,Train ticket
EXP-20250505-003,REP-030,2025-05-05,Food,759,true,true,Dinner with HCP
EXP-20250514-002,REP-030,2025-05-14,Travel,1993,true,false,Cab to hospital
EXP-20250510-004,REP-030,2025-05-10,Travel,724,true,true,Bus fare
EXP-20250523-005,REP-030,2025-05-23,Mobile,467,false,true,Roaming charges
EXP-20250525-002,REP-030,2025-05-25,Mobile,502,true,true,Roaming charges
EXP-20250602-004,REP-030,2025-06-02,Travel,731,false,true,Fuel reimbursement
EXP-20250603-007,REP-030,2025-06-03,Travel,1277,true,true,Fuel reimbursement
EXP-20250611-006,REP-030,2025-06-11,Travel,851,true,true,Bus fare
EXP-20250613-002,REP-030,2025-06-13,Food,214,true,true,Working lunch
EXP-20250618-002,REP-030,2025-06-18,Travel,629,true,true,Train ticket
EXP-20250615-008,REP-030,2025-06-15,Lodging,2994,true,true,Hotel stay — field trip
EXP-20250627-003,REP-030,2025-06-27,Travel,915,true,true,Cab to hospital
EXP-20250629-004,REP-030,2025-06-29,Travel,1726,true,true,Cab to hospital
EXP-20250711-002,REP-030,2025-07-11,Travel,1811,true,true,Train ticket
EXP-20250706-003,REP-030,2025-07-06,Food,574,true,true,Coffee meeting
EXP-20250716-008,REP-030,2025-07-16,Travel,681,false,true,Bus fare
EXP-20250712-005,REP-030,2025-07-12,Samples,625,true,true,Demo kit refill
EXP-20250724-003,REP-030,2025-07-24,Conference,4779,true,true,CME event fees
EXP-20250731-003,REP-030,2025-07-31,Travel,1217,true,false,Fuel reimbursement
EXP-20250729-004,REP-030,2025-07-29,Lodging,2020,true,true,Lodging — outstation visit
EXP-20250802-004,REP-030,2025-08-02,Travel,1615,true,true,Train ticket
EXP-20250815-004,REP-030,2025-08-15,Other,1644,true,true,Misc expense
EXP-20250815-005,REP-030,2025-08-15,Food,209,true,true,Team lunch with HCP
EXP-20250822-003,REP-030,2025-08-22,Food,778,true,true,Coffee meeting
EXP-20250816-002,REP-030,2025-08-16,Food,112,false,true,Team lunch with HCP
EXP-20250825-007,REP-030,2025-08-25,Lodging,3679,true,true,Guest house — 2 nights
EXP-20250829-004,REP-030,2025-08-29,Mobile,577,true,true,Mobile bill
EXP-20250905-007,REP-030,2025-09-05,Food,232,true,true,Coffee meeting
EXP-20250905-008,REP-030,2025-09-05,Travel,945,true,true,Fuel reimbursement
EXP-20250908-001,REP-030,2025-09-08,Travel,433,true,false,Auto to clinic
EXP-20250910-006,REP-030,2025-09-10,Lodging,2353,true,true,Guest house — 2 nights
EXP-20250915-003,REP-030,2025-09-15,Travel,1863,true,true,Train ticket
EXP-20250919-007,REP-030,2025-09-19,Travel,1109,true,true,Bus fare
EXP-20250924-002,REP-030,2025-09-24,Food,172,true,true,Team lunch with HCP
EXP-20250920-003,REP-030,2025-09-20,Travel,1932,true,true,Bus fare
EXP-20250930-003,REP-030,2025-09-30,Travel,771,false,true,Auto to clinic
EXP-20251006-004,REP-030,2025-10-06,Travel,612,true,true,Fuel reimbursement
EXP-20251005-001,REP-030,2025-10-05,Food,174,true,true,Team lunch with HCP
EXP-20251013-001,REP-030,2025-10-13,Samples,1182,true,true,Sample packs for HCP
EXP-20251011-002,REP-030,2025-10-11,Food,479,true,true,Working lunch
EXP-20251024-004,REP-030,2025-10-24,Lodging,2895,false,true,Lodging — outstation visit
EXP-20251027-004,REP-030,2025-10-27,Food,694,true,true,Working lunch
EXP-20251031-004,REP-030,2025-10-31,Travel,786,true,true,Train ticket
EXP-20251101-004,REP-030,2025-11-01,Samples,463,true,true,Sample packs for HCP
EXP-20251104-002,REP-030,2025-11-04,Travel,832,true,true,Cab to hospital
EXP-20251108-005,REP-030,2025-11-08,Mobile,381,false,true,Internet recharge
EXP-20251110-003,REP-030,2025-11-10,Travel,837,true,true,Train ticket
EXP-20251116-002,REP-030,2025-11-16,Travel,1502,true,true,Fuel reimbursement
EXP-20251117-006,REP-030,2025-11-17,Lodging,1874,true,true,Guest house — 2 nights
EXP-20251123-004,REP-030,2025-11-23,Samples,1451,true,true,Demo kit refill
EXP-20251128-003,REP-030,2025-11-28,Mobile,565,true,false,Internet recharge
EXP-20251202-002,REP-030,2025-12-02,Food,552,true,true,Team lunch with HCP
EXP-20251203-002,REP-030,2025-12-03,Lodging,1540,true,true,Hotel stay — field trip
EXP-20251207-001,REP-030,2025-12-07,Travel,1060,true,true,Fuel reimbursement
EXP-20230401-001,REP-031,2023-04-01,Lodging,2345,true,true,Guest house — 2 nights
EXP-20230404-002,REP-031,2023-04-04,Conference,1335,true,true,CME event fees
EXP-20230409-003,REP-031,2023-04-09,Mobile,417,true,true,Internet recharge
EXP-20230412-002,REP-031,2023-04-12,Travel,1564,false,true,Fuel reimbursement
EXP-20230411-004,REP-031,2023-04-11,Travel,694,true,true,Bus fare
EXP-20230423-004,REP-031,2023-04-23,Food,646,true,false,Snacks for meeting
EXP-20230426-003,REP-031,2023-04-26,Travel,949,true,true,Train ticket
EXP-20230430-003,REP-031,2023-04-30,Food,672,false,true,Working lunch
EXP-20230502-004,REP-031,2023-05-02,Samples,876,true,true,Demo kit refill
EXP-20230503-004,REP-031,2023-05-03,Samples,425,true,true,Demo kit refill
EXP-20230509-004,REP-031,2023-05-09,Food,752,true,true,Team lunch with HCP
EXP-20230522-007,REP-031,2023-05-22,Travel,1172,true,true,Cab to hospital
EXP-20230527-003,REP-031,2023-05-27,Samples,131,true,true,Demo kit refill
EXP-20230527-004,REP-031,2023-05-27,Travel,595,true,true,Train ticket
EXP-20230604-003,REP-031,2023-06-04,Food,181,true,true,Team lunch with HCP
EXP-20230612-002,REP-031,2023-06-12,Lodging,1748,true,true,Lodging — outstation visit
EXP-20230615-005,REP-031,2023-06-15,Mobile,244,true,true,Internet recharge
EXP-20230621-002,REP-031,2023-06-21,Lodging,2423,true,true,Guest house — 2 nights
EXP-20230702-002,REP-031,2023-07-02,Travel,960,false,true,Auto to clinic
EXP-20230709-005,REP-031,2023-07-09,Travel,1389,true,true,Bus fare
EXP-20230716-004,REP-031,2023-07-16,Travel,1246,true,true,Train ticket
EXP-20230713-001,REP-031,2023-07-13,Samples,813,true,true,Demo kit refill
EXP-20230718-002,REP-031,2023-07-18,Food,172,true,true,Snacks for meeting
EXP-20230722-003,REP-031,2023-07-22,Travel,1389,true,true,Train ticket
EXP-20230729-003,REP-031,2023-07-29,Food,636,true,true,Team lunch with HCP
EXP-20230807-005,REP-031,2023-08-07,Food,389,false,true,Team lunch with HCP
EXP-20230810-002,REP-031,2023-08-10,Travel,1132,true,true,Fuel reimbursement
EXP-20230816-003,REP-031,2023-08-16,Travel,1221,true,true,Bus fare
EXP-20230825-003,REP-031,2023-08-25,Food,551,false,true,Coffee meeting
EXP-20230829-006,REP-031,2023-08-29,Samples,650,true,true,Demo kit refill
EXP-20230904-003,REP-031,2023-09-04,Travel,1688,true,true,Train ticket
EXP-20230907-002,REP-031,2023-09-07,Food,134,true,true,Coffee meeting
EXP-20230911-004,REP-031,2023-09-11,Food,738,true,true,Snacks for meeting
EXP-20230917-002,REP-031,2023-09-17,Food,327,true,true,Dinner with HCP
EXP-20230914-003,REP-031,2023-09-14,Travel,1282,true,true,Fuel reimbursement
EXP-20230919-006,REP-031,2023-09-19,Lodging,3552,true,true,Guest house — 2 nights
EXP-20231002-003,REP-031,2023-10-02,Travel,201,false,true,Auto to clinic
EXP-20230928-005,REP-031,2023-09-28,Travel,858,true,false,Auto to clinic
EXP-20231009-002,REP-031,2023-10-09,Travel,1653,true,true,Fuel reimbursement
EXP-20231010-005,REP-031,2023-10-10,Conference,3980,true,true,Conference registration
EXP-20231015-005,REP-031,2023-10-15,Travel,1065,true,true,Bus fare
EXP-20231017-004,REP-031,2023-10-17,Travel,1490,true,true,Auto to clinic
EXP-20231021-003,REP-031,2023-10-21,Travel,1685,true,true,Train ticket
EXP-20231030-001,REP-031,2023-10-30,Food,769,true,true,Snacks for meeting
EXP-20231106-004,REP-031,2023-11-06,Travel,1543,true,true,Bus fare
EXP-20231110-005,REP-031,2023-11-10,Lodging,2259,false,true,Hotel stay — field trip
EXP-20231118-002,REP-031,2023-11-18,Food,155,false,false,Coffee meeting
EXP-20231116-001,REP-031,2023-11-16,Food,257,true,false,Working lunch
EXP-20231126-004,REP-031,2023-11-26,Lodging,1944,true,true,Hotel stay — field trip
EXP-20231124-001,REP-031,2023-11-24,Food,511,true,true,Coffee meeting
EXP-20231129-003,REP-031,2023-11-29,Food,573,false,true,Snacks for meeting
EXP-20231207-005,REP-031,2023-12-07,Travel,832,true,true,Fuel reimbursement
EXP-20231206-003,REP-031,2023-12-06,Travel,355,true,true,Train ticket
EXP-20231218-002,REP-031,2023-12-18,Lodging,2583,true,true,Hotel stay — field trip
EXP-20231215-008,REP-031,2023-12-15,Lodging,3176,true,true,Guest house — 2 nights
EXP-20231219-003,REP-031,2023-12-19,Travel,522,true,true,Fuel reimbursement
EXP-20231230-004,REP-031,2023-12-30,Lodging,2529,true,true,Hotel stay — field trip
EXP-20240105-002,REP-031,2024-01-05,Food,173,true,true,Coffee meeting
EXP-20240109-006,REP-031,2024-01-09,Samples,1193,true,true,Sample packs for HCP
EXP-20240116-004,REP-031,2024-01-16,Travel,419,true,true,Bus fare
EXP-20240120-006,REP-031,2024-01-20,Travel,1081,true,false,Auto to clinic
EXP-20240126-003,REP-031,2024-01-26,Travel,597,true,true,Fuel reimbursement
EXP-20240130-005,REP-031,2024-01-30,Food,403,true,true,Team lunch with HCP
EXP-20240204-003,REP-031,2024-02-04,Food,160,true,true,Team lunch with HCP
EXP-20240206-005,REP-031,2024-02-06,Travel,1979,false,true,Auto to clinic
EXP-20240214-002,REP-031,2024-02-14,Travel,1466,true,true,Bus fare
EXP-20240218-006,REP-031,2024-02-18,Lodging,2099,true,true,Lodging — outstation visit
EXP-20240223-004,REP-031,2024-02-23,Travel,1626,true,true,Fuel reimbursement
EXP-20240223-005,REP-031,2024-02-23,Food,614,true,true,Working lunch
EXP-20240304-004,REP-031,2024-03-04,Travel,1746,true,true,Cab to hospital
EXP-20240310-007,REP-031,2024-03-10,Travel,730,true,true,Train ticket
EXP-20240312-004,REP-031,2024-03-12,Travel,1902,true,true,Bus fare
EXP-20240324-003,REP-031,2024-03-24,Lodging,3716,true,true,Lodging — outstation visit
EXP-20240323-005,REP-031,2024-03-23,Travel,1743,true,true,Bus fare
EXP-20240330-004,REP-031,2024-03-30,Travel,1928,true,true,Auto to clinic
EXP-20240403-003,REP-031,2024-04-03,Food,278,false,true,Team lunch with HCP
EXP-20240403-004,REP-031,2024-04-03,Conference,2986,true,true,Conference registration
EXP-20240412-003,REP-031,2024-04-12,Travel,1944,true,true,Cab to hospital
EXP-20240420-007,REP-031,2024-04-20,Lodging,1647,true,true,Hotel stay — field trip
EXP-20240419-005,REP-031,2024-04-19,Food,335,true,true,Coffee meeting
EXP-20240423-004,REP-031,2024-04-23,Lodging,3995,true,false,Lodging — outstation visit
EXP-20240502-004,REP-031,2024-05-02,Travel,1499,true,true,Bus fare
EXP-20240501-005,REP-031,2024-05-01,Travel,1251,true,true,Fuel reimbursement
EXP-20240509-006,REP-031,2024-05-09,Travel,1642,false,true,Fuel reimbursement
EXP-20240520-005,REP-031,2024-05-20,Travel,615,true,true,Bus fare
EXP-20240514-005,REP-031,2024-05-14,Lodging,3239,true,true,Guest house — 2 nights
EXP-20240525-004,REP-031,2024-05-25,Samples,377,false,true,Product samples drop
EXP-20240528-003,REP-031,2024-05-28,Travel,1450,true,true,Cab to hospital
EXP-20240529-004,REP-031,2024-05-29,Samples,193,true,false,Product samples drop
EXP-20240610-004,REP-031,2024-06-10,Samples,1218,true,true,Sample packs for HCP
EXP-20240610-005,REP-031,2024-06-10,Conference,3382,true,true,Conference registration
EXP-20240611-001,REP-031,2024-06-11,Food,314,true,true,Snacks for meeting
EXP-20240622-005,REP-031,2024-06-22,Samples,1216,true,true,Product samples drop
EXP-20240621-001,REP-031,2024-06-21,Food,482,true,true,Dinner with HCP
EXP-20240630-007,REP-031,2024-06-30,Travel,1849,true,true,Train ticket
EXP-20240630-008,REP-031,2024-06-30,Travel,1201,true,true,Cab to hospital
EXP-20240703-002,REP-031,2024-07-03,Travel,1645,true,true,Cab to hospital
EXP-20240708-004,REP-031,2024-07-08,Samples,1294,true,true,Sample packs for HCP
EXP-20240712-003,REP-031,2024-07-12,Travel,714,true,true,Cab to hospital
EXP-20240710-002,REP-031,2024-07-10,Other,583,false,true,Stationery
EXP-20240722-003,REP-031,2024-07-22,Food,292,true,false,Team lunch with HCP
EXP-20240723-002,REP-031,2024-07-23,Food,788,false,true,Snacks for meeting
EXP-20240804-005,REP-031,2024-08-04,Travel,1573,true,true,Cab to hospital
EXP-20240812-004,REP-031,2024-08-12,Food,105,false,true,Coffee meeting
EXP-20240816-006,REP-031,2024-08-16,Lodging,3063,true,true,Guest house — 2 nights
EXP-20240815-004,REP-031,2024-08-15,Travel,735,true,true,Train ticket
EXP-20240822-005,REP-031,2024-08-22,Food,140,true,true,Team lunch with HCP
EXP-20240828-006,REP-031,2024-08-28,Lodging,3817,true,true,Lodging — outstation visit
EXP-20240901-005,REP-031,2024-09-01,Lodging,2713,true,true,Hotel stay — field trip
EXP-20240904-004,REP-031,2024-09-04,Travel,1128,true,true,Fuel reimbursement
EXP-20240904-005,REP-031,2024-09-04,Samples,426,true,true,Sample packs for HCP
EXP-20240911-004,REP-031,2024-09-11,Food,781,true,true,Coffee meeting
EXP-20240915-005,REP-031,2024-09-15,Food,609,true,true,Dinner with HCP
EXP-20240918-005,REP-031,2024-09-18,Travel,1093,true,true,Fuel reimbursement
EXP-20240929-003,REP-031,2024-09-29,Travel,1222,true,true,Cab to hospital
EXP-20240928-004,REP-031,2024-09-28,Travel,1594,true,true,Auto to clinic
EXP-20241006-006,REP-031,2024-10-06,Lodging,3780,true,true,Lodging — outstation visit
EXP-20241014-004,REP-031,2024-10-14,Samples,383,true,true,Sample packs for HCP
EXP-20241017-005,REP-031,2024-10-17,Travel,1258,true,false,Auto to clinic
EXP-20241022-004,REP-031,2024-10-22,Travel,988,true,true,Bus fare
EXP-20241031-004,REP-031,2024-10-31,Food,794,true,true,Team lunch with HCP
EXP-20241111-002,REP-031,2024-11-11,Travel,1525,true,false,Train ticket
EXP-20241114-005,REP-031,2024-11-14,Samples,1482,true,true,Sample packs for HCP
EXP-20241119-004,REP-031,2024-11-19,Other,194,true,true,Printing materials
EXP-20241201-008,REP-031,2024-12-01,Lodging,1718,true,true,Guest house — 2 nights
EXP-20241204-004,REP-031,2024-12-04,Travel,1243,true,true,Train ticket
EXP-20241209-006,REP-031,2024-12-09,Lodging,2893,false,false,Hotel stay — field trip
EXP-20241212-005,REP-031,2024-12-12,Lodging,2368,true,true,Hotel stay — field trip
EXP-20241219-008,REP-031,2024-12-19,Travel,464,true,true,Fuel reimbursement
EXP-20241224-003,REP-031,2024-12-24,Samples,897,true,true,Product samples drop
EXP-20250105-004,REP-031,2025-01-05,Conference,4580,true,true,Conference registration
EXP-20250101-002,REP-031,2025-01-01,Other,1017,false,true,Printing materials
EXP-20250112-004,REP-031,2025-01-12,Mobile,171,true,true,Mobile bill
EXP-20250107-003,REP-031,2025-01-07,Samples,471,true,true,Product samples drop
EXP-20250114-007,REP-031,2025-01-14,Food,235,true,true,Snacks for meeting
EXP-20250121-003,REP-031,2025-01-21,Travel,402,true,true,Auto to clinic
EXP-20250129-004,REP-031,2025-01-29,Samples,374,true,true,Sample packs for HCP
EXP-20250130-005,REP-031,2025-01-30,Food,269,true,true,Team lunch with HCP
EXP-20250208-007,REP-031,2025-02-08,Samples,408,false,true,Product samples drop
EXP-20250209-003,REP-031,2025-02-09,Samples,536,true,true,Demo kit refill
EXP-20250213-006,REP-031,2025-02-13,Samples,630,true,true,Product samples drop
EXP-20250216-005,REP-031,2025-02-16,Samples,221,true,true,Sample packs for HCP
EXP-20250219-007,REP-031,2025-02-19,Food,674,false,true,Snacks for meeting
EXP-20250225-003,REP-031,2025-02-25,Travel,724,true,true,Cab to hospital
EXP-20250309-003,REP-031,2025-03-09,Mobile,170,true,true,Mobile bill
EXP-20250309-004,REP-031,2025-03-09,Travel,960,true,true,Auto to clinic
EXP-20250317-005,REP-031,2025-03-17,Mobile,696,true,true,Internet recharge
EXP-20250315-006,REP-031,2025-03-15,Conference,774,true,true,Doctor meet sponsorship
EXP-20250318-002,REP-031,2025-03-18,Samples,243,true,true,Sample packs for HCP
EXP-20250326-005,REP-031,2025-03-26,Samples,1442,true,true,Sample packs for HCP
EXP-20250406-004,REP-031,2025-04-06,Travel,1862,true,true,Cab to hospital
EXP-20250406-005,REP-031,2025-04-06,Food,123,true,false,Team lunch with HCP
EXP-20250413-006,REP-031,2025-04-13,Lodging,3243,true,true,Hotel stay — field trip
EXP-20250420-003,REP-031,2025-04-20,Mobile,247,true,true,Mobile bill
EXP-20250416-003,REP-031,2025-04-16,Travel,1230,true,true,Fuel reimbursement
EXP-20250426-006,REP-031,2025-04-26,Food,107,true,true,Working lunch
EXP-20250504-004,REP-031,2025-05-04,Conference,778,true,true,CME event fees
EXP-20250502-004,REP-031,2025-05-02,Conference,2079,true,true,Doctor meet sponsorship
EXP-20250510-005,REP-031,2025-05-10,Travel,1758,true,true,Fuel reimbursement
EXP-20250514-003,REP-031,2025-05-14,Samples,252,true,true,Sample packs for HCP
EXP-20250521-003,REP-031,2025-05-21,Other,1889,true,true,Misc expense
EXP-20250523-006,REP-031,2025-05-23,Food,713,true,false,Coffee meeting
EXP-20250527-001,REP-031,2025-05-27,Food,458,true,true,Dinner with HCP
EXP-20250528-004,REP-031,2025-05-28,Travel,915,true,true,Train ticket
EXP-20250607-008,REP-031,2025-06-07,Travel,1407,true,false,Auto to clinic
EXP-20250614-003,REP-031,2025-06-14,Travel,1455,true,true,Train ticket
EXP-20250612-005,REP-031,2025-06-12,Lodging,2278,true,true,Hotel stay — field trip
EXP-20250623-004,REP-031,2025-06-23,Samples,233,true,true,Sample packs for HCP
EXP-20250621-005,REP-031,2025-06-21,Travel,1699,true,true,Auto to clinic
EXP-20250626-002,REP-031,2025-06-26,Other,940,true,true,Misc expense
EXP-20250627-004,REP-031,2025-06-27,Travel,1589,true,true,Cab to hospital
EXP-20250707-003,REP-031,2025-07-07,Travel,1021,true,true,Auto to clinic
EXP-20250701-002,REP-031,2025-07-01,Food,693,true,true,Coffee meeting
EXP-20250714-003,REP-031,2025-07-14,Mobile,302,true,true,Internet recharge
EXP-20250712-006,REP-031,2025-07-12,Samples,907,true,true,Product samples drop
EXP-20250716-009,REP-031,2025-07-16,Travel,2000,true,true,Train ticket
EXP-20250720-003,REP-031,2025-07-20,Travel,401,true,true,Fuel reimbursement
EXP-20250728-003,REP-031,2025-07-28,Travel,455,true,true,Bus fare
EXP-20250727-002,REP-031,2025-07-27,Travel,734,true,true,Bus fare
EXP-20250804-006,REP-031,2025-08-04,Travel,1436,true,true,Train ticket
EXP-20250807-007,REP-031,2025-08-07,Mobile,256,true,true,Mobile bill
EXP-20250813-002,REP-031,2025-08-13,Travel,1200,true,true,Train ticket
EXP-20250823-003,REP-031,2025-08-23,Food,234,true,true,Dinner with HCP
EXP-20250823-004,REP-031,2025-08-23,Travel,1352,true,true,Cab to hospital
EXP-20250901-003,REP-031,2025-09-01,Food,313,true,true,Team lunch with HCP
EXP-20250826-004,REP-031,2025-08-26,Travel,847,true,true,Train ticket
EXP-20250906-004,REP-031,2025-09-06,Mobile,472,true,true,Internet recharge
EXP-20250903-002,REP-031,2025-09-03,Food,447,false,true,Snacks for meeting
EXP-20250910-007,REP-031,2025-09-10,Travel,482,true,true,Bus fare
EXP-20250909-003,REP-031,2025-09-09,Food,522,false,true,Dinner with HCP
EXP-20250916-003,REP-031,2025-09-16,Samples,1383,true,true,Product samples drop
EXP-20250929-005,REP-031,2025-09-29,Travel,751,true,true,Fuel reimbursement
EXP-20251002-005,REP-031,2025-10-02,Lodging,2697,true,true,Guest house — 2 nights
EXP-20251008-006,REP-031,2025-10-08,Travel,1795,false,true,Train ticket
EXP-20251017-003,REP-031,2025-10-17,Travel,1524,true,true,Auto to clinic
EXP-20251018-001,REP-031,2025-10-18,Food,263,true,true,Dinner with HCP
EXP-20251025-004,REP-031,2025-10-25,Travel,675,true,true,Cab to hospital
EXP-20251022-005,REP-031,2025-10-22,Travel,669,true,true,Cab to hospital
EXP-20251029-003,REP-031,2025-10-29,Lodging,1913,false,true,Hotel stay — field trip
EXP-20251028-003,REP-031,2025-10-28,Travel,719,true,true,Bus fare
EXP-20251109-003,REP-031,2025-11-09,Food,517,true,true,Coffee meeting
EXP-20251113-004,REP-031,2025-11-13,Travel,899,true,true,Fuel reimbursement
EXP-20251117-007,REP-031,2025-11-17,Samples,1389,true,true,Sample packs for HCP
EXP-20251119-007,REP-031,2025-11-19,Travel,1364,true,true,Fuel reimbursement
EXP-20251130-003,REP-031,2025-11-30,Travel,910,false,true,Fuel reimbursement
EXP-20251127-002,REP-031,2025-11-27,Samples,1006,true,true,Sample packs for HCP
EXP-20251207-002,REP-031,2025-12-07,Samples,1478,true,true,Product samples drop
EXP-20251210-004,REP-031,2025-12-10,Travel,1621,true,true,Bus fare
EXP-20251215-002,REP-031,2025-12-15,Lodging,1874,false,true,Hotel stay — field trip
EXP-20251221-002,REP-031,2025-12-21,Lodging,2308,false,true,Lodging — outstation visit
EXP-20251220-003,REP-031,2025-12-20,Lodging,3905,true,true,Lodging — outstation visit
EXP-20251228-002,REP-031,2025-12-28,Conference,870,true,true,Doctor meet sponsorship
EXP-20260102-005,REP-031,2026-01-02,Food,230,true,true,Snacks for meeting
EXP-20251231-003,REP-031,2025-12-31,Lodging,3002,true,true,Hotel stay — field trip
EXP-20260110-004,REP-031,2026-01-10,Lodging,3864,false,true,Hotel stay — field trip
EXP-20260106-003,REP-031,2026-01-06,Lodging,2634,true,true,Guest house — 2 nights
EXP-20260118-003,REP-031,2026-01-18,Travel,1971,true,true,Fuel reimbursement
EXP-20260114-004,REP-031,2026-01-14,Food,676,true,true,Dinner with HCP
EXP-20260120-004,REP-031,2026-01-20,Travel,1081,true,true,Auto to clinic
EXP-20260123-001,REP-031,2026-01-23,Mobile,781,true,true,Internet recharge
EXP-20260129-003,REP-031,2026-01-29,Travel,476,true,true,Cab to hospital
EXP-20260207-001,REP-031,2026-02-07,Travel,735,false,true,Cab to hospital
EXP-20260215-002,REP-031,2026-02-15,Conference,2235,true,true,CME event fees
EXP-20260219-003,REP-031,2026-02-19,Food,347,true,true,Dinner with HCP
EXP-20260227-004,REP-031,2026-02-27,Food,675,false,true,Dinner with HCP
EXP-20260224-004,REP-031,2026-02-24,Travel,390,true,true,Auto to clinic
EXP-20260309-003,REP-031,2026-03-09,Food,424,true,true,Coffee meeting
EXP-20260305-002,REP-031,2026-03-05,Food,221,true,true,Dinner with HCP
EXP-20260310-004,REP-031,2026-03-10,Travel,245,true,true,Bus fare
EXP-20260323-004,REP-031,2026-03-23,Mobile,279,true,true,Internet recharge
EXP-20260327-002,REP-031,2026-03-27,Travel,1675,true,true,Cab to hospital
EXP-20260324-004,REP-031,2026-03-24,Travel,1634,false,true,Cab to hospital
EXP-20240531-002,REP-032,2024-05-31,Lodging,2812,true,true,Hotel stay — field trip
EXP-20240530-002,REP-032,2024-05-30,Travel,1674,true,true,Bus fare
EXP-20240606-006,REP-032,2024-06-06,Travel,1954,true,true,Bus fare
EXP-20240612-005,REP-032,2024-06-12,Travel,1019,true,true,Bus fare
EXP-20240617-006,REP-032,2024-06-17,Travel,1326,true,true,Train ticket
EXP-20240621-002,REP-032,2024-06-21,Travel,1025,true,true,Auto to clinic
EXP-20240627-004,REP-032,2024-06-27,Food,274,true,true,Working lunch
EXP-20240702-007,REP-032,2024-07-02,Travel,752,true,true,Bus fare
EXP-20240710-003,REP-032,2024-07-10,Travel,759,true,true,Cab to hospital
EXP-20240706-003,REP-032,2024-07-06,Conference,4359,false,true,Conference registration
EXP-20240718-004,REP-032,2024-07-18,Travel,1503,true,true,Train ticket
EXP-20240723-003,REP-032,2024-07-23,Food,240,true,true,Snacks for meeting
EXP-20240802-006,REP-032,2024-08-02,Samples,655,true,true,Demo kit refill
EXP-20240729-003,REP-032,2024-07-29,Travel,231,true,true,Cab to hospital
EXP-20240805-004,REP-032,2024-08-05,Travel,1751,true,true,Bus fare
EXP-20240808-003,REP-032,2024-08-08,Food,714,true,true,Working lunch
EXP-20240811-004,REP-032,2024-08-11,Samples,280,true,true,Product samples drop
EXP-20240816-007,REP-032,2024-08-16,Food,411,true,true,Dinner with HCP
EXP-20240820-002,REP-032,2024-08-20,Food,794,true,false,Coffee meeting
EXP-20240830-007,REP-032,2024-08-30,Travel,364,true,true,Bus fare
EXP-20240830-008,REP-032,2024-08-30,Lodging,3649,true,true,Hotel stay — field trip
EXP-20240903-005,REP-032,2024-09-03,Samples,55,true,true,Product samples drop
EXP-20240903-006,REP-032,2024-09-03,Lodging,3328,true,true,Guest house — 2 nights
EXP-20240910-004,REP-032,2024-09-10,Food,361,true,true,Coffee meeting
EXP-20240909-003,REP-032,2024-09-09,Other,344,false,true,Stationery
EXP-20240914-004,REP-032,2024-09-14,Food,535,true,true,Coffee meeting
EXP-20240926-005,REP-032,2024-09-26,Lodging,2080,true,true,Guest house — 2 nights
EXP-20240929-004,REP-032,2024-09-29,Other,268,true,true,Misc expense
EXP-20240928-005,REP-032,2024-09-28,Travel,1381,true,true,Auto to clinic
EXP-20241007-006,REP-032,2024-10-07,Travel,1577,true,true,Train ticket
EXP-20241007-007,REP-032,2024-10-07,Samples,901,true,true,Product samples drop
EXP-20241015-002,REP-032,2024-10-15,Travel,503,true,true,Cab to hospital
EXP-20241018-006,REP-032,2024-10-18,Travel,1346,true,false,Auto to clinic
EXP-20241023-003,REP-032,2024-10-23,Travel,1931,true,true,Auto to clinic
EXP-20241023-004,REP-032,2024-10-23,Samples,386,true,true,Demo kit refill
EXP-20241101-004,REP-032,2024-11-01,Travel,972,true,true,Bus fare
EXP-20241107-003,REP-032,2024-11-07,Travel,1284,true,true,Bus fare
EXP-20241114-006,REP-032,2024-11-14,Travel,1210,true,true,Train ticket
EXP-20241114-007,REP-032,2024-11-14,Travel,1307,true,true,Auto to clinic
EXP-20241121-002,REP-032,2024-11-21,Travel,530,true,true,Train ticket
EXP-20241128-006,REP-032,2024-11-28,Food,157,true,true,Snacks for meeting
EXP-20241126-002,REP-032,2024-11-26,Travel,879,true,true,Bus fare
EXP-20241205-005,REP-032,2024-12-05,Travel,932,true,true,Cab to hospital
EXP-20241201-009,REP-032,2024-12-01,Travel,1139,false,true,Auto to clinic
EXP-20241212-006,REP-032,2024-12-12,Travel,1010,true,true,Auto to clinic
EXP-20241217-006,REP-032,2024-12-17,Food,134,true,true,Coffee meeting
EXP-20241216-004,REP-032,2024-12-16,Travel,1986,true,false,Cab to hospital
EXP-20241221-005,REP-032,2024-12-21,Travel,588,true,true,Bus fare
EXP-20250103-006,REP-032,2025-01-03,Travel,1592,true,true,Fuel reimbursement
EXP-20250108-006,REP-032,2025-01-08,Travel,608,true,true,Auto to clinic
EXP-20250114-008,REP-032,2025-01-14,Travel,528,true,true,Train ticket
EXP-20250119-005,REP-032,2025-01-19,Samples,599,true,true,Demo kit refill
EXP-20250122-003,REP-032,2025-01-22,Food,321,true,true,Team lunch with HCP
EXP-20250127-004,REP-032,2025-01-27,Travel,275,true,true,Train ticket
EXP-20250206-002,REP-032,2025-02-06,Lodging,1672,true,true,Guest house — 2 nights
EXP-20250204-004,REP-032,2025-02-04,Samples,1279,true,true,Sample packs for HCP
EXP-20250209-004,REP-032,2025-02-09,Food,147,true,true,Snacks for meeting
EXP-20250216-006,REP-032,2025-02-16,Samples,1386,true,true,Product samples drop
EXP-20250228-002,REP-032,2025-02-28,Samples,376,true,true,Sample packs for HCP
EXP-20250305-004,REP-032,2025-03-05,Food,231,true,true,Working lunch
EXP-20250307-005,REP-032,2025-03-07,Other,277,true,true,Printing materials
EXP-20250314-001,REP-032,2025-03-14,Mobile,454,true,true,Internet recharge
EXP-20250318-003,REP-032,2025-03-18,Food,256,true,true,Team lunch with HCP
EXP-20250327-002,REP-032,2025-03-27,Travel,1987,true,true,Cab to hospital
EXP-20250325-006,REP-032,2025-03-25,Mobile,505,true,true,Internet recharge
EXP-20250331-004,REP-032,2025-03-31,Lodging,2582,true,true,Lodging — outstation visit
EXP-20250406-006,REP-032,2025-04-06,Travel,1550,true,true,Cab to hospital
EXP-20250412-005,REP-032,2025-04-12,Food,687,true,true,Working lunch
EXP-20250422-006,REP-032,2025-04-22,Travel,911,false,false,Auto to clinic
EXP-20250430-002,REP-032,2025-04-30,Travel,600,true,true,Fuel reimbursement
EXP-20250427-005,REP-032,2025-04-27,Food,282,true,true,Coffee meeting
EXP-20250504-005,REP-032,2025-05-04,Food,536,true,true,Dinner with HCP
EXP-20250516-004,REP-032,2025-05-16,Travel,865,false,true,Bus fare
EXP-20250510-006,REP-032,2025-05-10,Food,560,true,true,Dinner with HCP
EXP-20250522-002,REP-032,2025-05-22,Lodging,3346,true,true,Guest house — 2 nights
EXP-20250518-006,REP-032,2025-05-18,Food,626,true,true,Coffee meeting
EXP-20230404-003,REP-033,2023-04-04,Travel,1412,true,true,Train ticket
EXP-20230411-005,REP-033,2023-04-11,Travel,359,true,true,Train ticket
EXP-20230412-003,REP-033,2023-04-12,Food,715,true,true,Working lunch
EXP-20230419-005,REP-033,2023-04-19,Travel,497,true,false,Bus fare
EXP-20230422-002,REP-033,2023-04-22,Food,374,true,true,Working lunch
EXP-20230501-004,REP-033,2023-05-01,Travel,1076,true,true,Bus fare
EXP-20230509-005,REP-033,2023-05-09,Travel,1511,false,true,Bus fare
EXP-20230506-003,REP-033,2023-05-06,Lodging,3284,true,true,Lodging — outstation visit
EXP-20230516-003,REP-033,2023-05-16,Travel,1871,false,true,Fuel reimbursement
EXP-20230517-007,REP-033,2023-05-17,Travel,1351,true,true,Bus fare
EXP-20230529-003,REP-033,2023-05-29,Food,211,true,false,Team lunch with HCP
EXP-20230529-004,REP-033,2023-05-29,Food,467,true,false,Working lunch
EXP-20230604-004,REP-033,2023-06-04,Food,498,true,true,Coffee meeting
EXP-20230613-004,REP-033,2023-06-13,Food,599,false,true,Dinner with HCP
EXP-20230607-002,REP-033,2023-06-07,Travel,699,true,true,Bus fare
EXP-20230619-004,REP-033,2023-06-19,Samples,201,true,true,Sample packs for HCP
EXP-20230617-004,REP-033,2023-06-17,Travel,1561,true,true,Train ticket
EXP-20230621-003,REP-033,2023-06-21,Travel,516,true,true,Cab to hospital
EXP-20230703-003,REP-033,2023-07-03,Food,254,true,true,Team lunch with HCP
EXP-20230703-004,REP-033,2023-07-03,Travel,1542,true,true,Train ticket
EXP-20230707-003,REP-033,2023-07-07,Mobile,262,true,true,Roaming charges
EXP-20230711-003,REP-033,2023-07-11,Travel,1876,true,true,Cab to hospital
EXP-20230715-002,REP-033,2023-07-15,Food,447,true,true,Snacks for meeting
EXP-20230717-002,REP-033,2023-07-17,Travel,900,true,true,Train ticket
EXP-20230724-005,REP-033,2023-07-24,Travel,1675,false,true,Train ticket
EXP-20230731-003,REP-033,2023-07-31,Lodging,3359,true,true,Hotel stay — field trip
EXP-20230729-004,REP-033,2023-07-29,Food,217,true,true,Working lunch
EXP-20230808-003,REP-033,2023-08-08,Food,313,true,true,Team lunch with HCP
EXP-20230803-004,REP-033,2023-08-03,Travel,1113,true,true,Bus fare
EXP-20230810-003,REP-033,2023-08-10,Travel,1058,true,true,Train ticket
EXP-20230815-004,REP-033,2023-08-15,Travel,730,false,true,Train ticket
EXP-20230822-002,REP-033,2023-08-22,Travel,992,true,true,Train ticket
EXP-20230824-003,REP-033,2023-08-24,Travel,1034,true,true,Auto to clinic
EXP-20230823-004,REP-033,2023-08-23,Food,371,true,true,Coffee meeting
EXP-20230901-003,REP-033,2023-09-01,Travel,324,true,true,Bus fare
EXP-20230830-002,REP-033,2023-08-30,Travel,292,true,true,Cab to hospital
EXP-20230911-005,REP-033,2023-09-11,Lodging,2841,true,true,Hotel stay — field trip
EXP-20230919-007,REP-033,2023-09-19,Travel,1371,true,true,Auto to clinic
EXP-20230925-003,REP-033,2023-09-25,Lodging,2080,false,true,Lodging — outstation visit
EXP-20231003-002,REP-033,2023-10-03,Travel,1305,true,false,Train ticket
EXP-20231010-006,REP-033,2023-10-10,Travel,1591,true,true,Train ticket
EXP-20231007-004,REP-033,2023-10-07,Travel,720,false,true,Bus fare
EXP-20231015-006,REP-033,2023-10-15,Samples,753,true,true,Product samples drop
EXP-20231016-001,REP-033,2023-10-16,Travel,1037,true,true,Train ticket
EXP-20231021-004,REP-033,2023-10-21,Travel,981,true,true,Cab to hospital
EXP-20231028-005,REP-033,2023-10-28,Lodging,2737,true,true,Lodging — outstation visit
EXP-20231027-003,REP-033,2023-10-27,Conference,902,true,true,Doctor meet sponsorship
EXP-20231106-005,REP-033,2023-11-06,Food,220,true,true,Snacks for meeting
EXP-20231106-006,REP-033,2023-11-06,Samples,267,true,true,Sample packs for HCP
EXP-20231108-003,REP-033,2023-11-08,Travel,901,true,true,Fuel reimbursement
EXP-20231109-005,REP-033,2023-11-09,Travel,867,true,true,Cab to hospital
EXP-20231120-002,REP-033,2023-11-20,Samples,1430,true,true,Product samples drop
EXP-20231127-002,REP-033,2023-11-27,Samples,289,true,true,Demo kit refill
EXP-20231128-004,REP-033,2023-11-28,Lodging,3708,false,true,Guest house — 2 nights
EXP-20231203-003,REP-033,2023-12-03,Food,795,true,true,Snacks for meeting
EXP-20231203-004,REP-033,2023-12-03,Food,437,true,true,Working lunch
EXP-20231209-004,REP-033,2023-12-09,Travel,1937,true,true,Cab to hospital
EXP-20231211-005,REP-033,2023-12-11,Mobile,646,true,false,Internet recharge
EXP-20231217-004,REP-033,2023-12-17,Travel,817,true,true,Auto to clinic
EXP-20231219-004,REP-033,2023-12-19,Samples,1034,true,true,Demo kit refill
EXP-20231226-002,REP-033,2023-12-26,Travel,369,true,true,Train ticket
EXP-20231225-009,REP-033,2023-12-25,Mobile,459,true,true,Internet recharge
EXP-20240102-002,REP-033,2024-01-02,Mobile,752,false,true,Mobile bill
EXP-20231231-004,REP-033,2023-12-31,Travel,1080,true,true,Train ticket
EXP-20240109-007,REP-033,2024-01-09,Samples,935,true,true,Demo kit refill
EXP-20240115-002,REP-033,2024-01-15,Food,245,true,true,Coffee meeting
EXP-20240119-003,REP-033,2024-01-19,Travel,1002,true,true,Train ticket
EXP-20240124-005,REP-033,2024-01-24,Travel,1092,true,true,Train ticket
EXP-20240125-005,REP-033,2024-01-25,Travel,1411,true,true,Auto to clinic
EXP-20240202-008,REP-033,2024-02-02,Food,766,true,true,Snacks for meeting
EXP-20240210-003,REP-033,2024-02-10,Samples,1002,false,true,Sample packs for HCP
EXP-20240208-003,REP-033,2024-02-08,Travel,805,true,true,Fuel reimbursement
EXP-20240216-008,REP-033,2024-02-16,Samples,350,true,true,Sample packs for HCP
EXP-20240225-002,REP-033,2024-02-25,Travel,1933,false,true,Train ticket
EXP-20240227-005,REP-033,2024-02-27,Mobile,705,true,true,Mobile bill
EXP-20240303-004,REP-033,2024-03-03,Food,357,true,true,Coffee meeting
EXP-20240301-004,REP-033,2024-03-01,Lodging,3622,true,true,Lodging — outstation visit
EXP-20240307-005,REP-033,2024-03-07,Food,618,true,true,Snacks for meeting
EXP-20240307-006,REP-033,2024-03-07,Samples,72,true,true,Demo kit refill
EXP-20240319-002,REP-033,2024-03-19,Food,675,true,true,Team lunch with HCP
EXP-20240321-003,REP-033,2024-03-21,Travel,1522,true,true,Auto to clinic
EXP-20240330-005,REP-033,2024-03-30,Mobile,598,true,true,Roaming charges
EXP-20240330-006,REP-033,2024-03-30,Travel,1279,true,false,Auto to clinic
EXP-20240407-006,REP-033,2024-04-07,Travel,492,true,true,Fuel reimbursement
EXP-20240416-005,REP-033,2024-04-16,Mobile,433,true,true,Mobile bill
EXP-20240413-005,REP-033,2024-04-13,Food,393,true,true,Team lunch with HCP
EXP-20240417-004,REP-033,2024-04-17,Travel,1793,true,true,Fuel reimbursement
EXP-20240418-001,REP-033,2024-04-18,Travel,295,true,true,Auto to clinic
EXP-20240424-005,REP-033,2024-04-24,Travel,1990,false,true,Cab to hospital
EXP-20240507-004,REP-033,2024-05-07,Mobile,133,true,false,Roaming charges
EXP-20240510-003,REP-033,2024-05-10,Samples,1322,true,true,Sample packs for HCP
EXP-20240517-003,REP-033,2024-05-17,Travel,1623,true,true,Auto to clinic
EXP-20240517-004,REP-033,2024-05-17,Travel,1197,true,true,Cab to hospital
EXP-20240528-004,REP-033,2024-05-28,Mobile,560,true,true,Roaming charges
EXP-20240602-005,REP-033,2024-06-02,Lodging,1762,true,true,Hotel stay — field trip
EXP-20240606-007,REP-033,2024-06-06,Travel,648,true,true,Cab to hospital
EXP-20240614-007,REP-033,2024-06-14,Travel,1094,false,true,Train ticket
EXP-20240613-003,REP-033,2024-06-13,Travel,1072,true,true,Train ticket
EXP-20240624-004,REP-033,2024-06-24,Food,593,true,true,Working lunch
EXP-20240627-005,REP-033,2024-06-27,Lodging,2927,true,true,Guest house — 2 nights
EXP-20240629-006,REP-033,2024-06-29,Lodging,3157,true,true,Guest house — 2 nights
EXP-20240706-004,REP-033,2024-07-06,Food,495,true,true,Team lunch with HCP
EXP-20240703-003,REP-033,2024-07-03,Travel,301,true,false,Auto to clinic
EXP-20240713-001,REP-033,2024-07-13,Travel,1366,true,true,Auto to clinic
EXP-20240722-004,REP-033,2024-07-22,Travel,230,true,true,Fuel reimbursement
EXP-20240719-007,REP-033,2024-07-19,Travel,929,true,true,Fuel reimbursement
EXP-20240728-007,REP-033,2024-07-28,Lodging,1651,false,true,Hotel stay — field trip
EXP-20240727-004,REP-033,2024-07-27,Lodging,2358,true,true,Guest house — 2 nights
EXP-20240803-005,REP-033,2024-08-03,Samples,1355,false,true,Sample packs for HCP
EXP-20240810-006,REP-033,2024-08-10,Food,700,true,true,Coffee meeting
EXP-20240808-004,REP-033,2024-08-08,Travel,956,false,true,Cab to hospital
EXP-20240818-004,REP-033,2024-08-18,Lodging,2118,true,true,Lodging — outstation visit
EXP-20240819-005,REP-033,2024-08-19,Travel,1249,true,true,Auto to clinic
EXP-20240825-003,REP-033,2024-08-25,Travel,1169,false,true,Bus fare
EXP-20240901-006,REP-033,2024-09-01,Food,783,true,true,Coffee meeting
EXP-20240906-005,REP-033,2024-09-06,Samples,1090,true,true,Sample packs for HCP
EXP-20240907-006,REP-033,2024-09-07,Conference,4802,true,true,CME event fees
EXP-20240912-004,REP-033,2024-09-12,Travel,800,true,true,Cab to hospital
EXP-20240920-003,REP-033,2024-09-20,Travel,1533,true,false,Train ticket
EXP-20240929-005,REP-033,2024-09-29,Mobile,612,false,true,Mobile bill
EXP-20241003-008,REP-033,2024-10-03,Food,709,true,false,Coffee meeting
EXP-20241013-004,REP-033,2024-10-13,Travel,1084,true,true,Auto to clinic
EXP-20241009-003,REP-033,2024-10-09,Mobile,433,false,true,Mobile bill
EXP-20241022-005,REP-033,2024-10-22,Travel,341,true,true,Cab to hospital
EXP-20241019-005,REP-033,2024-10-19,Travel,658,true,true,Train ticket
EXP-20241024-005,REP-033,2024-10-24,Lodging,3581,false,true,Lodging — outstation visit
EXP-20241105-005,REP-033,2024-11-05,Travel,1520,true,true,Fuel reimbursement
EXP-20241107-004,REP-033,2024-11-07,Travel,982,true,true,Cab to hospital
EXP-20241115-003,REP-033,2024-11-15,Lodging,3269,true,true,Hotel stay — field trip
EXP-20241122-003,REP-033,2024-11-22,Travel,1770,true,true,Bus fare
EXP-20241130-003,REP-033,2024-11-30,Food,145,true,true,Snacks for meeting
EXP-20241127-006,REP-033,2024-11-27,Food,629,false,true,Snacks for meeting
EXP-20241206-002,REP-033,2024-12-06,Samples,419,true,true,Product samples drop
EXP-20241206-003,REP-033,2024-12-06,Other,181,true,false,Stationery
EXP-20241212-007,REP-033,2024-12-12,Travel,1104,true,true,Auto to clinic
EXP-20241214-003,REP-033,2024-12-14,Mobile,786,true,true,Roaming charges
EXP-20241224-004,REP-033,2024-12-24,Food,233,true,true,Coffee meeting
EXP-20241218-006,REP-033,2024-12-18,Travel,551,true,true,Auto to clinic
EXP-20241229-006,REP-033,2024-12-29,Travel,795,true,true,Auto to clinic
EXP-20250102-004,REP-033,2025-01-02,Samples,430,true,true,Product samples drop
EXP-20250113-004,REP-033,2025-01-13,Travel,1081,false,true,Cab to hospital
EXP-20250110-003,REP-033,2025-01-10,Food,735,true,true,Team lunch with HCP
EXP-20250121-004,REP-033,2025-01-21,Samples,258,true,true,Sample packs for HCP
EXP-20250128-005,REP-033,2025-01-28,Food,361,true,true,Team lunch with HCP
EXP-20250204-005,REP-033,2025-02-04,Travel,1828,false,true,Auto to clinic
EXP-20250209-005,REP-033,2025-02-09,Travel,278,true,true,Fuel reimbursement
EXP-20250216-007,REP-033,2025-02-16,Travel,615,true,true,Bus fare
EXP-20250225-004,REP-033,2025-02-25,Food,332,true,true,Snacks for meeting
EXP-20250302-006,REP-033,2025-03-02,Mobile,618,true,true,Internet recharge
EXP-20250309-005,REP-033,2025-03-09,Food,588,true,true,Team lunch with HCP
EXP-20250316-005,REP-033,2025-03-16,Travel,1762,true,true,Fuel reimbursement
EXP-20250320-006,REP-033,2025-03-20,Food,771,true,true,Working lunch
EXP-20250322-006,REP-033,2025-03-22,Travel,1245,true,true,Bus fare
EXP-20250331-005,REP-033,2025-03-31,Food,356,true,true,Snacks for meeting
EXP-20250331-006,REP-033,2025-03-31,Travel,1770,true,true,Bus fare
EXP-20250402-005,REP-033,2025-04-02,Other,1417,true,true,Misc expense
EXP-20250407-003,REP-033,2025-04-07,Lodging,1561,true,true,Lodging — outstation visit
EXP-20250410-005,REP-033,2025-04-10,Food,469,true,true,Working lunch
EXP-20250413-007,REP-033,2025-04-13,Travel,693,true,true,Auto to clinic
EXP-20250421-004,REP-033,2025-04-21,Travel,1970,true,true,Fuel reimbursement
EXP-20250424-001,REP-033,2025-04-24,Lodging,2448,true,true,Lodging — outstation visit
EXP-20250429-005,REP-033,2025-04-29,Travel,1031,true,true,Fuel reimbursement
EXP-20250505-004,REP-033,2025-05-05,Food,238,true,false,Dinner with HCP
EXP-20250501-005,REP-033,2025-05-01,Lodging,2503,true,true,Lodging — outstation visit
EXP-20250509-005,REP-033,2025-05-09,Travel,365,true,true,Auto to clinic
EXP-20250520-005,REP-033,2025-05-20,Samples,992,true,true,Sample packs for HCP
EXP-20250516-005,REP-033,2025-05-16,Travel,304,true,true,Fuel reimbursement
EXP-20250521-004,REP-033,2025-05-21,Samples,182,true,true,Demo kit refill
EXP-20250526-006,REP-033,2025-05-26,Travel,1404,true,true,Fuel reimbursement
EXP-20250530-006,REP-033,2025-05-30,Travel,1955,true,true,Bus fare
EXP-20250602-005,REP-033,2025-06-02,Travel,1637,true,true,Auto to clinic
EXP-20250605-006,REP-033,2025-06-05,Conference,4459,true,true,Conference registration
EXP-20250613-003,REP-033,2025-06-13,Samples,1435,true,true,Demo kit refill
EXP-20250611-007,REP-033,2025-06-11,Food,515,true,false,Dinner with HCP
EXP-20250623-005,REP-033,2025-06-23,Lodging,1619,true,true,Hotel stay — field trip
EXP-20250619-005,REP-033,2025-06-19,Travel,1909,true,true,Train ticket
EXP-20250628-005,REP-033,2025-06-28,Travel,774,true,true,Auto to clinic
EXP-20250625-004,REP-033,2025-06-25,Travel,1199,true,true,Bus fare
EXP-20250705-007,REP-033,2025-07-05,Samples,390,true,true,Demo kit refill
EXP-20250709-005,REP-033,2025-07-09,Samples,647,true,true,Sample packs for HCP
EXP-20250710-003,REP-033,2025-07-10,Food,568,true,true,Dinner with HCP
EXP-20250719-005,REP-033,2025-07-19,Lodging,3536,true,true,Guest house — 2 nights
EXP-20250719-006,REP-033,2025-07-19,Lodging,3460,true,true,Guest house — 2 nights
EXP-20250723-004,REP-033,2025-07-23,Travel,397,false,true,Train ticket
EXP-20250730-004,REP-033,2025-07-30,Travel,1164,true,true,Auto to clinic
EXP-20250804-007,REP-033,2025-08-04,Travel,1142,true,true,Bus fare
EXP-20250809-005,REP-033,2025-08-09,Conference,4569,true,true,CME event fees
EXP-20250816-003,REP-033,2025-08-16,Conference,1300,true,true,CME event fees
EXP-20250820-003,REP-033,2025-08-20,Samples,983,true,false,Sample packs for HCP
EXP-20250826-005,REP-033,2025-08-26,Food,800,true,true,Dinner with HCP
EXP-20250827-004,REP-033,2025-08-27,Travel,430,false,true,Fuel reimbursement
EXP-20250827-005,REP-033,2025-08-27,Travel,697,true,true,Auto to clinic
EXP-20250906-005,REP-033,2025-09-06,Food,348,true,false,Coffee meeting
EXP-20250915-004,REP-033,2025-09-15,Travel,1268,true,true,Auto to clinic
EXP-20250921-002,REP-033,2025-09-21,Travel,1766,true,true,Bus fare
EXP-20250922-006,REP-033,2025-09-22,Travel,1053,true,true,Cab to hospital
EXP-20250925-004,REP-033,2025-09-25,Food,298,true,true,Snacks for meeting
EXP-20251006-005,REP-033,2025-10-06,Travel,1897,true,true,Bus fare
EXP-20251013-002,REP-033,2025-10-13,Travel,835,true,true,Auto to clinic
EXP-20251008-007,REP-033,2025-10-08,Lodging,3714,true,true,Lodging — outstation visit
EXP-20251018-002,REP-033,2025-10-18,Travel,1985,true,true,Cab to hospital
EXP-20251022-006,REP-033,2025-10-22,Conference,3077,true,true,Doctor meet sponsorship
EXP-20251101-005,REP-033,2025-11-01,Travel,1150,true,true,Fuel reimbursement
EXP-20251031-005,REP-033,2025-10-31,Samples,868,true,true,Product samples drop
EXP-20251106-004,REP-033,2025-11-06,Food,324,true,true,Dinner with HCP
EXP-20251113-005,REP-033,2025-11-13,Travel,1767,true,true,Bus fare
EXP-20251112-004,REP-033,2025-11-12,Food,661,true,true,Team lunch with HCP
EXP-20251125-003,REP-033,2025-11-25,Lodging,2519,true,true,Hotel stay — field trip
EXP-20251130-004,REP-033,2025-11-30,Lodging,1687,true,true,Lodging — outstation visit
EXP-20251203-003,REP-033,2025-12-03,Food,566,false,true,Dinner with HCP
EXP-20251210-005,REP-033,2025-12-10,Travel,1607,true,true,Fuel reimbursement
EXP-20251222-004,REP-033,2025-12-22,Lodging,2990,true,true,Lodging — outstation visit
EXP-20251225-003,REP-033,2025-12-25,Travel,693,true,true,Bus fare
EXP-20260104-004,REP-033,2026-01-04,Samples,871,true,true,Product samples drop
EXP-20251231-004,REP-033,2025-12-31,Food,112,true,true,Dinner with HCP
EXP-20260108-005,REP-033,2026-01-08,Mobile,253,true,true,Roaming charges
EXP-20260117-003,REP-033,2026-01-17,Travel,1790,true,true,Train ticket
EXP-20260118-004,REP-033,2026-01-18,Lodging,3077,true,true,Hotel stay — field trip
EXP-20260124-004,REP-033,2026-01-24,Travel,970,true,true,Cab to hospital
EXP-20260201-002,REP-033,2026-02-01,Lodging,3133,true,true,Lodging — outstation visit
EXP-20260201-003,REP-033,2026-02-01,Food,185,true,true,Dinner with HCP
EXP-20260208-003,REP-033,2026-02-08,Travel,985,true,false,Train ticket
EXP-20260209-002,REP-033,2026-02-09,Food,666,true,true,Coffee meeting
EXP-20260211-002,REP-033,2026-02-11,Lodging,2207,true,true,Lodging — outstation visit
EXP-20260211-003,REP-033,2026-02-11,Food,693,true,true,Working lunch
EXP-20260218-004,REP-033,2026-02-18,Lodging,2048,true,true,Lodging — outstation visit
EXP-20260225-002,REP-033,2026-02-25,Mobile,758,true,true,Mobile bill
EXP-20260303-003,REP-033,2026-03-03,Food,588,true,true,Dinner with HCP
EXP-20260304-003,REP-033,2026-03-04,Samples,1339,true,true,Product samples drop
EXP-20260316-004,REP-033,2026-03-16,Other,217,true,true,Stationery
EXP-20260315-004,REP-033,2026-03-15,Food,592,true,true,Snacks for meeting
EXP-20260320-002,REP-033,2026-03-20,Samples,1396,true,true,Sample packs for HCP
EXP-20260319-002,REP-033,2026-03-19,Samples,1128,true,true,Sample packs for HCP
EXP-20260327-003,REP-033,2026-03-27,Food,730,true,true,Team lunch with HCP
EXP-20260330-003,REP-033,2026-03-30,Food,386,true,true,Team lunch with HCP
EXP-20230401-002,REP-034,2023-04-01,Lodging,3517,true,true,Hotel stay — field trip
EXP-20230406-004,REP-034,2023-04-06,Lodging,4903,false,false,Lodging — outstation visit
EXP-20230408-004,REP-034,2023-04-08,Samples,1307,true,true,Demo kit refill
EXP-20230414-001,REP-034,2023-04-14,Travel,747,true,true,Cab to hospital
EXP-20230413-004,REP-034,2023-04-13,Travel,1625,false,true,Cab to hospital
EXP-20230422-003,REP-034,2023-04-22,Travel,1021,true,true,Fuel reimbursement
EXP-20230420-002,REP-034,2023-04-20,Food,416,true,true,Coffee meeting
EXP-20230423-005,REP-034,2023-04-23,Food,574,true,true,Coffee meeting
EXP-20230428-003,REP-034,2023-04-28,Travel,1148,true,true,Bus fare
EXP-20230502-005,REP-034,2023-05-02,Travel,380,true,true,Train ticket
EXP-20230510-003,REP-034,2023-05-10,Food,771,true,true,Coffee meeting
EXP-20230510-004,REP-034,2023-05-10,Travel,279,true,true,Cab to hospital
EXP-20230516-004,REP-034,2023-05-16,Travel,961,true,true,Bus fare
EXP-20230527-005,REP-034,2023-05-27,Mobile,525,true,true,Roaming charges
EXP-20230524-003,REP-034,2023-05-24,Travel,1261,false,true,Fuel reimbursement
EXP-20230603-006,REP-034,2023-06-03,Food,593,true,true,Working lunch
EXP-20230610-006,REP-034,2023-06-10,Travel,860,true,true,Bus fare
EXP-20230608-002,REP-034,2023-06-08,Samples,1175,true,true,Sample packs for HCP
EXP-20230614-003,REP-034,2023-06-14,Samples,1450,false,false,Sample packs for HCP
EXP-20230614-004,REP-034,2023-06-14,Food,666,true,true,Coffee meeting
EXP-20230621-004,REP-034,2023-06-21,Samples,863,true,true,Sample packs for HCP
EXP-20230622-001,REP-034,2023-06-22,Travel,1186,true,true,Cab to hospital
EXP-20230627-005,REP-034,2023-06-27,Lodging,2999,true,false,Guest house — 2 nights
EXP-20230702-003,REP-034,2023-07-02,Samples,1491,true,true,Sample packs for HCP
EXP-20230712-003,REP-034,2023-07-12,Lodging,2169,true,true,Hotel stay — field trip
EXP-20230718-003,REP-034,2023-07-18,Travel,242,true,true,Fuel reimbursement
EXP-20230727-001,REP-034,2023-07-27,Travel,1063,true,true,Fuel reimbursement
EXP-20230728-001,REP-034,2023-07-28,Travel,1294,true,true,Cab to hospital
EXP-20230805-005,REP-034,2023-08-05,Food,711,true,true,Dinner with HCP
EXP-20230804-004,REP-034,2023-08-04,Other,1684,true,true,Printing materials
EXP-20230808-004,REP-034,2023-08-08,Food,779,true,true,Team lunch with HCP
EXP-20230813-004,REP-034,2023-08-13,Travel,253,true,true,Fuel reimbursement
EXP-20230815-005,REP-034,2023-08-15,Travel,1673,true,true,Auto to clinic
EXP-20230821-002,REP-034,2023-08-21,Mobile,192,true,true,Mobile bill
EXP-20230824-004,REP-034,2023-08-24,Food,104,true,true,Team lunch with HCP
EXP-20230827-003,REP-034,2023-08-27,Travel,1411,true,true,Bus fare
EXP-20230906-004,REP-034,2023-09-06,Mobile,619,true,true,Internet recharge
EXP-20230908-004,REP-034,2023-09-08,Lodging,3937,true,true,Lodging — outstation visit
EXP-20230910-006,REP-034,2023-09-10,Lodging,3500,true,true,Hotel stay — field trip
EXP-20230920-004,REP-034,2023-09-20,Lodging,2791,true,true,Hotel stay — field trip
EXP-20230927-003,REP-034,2023-09-27,Food,603,true,false,Team lunch with HCP
EXP-20231002-004,REP-034,2023-10-02,Travel,1839,true,true,Auto to clinic
EXP-20231007-005,REP-034,2023-10-07,Mobile,691,true,true,Internet recharge
EXP-20231010-007,REP-034,2023-10-10,Travel,1687,false,true,Auto to clinic
EXP-20231013-006,REP-034,2023-10-13,Travel,457,true,true,Train ticket
EXP-20231015-007,REP-034,2023-10-15,Food,796,true,true,Working lunch
EXP-20231016-002,REP-034,2023-10-16,Food,678,true,true,Coffee meeting
EXP-20231023-004,REP-034,2023-10-23,Travel,1691,true,true,Bus fare
EXP-20231028-006,REP-034,2023-10-28,Travel,1930,true,true,Auto to clinic
EXP-20231101-003,REP-034,2023-11-01,Samples,749,true,true,Demo kit refill
EXP-20231030-002,REP-034,2023-10-30,Travel,1825,true,true,Fuel reimbursement
EXP-20231110-006,REP-034,2023-11-10,Lodging,2604,true,true,Lodging — outstation visit
EXP-20231112-004,REP-034,2023-11-12,Samples,639,false,true,Product samples drop
EXP-20231113-005,REP-034,2023-11-13,Travel,502,true,true,Train ticket
EXP-20231119-006,REP-034,2023-11-19,Mobile,719,true,true,Internet recharge
EXP-20231119-007,REP-034,2023-11-19,Travel,376,true,true,Fuel reimbursement
EXP-20231129-004,REP-034,2023-11-29,Lodging,1596,true,true,Lodging — outstation visit
EXP-20231128-005,REP-034,2023-11-28,Travel,443,true,true,Fuel reimbursement
EXP-20231205-002,REP-034,2023-12-05,Mobile,276,true,true,Mobile bill
EXP-20231204-006,REP-034,2023-12-04,Travel,1674,true,false,Fuel reimbursement
EXP-20231215-009,REP-034,2023-12-15,Travel,394,true,true,Fuel reimbursement
EXP-20231211-006,REP-034,2023-12-11,Travel,341,true,true,Bus fare
EXP-20231217-005,REP-034,2023-12-17,Mobile,693,true,true,Roaming charges
EXP-20231218-003,REP-034,2023-12-18,Travel,1074,true,true,Fuel reimbursement
EXP-20231228-005,REP-034,2023-12-28,Food,628,true,true,Dinner with HCP
EXP-20240106-004,REP-034,2024-01-06,Lodging,3768,true,true,Hotel stay — field trip
EXP-20240111-004,REP-034,2024-01-11,Samples,211,false,false,Demo kit refill
EXP-20240109-008,REP-034,2024-01-09,Food,141,true,true,Team lunch with HCP
EXP-20240116-005,REP-034,2024-01-16,Food,597,true,true,Coffee meeting
EXP-20240115-003,REP-034,2024-01-15,Lodging,3130,true,true,Lodging — outstation visit
EXP-20240121-004,REP-034,2024-01-21,Food,273,true,true,Team lunch with HCP
EXP-20240203-003,REP-034,2024-02-03,Travel,861,true,true,Cab to hospital
EXP-20240210-004,REP-034,2024-02-10,Travel,1518,true,true,Cab to hospital
EXP-20240204-004,REP-034,2024-02-04,Mobile,728,true,true,Roaming charges
EXP-20240212-001,REP-034,2024-02-12,Food,224,true,true,Snacks for meeting
EXP-20240222-004,REP-034,2024-02-22,Food,474,true,true,Team lunch with HCP
EXP-20240226-004,REP-034,2024-02-26,Travel,1258,true,true,Bus fare
EXP-20240227-006,REP-034,2024-02-27,Food,187,true,true,Coffee meeting
EXP-20240309-004,REP-034,2024-03-09,Samples,608,true,true,Demo kit refill
EXP-20240315-007,REP-034,2024-03-15,Food,202,false,true,Coffee meeting
EXP-20240321-004,REP-034,2024-03-21,Food,199,true,true,Dinner with HCP
EXP-20240330-007,REP-034,2024-03-30,Conference,1468,true,true,Doctor meet sponsorship
EXP-20240331-005,REP-034,2024-03-31,Travel,912,true,true,Bus fare
EXP-20240409-005,REP-034,2024-04-09,Travel,304,true,true,Train ticket
EXP-20240415-004,REP-034,2024-04-15,Travel,421,true,true,Bus fare
EXP-20240416-006,REP-034,2024-04-16,Travel,1051,true,true,Bus fare
EXP-20240427-003,REP-034,2024-04-27,Lodging,2171,true,true,Lodging — outstation visit
EXP-20240428-006,REP-034,2024-04-28,Food,677,true,true,Snacks for meeting
EXP-20240501-006,REP-034,2024-05-01,Lodging,3589,true,true,Hotel stay — field trip
EXP-20240511-003,REP-034,2024-05-11,Food,575,true,true,Team lunch with HCP
EXP-20240514-006,REP-034,2024-05-14,Travel,1625,true,true,Train ticket
EXP-20240514-007,REP-034,2024-05-14,Lodging,2884,true,true,Hotel stay — field trip
EXP-20240519-003,REP-034,2024-05-19,Lodging,1574,true,true,Guest house — 2 nights
EXP-20240529-005,REP-034,2024-05-29,Samples,513,true,true,Demo kit refill
EXP-20240527-004,REP-034,2024-05-27,Travel,301,true,true,Cab to hospital
EXP-20240602-006,REP-034,2024-06-02,Lodging,3769,true,true,Guest house — 2 nights
EXP-20240614-008,REP-034,2024-06-14,Lodging,1812,true,true,Hotel stay — field trip
EXP-20240621-003,REP-034,2024-06-21,Lodging,1821,true,true,Lodging — outstation visit
EXP-20240617-007,REP-034,2024-06-17,Travel,1066,true,true,Cab to hospital
EXP-20240625-005,REP-034,2024-06-25,Travel,1298,true,true,Bus fare
EXP-20240702-008,REP-034,2024-07-02,Other,805,true,true,Stationery
EXP-20240710-004,REP-034,2024-07-10,Travel,824,true,true,Fuel reimbursement
EXP-20240716-003,REP-034,2024-07-16,Travel,1398,true,true,Bus fare
EXP-20240723-004,REP-034,2024-07-23,Travel,540,true,true,Train ticket
EXP-20240721-003,REP-034,2024-07-21,Travel,1091,true,true,Bus fare
EXP-20240728-008,REP-034,2024-07-28,Samples,744,true,true,Sample packs for HCP
EXP-20240807-003,REP-034,2024-08-07,Samples,586,true,true,Demo kit refill
EXP-20240813-004,REP-034,2024-08-13,Lodging,1971,true,true,Lodging — outstation visit
EXP-20240815-005,REP-034,2024-08-15,Travel,1974,true,true,Auto to clinic
EXP-20240818-005,REP-034,2024-08-18,Mobile,380,true,true,Internet recharge
EXP-20240821-004,REP-034,2024-08-21,Mobile,137,true,true,Roaming charges
EXP-20240829-003,REP-034,2024-08-29,Food,490,false,true,Snacks for meeting
EXP-20240831-004,REP-034,2024-08-31,Food,589,true,true,Dinner with HCP
EXP-20240907-007,REP-034,2024-09-07,Travel,1913,true,true,Auto to clinic
EXP-20240914-005,REP-034,2024-09-14,Other,1692,true,true,Misc expense
EXP-20240911-005,REP-034,2024-09-11,Other,1478,true,true,Stationery
EXP-20240918-006,REP-034,2024-09-18,Lodging,3054,true,true,Hotel stay — field trip
EXP-20240926-006,REP-034,2024-09-26,Samples,620,false,true,Product samples drop
EXP-20240926-007,REP-034,2024-09-26,Samples,416,true,true,Product samples drop
EXP-20240929-006,REP-034,2024-09-29,Travel,1563,true,true,Train ticket
EXP-20241011-002,REP-034,2024-10-11,Other,385,true,true,Printing materials
EXP-20241014-005,REP-034,2024-10-14,Food,533,false,true,Coffee meeting
EXP-20241026-004,REP-034,2024-10-26,Food,748,true,true,Snacks for meeting
EXP-20241030-005,REP-034,2024-10-30,Food,480,false,true,Working lunch
EXP-20241108-007,REP-034,2024-11-08,Samples,452,false,true,Sample packs for HCP
EXP-20241103-003,REP-034,2024-11-03,Samples,855,true,true,Product samples drop
EXP-20241115-004,REP-034,2024-11-15,Travel,439,true,true,Auto to clinic
EXP-20241114-008,REP-034,2024-11-14,Food,457,true,true,Coffee meeting
EXP-20241118-004,REP-034,2024-11-18,Food,352,true,true,Team lunch with HCP
EXP-20241119-005,REP-034,2024-11-19,Food,512,true,true,Working lunch
EXP-20241126-003,REP-034,2024-11-26,Samples,724,true,true,Product samples drop
EXP-20241129-003,REP-034,2024-11-29,Food,313,true,true,Coffee meeting
EXP-20241205-006,REP-034,2024-12-05,Mobile,293,true,true,Mobile bill
EXP-20241214-004,REP-034,2024-12-14,Food,659,true,true,Dinner with HCP
EXP-20241212-008,REP-034,2024-12-12,Samples,1141,false,true,Sample packs for HCP
EXP-20241221-006,REP-034,2024-12-21,Lodging,3934,true,true,Lodging — outstation visit
EXP-20241220-005,REP-034,2024-12-20,Food,202,true,true,Dinner with HCP
EXP-20241224-005,REP-034,2024-12-24,Food,779,false,false,Dinner with HCP
EXP-20241225-002,REP-034,2024-12-25,Travel,809,true,true,Bus fare
EXP-20250101-003,REP-034,2025-01-01,Travel,1976,true,true,Bus fare
EXP-20250105-005,REP-034,2025-01-05,Lodging,2313,true,true,Guest house — 2 nights
EXP-20250116-006,REP-034,2025-01-16,Samples,342,true,true,Demo kit refill
EXP-20250122-004,REP-034,2025-01-22,Travel,333,true,true,Fuel reimbursement
EXP-20250119-006,REP-034,2025-01-19,Travel,1109,true,true,Bus fare
EXP-20250126-004,REP-034,2025-01-26,Travel,508,true,true,Fuel reimbursement
EXP-20250208-008,REP-034,2025-02-08,Travel,967,true,true,Auto to clinic
EXP-20250203-005,REP-034,2025-02-03,Conference,1156,true,true,Doctor meet sponsorship
EXP-20250209-006,REP-034,2025-02-09,Food,323,true,true,Coffee meeting
EXP-20250209-007,REP-034,2025-02-09,Food,348,true,true,Snacks for meeting
EXP-20250218-004,REP-034,2025-02-18,Food,225,true,true,Coffee meeting
EXP-20250224-004,REP-034,2025-02-24,Travel,1778,true,true,Bus fare
EXP-20250306-004,REP-034,2025-03-06,Lodging,3369,true,true,Hotel stay — field trip
EXP-20250308-005,REP-034,2025-03-08,Samples,1335,true,true,Sample packs for HCP
EXP-20250312-007,REP-034,2025-03-12,Food,666,true,true,Team lunch with HCP
EXP-20250312-008,REP-034,2025-03-12,Food,116,true,true,Team lunch with HCP
EXP-20250321-002,REP-034,2025-03-21,Food,720,true,true,Team lunch with HCP
EXP-20250322-007,REP-034,2025-03-22,Travel,1520,true,false,Fuel reimbursement
EXP-20250326-006,REP-034,2025-03-26,Food,334,true,true,Team lunch with HCP
EXP-20250403-005,REP-034,2025-04-03,Lodging,3609,true,false,Hotel stay — field trip
EXP-20250406-007,REP-034,2025-04-06,Food,286,true,true,Snacks for meeting
EXP-20250414-006,REP-034,2025-04-14,Food,755,true,true,Coffee meeting
EXP-20250419-004,REP-034,2025-04-19,Samples,1455,true,true,Sample packs for HCP
EXP-20250421-005,REP-034,2025-04-21,Travel,1252,true,false,Bus fare
EXP-20250424-002,REP-034,2025-04-24,Conference,2516,true,true,Doctor meet sponsorship
EXP-20250501-006,REP-034,2025-05-01,Travel,1959,true,true,Train ticket
EXP-20250503-004,REP-034,2025-05-03,Samples,155,true,true,Demo kit refill
EXP-20250505-005,REP-034,2025-05-05,Food,371,true,true,Snacks for meeting
EXP-20250514-004,REP-034,2025-05-14,Travel,950,true,true,Train ticket
EXP-20250515-004,REP-034,2025-05-15,Travel,1677,true,true,Bus fare
EXP-20250518-007,REP-034,2025-05-18,Travel,1536,true,true,Auto to clinic
EXP-20250522-003,REP-034,2025-05-22,Samples,648,true,true,Sample packs for HCP
EXP-20250526-007,REP-034,2025-05-26,Lodging,3783,true,true,Guest house — 2 nights
EXP-20250606-005,REP-034,2025-06-06,Lodging,2524,true,true,Lodging — outstation visit
EXP-20250609-002,REP-034,2025-06-09,Travel,670,true,true,Bus fare
EXP-20250610-005,REP-034,2025-06-10,Food,273,true,true,Team lunch with HCP
EXP-20250618-003,REP-034,2025-06-18,Lodging,3990,true,true,Guest house — 2 nights
EXP-20250628-006,REP-034,2025-06-28,Lodging,2965,true,true,Guest house — 2 nights
EXP-20250624-005,REP-034,2025-06-24,Samples,70,true,true,Demo kit refill
EXP-20250703-003,REP-034,2025-07-03,Travel,219,true,true,Fuel reimbursement
EXP-20250711-003,REP-034,2025-07-11,Travel,1878,true,true,Auto to clinic
EXP-20250706-004,REP-034,2025-07-06,Food,162,true,true,Coffee meeting
EXP-20250713-002,REP-034,2025-07-13,Travel,951,false,true,Cab to hospital
EXP-20250724-004,REP-034,2025-07-24,Travel,1153,true,true,Train ticket
EXP-20250721-003,REP-034,2025-07-21,Lodging,1979,true,true,Guest house — 2 nights
EXP-20250727-003,REP-034,2025-07-27,Travel,497,true,true,Auto to clinic
EXP-20250728-004,REP-034,2025-07-28,Lodging,3918,true,true,Hotel stay — field trip
EXP-20250806-006,REP-034,2025-08-06,Lodging,3453,true,true,Guest house — 2 nights
EXP-20250813-003,REP-034,2025-08-13,Travel,730,true,true,Auto to clinic
EXP-20250816-004,REP-034,2025-08-16,Travel,774,true,true,Auto to clinic
EXP-20250819-004,REP-034,2025-08-19,Lodging,3205,true,true,Lodging — outstation visit
EXP-20250828-003,REP-034,2025-08-28,Travel,1760,true,true,Bus fare
EXP-20250903-003,REP-034,2025-09-03,Travel,681,true,true,Fuel reimbursement
EXP-20250901-004,REP-034,2025-09-01,Food,202,true,true,Working lunch
EXP-20250907-003,REP-034,2025-09-07,Food,619,true,true,Snacks for meeting
EXP-20250915-005,REP-034,2025-09-15,Food,683,true,true,Working lunch
EXP-20250918-004,REP-034,2025-09-18,Lodging,3221,true,true,Lodging — outstation visit
EXP-20250923-005,REP-034,2025-09-23,Food,116,true,true,Working lunch
EXP-20250922-007,REP-034,2025-09-22,Travel,1191,true,true,Train ticket
EXP-20250929-006,REP-034,2025-09-29,Food,310,false,true,Team lunch with HCP
EXP-20251004-003,REP-034,2025-10-04,Travel,1809,true,true,Train ticket
EXP-20251007-005,REP-034,2025-10-07,Lodging,2321,true,true,Lodging — outstation visit
EXP-20251016-004,REP-034,2025-10-16,Conference,2500,false,true,CME event fees
EXP-20251015-002,REP-034,2025-10-15,Travel,1312,false,false,Bus fare
EXP-20251019-003,REP-034,2025-10-19,Lodging,3567,true,true,Lodging — outstation visit
EXP-20251030-002,REP-034,2025-10-30,Samples,513,true,true,Demo kit refill
EXP-20251107-006,REP-034,2025-11-07,Lodging,2409,true,true,Lodging — outstation visit
EXP-20251102-003,REP-034,2025-11-02,Travel,466,false,true,Cab to hospital
EXP-20251114-002,REP-034,2025-11-14,Food,429,true,true,Snacks for meeting
EXP-20251122-003,REP-034,2025-11-22,Lodging,3181,false,true,Guest house — 2 nights
EXP-20251125-004,REP-034,2025-11-25,Food,450,true,true,Team lunch with HCP
EXP-20251204-005,REP-034,2025-12-04,Samples,68,true,false,Sample packs for HCP
EXP-20251208-006,REP-034,2025-12-08,Travel,1274,false,true,Auto to clinic
EXP-20251212-004,REP-034,2025-12-12,Food,647,true,true,Team lunch with HCP
EXP-20251214-002,REP-034,2025-12-14,Food,149,true,true,Working lunch
EXP-20251215-003,REP-034,2025-12-15,Travel,1366,true,true,Auto to clinic
EXP-20251227-002,REP-034,2025-12-27,Other,1511,true,true,Misc expense
EXP-20251222-005,REP-034,2025-12-22,Lodging,2473,true,true,Hotel stay — field trip
EXP-20260101-005,REP-034,2026-01-01,Travel,950,true,true,Cab to hospital
EXP-20251230-001,REP-034,2025-12-30,Travel,444,true,true,Auto to clinic
EXP-20260109-001,REP-034,2026-01-09,Travel,1615,false,true,Cab to hospital
EXP-20260117-004,REP-034,2026-01-17,Travel,1577,true,true,Fuel reimbursement
EXP-20260114-005,REP-034,2026-01-14,Samples,674,true,true,Product samples drop
EXP-20260119-004,REP-034,2026-01-19,Travel,1314,false,true,Fuel reimbursement
EXP-20260124-005,REP-034,2026-01-24,Travel,1134,true,true,Fuel reimbursement
EXP-20260128-002,REP-034,2026-01-28,Samples,739,true,true,Sample packs for HCP
EXP-20260130-004,REP-034,2026-01-30,Travel,1842,true,true,Fuel reimbursement
EXP-20260206-006,REP-034,2026-02-06,Travel,356,true,true,Cab to hospital
EXP-20260207-002,REP-034,2026-02-07,Lodging,3072,true,true,Hotel stay — field trip
EXP-20260210-003,REP-034,2026-02-10,Lodging,1955,true,true,Guest house — 2 nights
EXP-20260220-007,REP-034,2026-02-20,Travel,608,true,true,Cab to hospital
EXP-20260221-004,REP-034,2026-02-21,Lodging,2697,true,true,Hotel stay — field trip
EXP-20260223-004,REP-034,2026-02-23,Travel,255,true,true,Train ticket
EXP-20260227-005,REP-034,2026-02-27,Travel,1728,true,true,Bus fare
EXP-20260301-002,REP-034,2026-03-01,Travel,754,true,true,Bus fare
EXP-20260302-006,REP-034,2026-03-02,Lodging,3107,true,true,Lodging — outstation visit
EXP-20260308-005,REP-034,2026-03-08,Food,409,true,true,Snacks for meeting
EXP-20260313-005,REP-034,2026-03-13,Lodging,3136,true,true,Lodging — outstation visit
EXP-20260317-002,REP-034,2026-03-17,Food,554,true,true,Working lunch
EXP-20260315-005,REP-034,2026-03-15,Samples,692,true,true,Sample packs for HCP
EXP-20260324-005,REP-034,2026-03-24,Lodging,2169,true,true,Guest house — 2 nights
EXP-20260329-004,REP-034,2026-03-29,Lodging,2012,true,true,Lodging — outstation visit
EXP-20260330-004,REP-034,2026-03-30,Travel,1476,true,true,Fuel reimbursement
EXP-20230404-004,REP-035,2023-04-04,Travel,831,true,true,Bus fare
EXP-20230415-003,REP-035,2023-04-15,Other,473,false,true,Printing materials
EXP-20230419-006,REP-035,2023-04-19,Food,741,true,true,Dinner with HCP
EXP-20230424-002,REP-035,2023-04-24,Travel,702,true,true,Bus fare
EXP-20230425-002,REP-035,2023-04-25,Lodging,3158,true,false,Guest house — 2 nights
EXP-20230506-004,REP-035,2023-05-06,Travel,705,true,true,Bus fare
EXP-20230515-002,REP-035,2023-05-15,Lodging,3639,true,true,Hotel stay — field trip
EXP-20230519-002,REP-035,2023-05-19,Food,738,true,true,Working lunch
EXP-20230519-003,REP-035,2023-05-19,Lodging,2346,true,true,Lodging — outstation visit
EXP-20230524-004,REP-035,2023-05-24,Travel,420,true,true,Fuel reimbursement
EXP-20230530-004,REP-035,2023-05-30,Travel,1319,true,true,Train ticket
EXP-20230604-005,REP-035,2023-06-04,Mobile,539,true,true,Mobile bill
EXP-20230606-005,REP-035,2023-06-06,Travel,252,true,true,Bus fare
EXP-20230612-003,REP-035,2023-06-12,Conference,1516,true,true,CME event fees
EXP-20230616-004,REP-035,2023-06-16,Travel,1041,true,false,Auto to clinic
EXP-20230615-006,REP-035,2023-06-15,Samples,642,true,true,Demo kit refill
EXP-20230626-004,REP-035,2023-06-26,Travel,301,false,true,Train ticket
EXP-20230625-003,REP-035,2023-06-25,Lodging,3026,true,true,Lodging — outstation visit
EXP-20230630-005,REP-035,2023-06-30,Lodging,3326,true,true,Lodging — outstation visit
EXP-20230628-004,REP-035,2023-06-28,Travel,726,true,true,Cab to hospital
EXP-20230706-004,REP-035,2023-07-06,Travel,406,true,true,Bus fare
EXP-20230708-002,REP-035,2023-07-08,Samples,179,false,true,Demo kit refill
EXP-20230711-004,REP-035,2023-07-11,Lodging,1903,true,true,Guest house — 2 nights
EXP-20230712-004,REP-035,2023-07-12,Lodging,3514,true,true,Guest house — 2 nights
EXP-20230720-006,REP-035,2023-07-20,Travel,1355,false,true,Bus fare
EXP-20230727-002,REP-035,2023-07-27,Travel,1542,true,true,Train ticket
EXP-20230726-006,REP-035,2023-07-26,Samples,1021,true,true,Demo kit refill
EXP-20230805-006,REP-035,2023-08-05,Samples,984,true,true,Demo kit refill
EXP-20230803-005,REP-035,2023-08-03,Travel,1513,true,true,Cab to hospital
EXP-20230812-006,REP-035,2023-08-12,Food,527,false,true,Team lunch with HCP
EXP-20230821-003,REP-035,2023-08-21,Travel,953,true,true,Auto to clinic
EXP-20230817-004,REP-035,2023-08-17,Lodging,3677,true,true,Guest house — 2 nights
EXP-20230826-003,REP-035,2023-08-26,Travel,233,false,false,Bus fare
EXP-20230902-003,REP-035,2023-09-02,Lodging,2590,true,true,Lodging — outstation visit
EXP-20230909-001,REP-035,2023-09-09,Travel,1756,true,true,Cab to hospital
EXP-20230908-005,REP-035,2023-09-08,Lodging,2582,false,true,Lodging — outstation visit
EXP-20230914-004,REP-035,2023-09-14,Travel,1607,true,true,Bus fare
EXP-20230916-001,REP-035,2023-09-16,Lodging,2180,true,true,Lodging — outstation visit
EXP-20230922-006,REP-035,2023-09-22,Travel,1905,true,true,Train ticket
EXP-20230925-004,REP-035,2023-09-25,Samples,814,true,true,Product samples drop
EXP-20230928-006,REP-035,2023-09-28,Travel,1741,true,true,Cab to hospital
EXP-20230929-007,REP-035,2023-09-29,Food,109,true,false,Team lunch with HCP
EXP-20231006-002,REP-035,2023-10-06,Food,177,true,true,Coffee meeting
EXP-20231014-007,REP-035,2023-10-14,Travel,1099,true,true,Fuel reimbursement
EXP-20231013-007,REP-035,2023-10-13,Mobile,205,true,true,Roaming charges
EXP-20231018-003,REP-035,2023-10-18,Food,651,true,false,Snacks for meeting
EXP-20231022-002,REP-035,2023-10-22,Travel,1980,true,true,Bus fare
EXP-20231027-004,REP-035,2023-10-27,Travel,306,true,true,Cab to hospital
EXP-20231031-004,REP-035,2023-10-31,Food,103,true,true,Coffee meeting
EXP-20231109-006,REP-035,2023-11-09,Travel,793,true,true,Fuel reimbursement
EXP-20231112-005,REP-035,2023-11-12,Samples,954,true,true,Sample packs for HCP
EXP-20231120-003,REP-035,2023-11-20,Travel,999,true,true,Fuel reimbursement
EXP-20231119-008,REP-035,2023-11-19,Samples,941,true,true,Sample packs for HCP
EXP-20231125-005,REP-035,2023-11-25,Lodging,3002,true,true,Lodging — outstation visit
EXP-20231123-003,REP-035,2023-11-23,Food,566,true,true,Working lunch
EXP-20231129-005,REP-035,2023-11-29,Lodging,2024,true,true,Hotel stay — field trip
EXP-20231207-006,REP-035,2023-12-07,Travel,930,true,true,Train ticket
EXP-20231207-007,REP-035,2023-12-07,Samples,370,true,true,Sample packs for HCP
EXP-20231214-004,REP-035,2023-12-14,Travel,745,true,true,Auto to clinic
EXP-20231214-005,REP-035,2023-12-14,Travel,1352,true,true,Auto to clinic
EXP-20231224-004,REP-035,2023-12-24,Food,673,true,true,Coffee meeting
EXP-20231219-005,REP-035,2023-12-19,Food,620,false,true,Working lunch
EXP-20231230-005,REP-035,2023-12-30,Food,602,true,true,Working lunch
EXP-20231230-006,REP-035,2023-12-30,Travel,1585,true,true,Fuel reimbursement
EXP-20240106-005,REP-035,2024-01-06,Food,103,true,true,Dinner with HCP
EXP-20240102-003,REP-035,2024-01-02,Travel,1123,false,true,Auto to clinic
EXP-20240115-004,REP-035,2024-01-15,Travel,1554,true,true,Bus fare
EXP-20240120-007,REP-035,2024-01-20,Samples,329,true,true,Demo kit refill
EXP-20240116-006,REP-035,2024-01-16,Mobile,678,true,true,Roaming charges
EXP-20240126-004,REP-035,2024-01-26,Lodging,3609,true,true,Lodging — outstation visit
EXP-20240130-006,REP-035,2024-01-30,Food,132,true,true,Coffee meeting
EXP-20240209-006,REP-035,2024-02-09,Lodging,1788,true,true,Guest house — 2 nights
EXP-20240210-005,REP-035,2024-02-10,Mobile,782,true,false,Mobile bill
EXP-20240219-003,REP-035,2024-02-19,Travel,655,true,true,Cab to hospital
EXP-20240218-007,REP-035,2024-02-18,Travel,1141,true,true,Train ticket
EXP-20240222-005,REP-035,2024-02-22,Samples,604,true,true,Sample packs for HCP
EXP-20240225-003,REP-035,2024-02-25,Travel,1900,true,true,Cab to hospital
EXP-20240301-005,REP-035,2024-03-01,Travel,1269,true,true,Cab to hospital
EXP-20240227-007,REP-035,2024-02-27,Food,420,false,true,Working lunch
EXP-20240308-005,REP-035,2024-03-08,Food,448,true,true,Working lunch
EXP-20240309-005,REP-035,2024-03-09,Food,558,true,true,Coffee meeting
EXP-20240314-003,REP-035,2024-03-14,Samples,159,true,true,Product samples drop
EXP-20240314-004,REP-035,2024-03-14,Travel,1893,true,true,Bus fare
EXP-20240323-006,REP-035,2024-03-23,Food,717,true,true,Coffee meeting
EXP-20240325-002,REP-035,2024-03-25,Food,344,true,true,Snacks for meeting
EXP-20240326-003,REP-035,2024-03-26,Travel,1777,true,true,Bus fare
EXP-20240407-007,REP-035,2024-04-07,Travel,910,true,true,Train ticket
EXP-20240412-004,REP-035,2024-04-12,Travel,1723,true,true,Cab to hospital
EXP-20240422-002,REP-035,2024-04-22,Other,1660,true,true,Misc expense
EXP-20240426-002,REP-035,2024-04-26,Lodging,3514,true,true,Hotel stay — field trip
EXP-20240424-006,REP-035,2024-04-24,Travel,490,true,true,Bus fare
EXP-20240503-003,REP-035,2024-05-03,Travel,888,true,true,Cab to hospital
EXP-20240430-002,REP-035,2024-04-30,Travel,1996,true,true,Bus fare
EXP-20240513-004,REP-035,2024-05-13,Food,499,true,true,Working lunch
EXP-20240511-004,REP-035,2024-05-11,Food,601,true,true,Team lunch with HCP
EXP-20240516-004,REP-035,2024-05-16,Conference,4457,true,true,CME event fees
EXP-20240515-005,REP-035,2024-05-15,Travel,390,true,true,Cab to hospital
EXP-20240526-008,REP-035,2024-05-26,Mobile,266,true,true,Internet recharge
EXP-20240531-003,REP-035,2024-05-31,Travel,284,true,true,Auto to clinic
EXP-20240607-006,REP-035,2024-06-07,Travel,963,true,true,Auto to clinic
EXP-20240605-004,REP-035,2024-06-05,Travel,1679,true,true,Bus fare
EXP-20240611-002,REP-035,2024-06-11,Food,490,true,true,Working lunch
EXP-20240620-003,REP-035,2024-06-20,Travel,1672,true,true,Bus fare
EXP-20240623-004,REP-035,2024-06-23,Lodging,2047,false,true,Lodging — outstation visit
EXP-20240627-006,REP-035,2024-06-27,Food,351,true,true,Coffee meeting
EXP-20240628-001,REP-035,2024-06-28,Food,281,true,true,Snacks for meeting
EXP-20240707-003,REP-035,2024-07-07,Lodging,2063,true,true,Guest house — 2 nights
EXP-20240705-002,REP-035,2024-07-05,Mobile,333,true,true,Mobile bill
EXP-20240715-008,REP-035,2024-07-15,Travel,1153,true,true,Auto to clinic
EXP-20240714-003,REP-035,2024-07-14,Food,426,true,true,Coffee meeting
EXP-20240718-005,REP-035,2024-07-18,Lodging,2969,true,true,Lodging — outstation visit
EXP-20240717-005,REP-035,2024-07-17,Travel,1144,true,true,Train ticket
EXP-20240728-009,REP-035,2024-07-28,Lodging,3758,true,true,Hotel stay — field trip
EXP-20240805-005,REP-035,2024-08-05,Food,290,true,true,Dinner with HCP
EXP-20240801-003,REP-035,2024-08-01,Food,283,true,true,Snacks for meeting
EXP-20240806-005,REP-035,2024-08-06,Mobile,576,true,true,Mobile bill
EXP-20240815-006,REP-035,2024-08-15,Lodging,3336,true,true,Hotel stay — field trip
EXP-20240822-006,REP-035,2024-08-22,Travel,1107,true,true,Auto to clinic
EXP-20240827-004,REP-035,2024-08-27,Food,118,true,true,Coffee meeting
EXP-20240907-008,REP-035,2024-09-07,Samples,547,true,true,Sample packs for HCP
EXP-20240903-007,REP-035,2024-09-03,Lodging,3257,true,true,Guest house — 2 nights
EXP-20240914-006,REP-035,2024-09-14,Conference,3170,true,true,Conference registration
EXP-20240913-005,REP-035,2024-09-13,Travel,1793,true,true,Bus fare
EXP-20240923-004,REP-035,2024-09-23,Travel,1186,true,true,Train ticket
EXP-20240923-005,REP-035,2024-09-23,Samples,778,true,true,Sample packs for HCP
EXP-20240926-008,REP-035,2024-09-26,Travel,1371,true,true,Auto to clinic
EXP-20240925-004,REP-035,2024-09-25,Lodging,1824,true,true,Lodging — outstation visit
EXP-20241001-004,REP-035,2024-10-01,Food,420,true,true,Team lunch with HCP
EXP-20241011-003,REP-035,2024-10-11,Food,214,true,true,Snacks for meeting
EXP-20241008-006,REP-035,2024-10-08,Food,748,false,true,Dinner with HCP
EXP-20241019-006,REP-035,2024-10-19,Travel,1170,true,true,Train ticket
EXP-20241020-006,REP-035,2024-10-20,Travel,1147,true,true,Cab to hospital
EXP-20241028-004,REP-035,2024-10-28,Samples,466,true,true,Demo kit refill
EXP-20241104-003,REP-035,2024-11-04,Samples,863,false,true,Product samples drop
EXP-20241104-004,REP-035,2024-11-04,Food,703,true,true,Working lunch
EXP-20241109-005,REP-035,2024-11-09,Food,141,true,true,Dinner with HCP
EXP-20241111-003,REP-035,2024-11-11,Food,156,true,true,Team lunch with HCP
EXP-20241113-003,REP-035,2024-11-13,Lodging,2842,true,true,Guest house — 2 nights
EXP-20241122-004,REP-035,2024-11-22,Travel,1394,true,true,Cab to hospital
EXP-20241121-003,REP-035,2024-11-21,Travel,1892,true,true,Train ticket
EXP-20241201-010,REP-035,2024-12-01,Lodging,2099,true,true,Lodging — outstation visit
EXP-20241206-004,REP-035,2024-12-06,Travel,1799,true,true,Fuel reimbursement
EXP-20241211-004,REP-035,2024-12-11,Lodging,2291,true,true,Guest house — 2 nights
EXP-20241210-005,REP-035,2024-12-10,Food,452,true,true,Dinner with HCP
EXP-20241218-007,REP-035,2024-12-18,Food,618,true,true,Team lunch with HCP
EXP-20241225-003,REP-035,2024-12-25,Food,286,false,true,Coffee meeting
EXP-20250101-004,REP-035,2025-01-01,Mobile,693,true,true,Mobile bill
EXP-20250106-006,REP-035,2025-01-06,Travel,1689,true,true,Fuel reimbursement
EXP-20250112-005,REP-035,2025-01-12,Conference,1091,true,true,Conference registration
EXP-20250118-007,REP-035,2025-01-18,Travel,756,true,true,Train ticket
EXP-20250116-007,REP-035,2025-01-16,Travel,903,true,true,Auto to clinic
EXP-20250127-005,REP-035,2025-01-27,Mobile,574,true,true,Internet recharge
EXP-20250122-005,REP-035,2025-01-22,Travel,943,true,true,Train ticket
EXP-20250129-005,REP-035,2025-01-29,Travel,800,true,true,Train ticket
EXP-20250206-003,REP-035,2025-02-06,Travel,1170,true,true,Fuel reimbursement
EXP-20250209-008,REP-035,2025-02-09,Food,774,true,true,Snacks for meeting
EXP-20250216-008,REP-035,2025-02-16,Lodging,2647,false,true,Lodging — outstation visit
EXP-20250214-006,REP-035,2025-02-14,Lodging,2671,true,true,Lodging — outstation visit
EXP-20250220-007,REP-035,2025-02-20,Travel,1363,true,true,Bus fare
EXP-20250302-007,REP-035,2025-03-02,Food,305,false,true,Working lunch
EXP-20250225-005,REP-035,2025-02-25,Travel,1153,true,true,Fuel reimbursement
EXP-20250305-005,REP-035,2025-03-05,Lodging,3266,true,true,Lodging — outstation visit
EXP-20250317-006,REP-035,2025-03-17,Other,363,true,true,Misc expense
EXP-20250312-009,REP-035,2025-03-12,Food,741,true,true,Snacks for meeting
EXP-20250322-008,REP-035,2025-03-22,Travel,1859,true,true,Fuel reimbursement
EXP-20250328-004,REP-035,2025-03-28,Travel,667,true,true,Fuel reimbursement
EXP-20250405-007,REP-035,2025-04-05,Lodging,3127,true,true,Hotel stay — field trip
EXP-20250404-003,REP-035,2025-04-04,Travel,885,true,true,Bus fare
EXP-20250408-007,REP-035,2025-04-08,Travel,621,true,true,Cab to hospital
EXP-20250419-005,REP-035,2025-04-19,Travel,581,true,true,Bus fare
EXP-20250418-003,REP-035,2025-04-18,Travel,1935,true,true,Fuel reimbursement
EXP-20250425-009,REP-035,2025-04-25,Samples,331,true,true,Product samples drop
EXP-20250504-006,REP-035,2025-05-04,Travel,1075,true,true,Train ticket
EXP-20250507-003,REP-035,2025-05-07,Mobile,354,true,true,Internet recharge
EXP-20250507-004,REP-035,2025-05-07,Food,663,true,true,Team lunch with HCP
EXP-20250516-006,REP-035,2025-05-16,Food,250,true,true,Working lunch
EXP-20250523-007,REP-035,2025-05-23,Lodging,3169,true,true,Hotel stay — field trip
EXP-20250602-006,REP-035,2025-06-02,Travel,1749,true,true,Fuel reimbursement
EXP-20250602-007,REP-035,2025-06-02,Travel,752,true,false,Fuel reimbursement
EXP-20250604-004,REP-035,2025-06-04,Food,173,true,true,Coffee meeting
EXP-20250604-005,REP-035,2025-06-04,Samples,1026,true,false,Sample packs for HCP
EXP-20250610-006,REP-035,2025-06-10,Travel,861,false,true,Auto to clinic
EXP-20250610-007,REP-035,2025-06-10,Travel,1041,true,true,Bus fare
EXP-20250622-005,REP-035,2025-06-22,Travel,1486,true,true,Auto to clinic
EXP-20250618-004,REP-035,2025-06-18,Other,126,true,false,Stationery
EXP-20250630-006,REP-035,2025-06-30,Food,797,true,true,Dinner with HCP
EXP-20250630-007,REP-035,2025-06-30,Lodging,2066,true,true,Hotel stay — field trip
EXP-20250705-008,REP-035,2025-07-05,Lodging,3099,false,true,Guest house — 2 nights
EXP-20250708-006,REP-035,2025-07-08,Travel,395,true,true,Fuel reimbursement
EXP-20250712-007,REP-035,2025-07-12,Travel,554,true,true,Auto to clinic
EXP-20250720-004,REP-035,2025-07-20,Food,160,true,true,Dinner with HCP
EXP-20250717-003,REP-035,2025-07-17,Lodging,2482,false,true,Hotel stay — field trip
EXP-20250727-004,REP-035,2025-07-27,Mobile,498,true,true,Mobile bill
EXP-20250803-002,REP-035,2025-08-03,Travel,665,true,true,Cab to hospital
EXP-20250806-007,REP-035,2025-08-06,Lodging,2279,false,true,Hotel stay — field trip
EXP-20250818-007,REP-035,2025-08-18,Samples,745,false,true,Product samples drop
EXP-20250816-005,REP-035,2025-08-16,Samples,672,true,true,Demo kit refill
EXP-20250820-004,REP-035,2025-08-20,Travel,971,true,true,Fuel reimbursement
EXP-20250829-005,REP-035,2025-08-29,Food,619,true,true,Team lunch with HCP
EXP-20250907-004,REP-035,2025-09-07,Travel,1694,true,true,Cab to hospital
EXP-20250912-006,REP-035,2025-09-12,Travel,1693,true,true,Fuel reimbursement
EXP-20250911-003,REP-035,2025-09-11,Lodging,3219,true,true,Hotel stay — field trip
EXP-20250919-008,REP-035,2025-09-19,Food,488,true,true,Snacks for meeting
EXP-20250928-004,REP-035,2025-09-28,Food,523,true,true,Coffee meeting
EXP-20251001-003,REP-035,2025-10-01,Lodging,3217,true,true,Lodging — outstation visit
EXP-20251004-004,REP-035,2025-10-04,Travel,315,true,true,Cab to hospital
EXP-20251007-006,REP-035,2025-10-07,Food,765,true,true,Snacks for meeting
EXP-20251013-003,REP-035,2025-10-13,Travel,780,true,true,Train ticket
EXP-20251016-005,REP-035,2025-10-16,Travel,411,true,true,Train ticket
EXP-20251025-005,REP-035,2025-10-25,Samples,528,true,false,Demo kit refill
EXP-20251026-006,REP-035,2025-10-26,Travel,871,true,true,Cab to hospital
EXP-20251101-006,REP-035,2025-11-01,Food,233,true,true,Coffee meeting
EXP-20251106-005,REP-035,2025-11-06,Travel,1910,true,true,Bus fare
EXP-20251117-008,REP-035,2025-11-17,Travel,714,true,true,Cab to hospital
EXP-20251116-003,REP-035,2025-11-16,Food,549,true,true,Coffee meeting
EXP-20251119-008,REP-035,2025-11-19,Travel,918,true,true,Cab to hospital
EXP-20251130-005,REP-035,2025-11-30,Travel,1261,false,true,Fuel reimbursement
EXP-20251126-001,REP-035,2025-11-26,Travel,1666,true,true,Cab to hospital
EXP-20251202-003,REP-035,2025-12-02,Travel,1502,true,true,Auto to clinic
EXP-20251202-004,REP-035,2025-12-02,Food,376,true,true,Coffee meeting
EXP-20251214-003,REP-035,2025-12-14,Travel,1575,false,true,Bus fare
EXP-20251221-003,REP-035,2025-12-21,Food,226,true,true,Snacks for meeting
EXP-20251219-002,REP-035,2025-12-19,Travel,811,true,true,Auto to clinic
EXP-20251225-004,REP-035,2025-12-25,Travel,1936,true,true,Train ticket
EXP-20251226-003,REP-035,2025-12-26,Travel,953,true,true,Bus fare
EXP-20260103-003,REP-035,2026-01-03,Travel,640,true,true,Bus fare
EXP-20260106-004,REP-035,2026-01-06,Travel,1526,true,true,Auto to clinic
EXP-20260113-004,REP-035,2026-01-13,Travel,1666,true,true,Auto to clinic
EXP-20260116-004,REP-035,2026-01-16,Lodging,2163,true,true,Guest house — 2 nights
EXP-20260122-004,REP-035,2026-01-22,Food,128,true,true,Snacks for meeting
EXP-20260128-003,REP-035,2026-01-28,Travel,1194,true,true,Bus fare
EXP-20260129-004,REP-035,2026-01-29,Food,323,true,true,Dinner with HCP
EXP-20260205-005,REP-035,2026-02-05,Food,238,true,true,Coffee meeting
EXP-20260206-007,REP-035,2026-02-06,Other,1857,true,true,Stationery
EXP-20260216-006,REP-035,2026-02-16,Samples,1406,true,true,Product samples drop
EXP-20260218-005,REP-035,2026-02-18,Travel,256,true,true,Cab to hospital
EXP-20260301-003,REP-035,2026-03-01,Food,194,true,true,Team lunch with HCP
EXP-20260306-004,REP-035,2026-03-06,Travel,1500,true,true,Cab to hospital
EXP-20260316-005,REP-035,2026-03-16,Samples,1105,true,false,Demo kit refill
EXP-20260310-005,REP-035,2026-03-10,Food,194,true,true,Dinner with HCP
EXP-20260321-002,REP-035,2026-03-21,Conference,2930,false,true,CME event fees
EXP-20260329-005,REP-035,2026-03-29,Food,666,true,true,Team lunch with HCP
EXP-20260330-005,REP-035,2026-03-30,Travel,1517,true,true,Fuel reimbursement
EXP-20230402-003,REP-036,2023-04-02,Food,237,true,false,Coffee meeting
EXP-20230401-003,REP-036,2023-04-01,Travel,1908,true,true,Auto to clinic
EXP-20230407-002,REP-036,2023-04-07,Travel,1217,true,true,Auto to clinic
EXP-20230408-005,REP-036,2023-04-08,Lodging,2186,true,true,Guest house — 2 nights
EXP-20230414-002,REP-036,2023-04-14,Travel,523,false,true,Auto to clinic
EXP-20230421-001,REP-036,2023-04-21,Samples,1121,true,false,Demo kit refill
EXP-20230425-003,REP-036,2023-04-25,Travel,581,true,true,Auto to clinic
EXP-20230503-005,REP-036,2023-05-03,Conference,4406,true,true,Conference registration
EXP-20230429-002,REP-036,2023-04-29,Travel,1793,true,true,Fuel reimbursement
EXP-20230507-003,REP-036,2023-05-07,Food,465,true,true,Coffee meeting
EXP-20230508-005,REP-036,2023-05-08,Travel,1488,true,true,Train ticket
EXP-20230517-008,REP-036,2023-05-17,Travel,1241,true,true,Cab to hospital
EXP-20230516-005,REP-036,2023-05-16,Samples,121,true,true,Product samples drop
EXP-20230524-005,REP-036,2023-05-24,Samples,360,true,true,Sample packs for HCP
EXP-20230522-008,REP-036,2023-05-22,Mobile,575,true,true,Roaming charges
EXP-20230601-001,REP-036,2023-06-01,Travel,773,true,true,Bus fare
EXP-20230606-006,REP-036,2023-06-06,Travel,639,true,true,Auto to clinic
EXP-20230602-003,REP-036,2023-06-02,Food,627,true,true,Dinner with HCP
EXP-20230610-007,REP-036,2023-06-10,Samples,1177,true,true,Sample packs for HCP
EXP-20230619-005,REP-036,2023-06-19,Food,723,true,true,Dinner with HCP
EXP-20230622-002,REP-036,2023-06-22,Food,709,true,false,Snacks for meeting
EXP-20230628-005,REP-036,2023-06-28,Travel,1455,true,true,Bus fare
EXP-20230629-001,REP-036,2023-06-29,Travel,1811,true,true,Bus fare
EXP-20230630-006,REP-036,2023-06-30,Travel,397,true,true,Train ticket
EXP-20230630-007,REP-036,2023-06-30,Travel,1602,true,true,Bus fare
EXP-20230709-006,REP-036,2023-07-09,Lodging,3329,true,true,Hotel stay — field trip
EXP-20230715-003,REP-036,2023-07-15,Food,471,true,true,Coffee meeting
EXP-20230724-006,REP-036,2023-07-24,Travel,1362,true,true,Bus fare
EXP-20230728-002,REP-036,2023-07-28,Samples,353,true,true,Demo kit refill
EXP-20230801-002,REP-036,2023-08-01,Samples,1435,true,true,Demo kit refill
EXP-20230809-005,REP-036,2023-08-09,Samples,859,true,true,Product samples drop
EXP-20230805-007,REP-036,2023-08-05,Travel,1147,true,true,Bus fare
EXP-20230813-005,REP-036,2023-08-13,Mobile,324,true,true,Roaming charges
EXP-20230813-006,REP-036,2023-08-13,Travel,714,true,true,Fuel reimbursement
EXP-20230821-004,REP-036,2023-08-21,Lodging,2393,true,true,Lodging — outstation visit
EXP-20230824-005,REP-036,2023-08-24,Food,344,true,true,Working lunch
EXP-20230827-004,REP-036,2023-08-27,Travel,1934,true,true,Auto to clinic
EXP-20230902-004,REP-036,2023-09-02,Food,398,true,true,Working lunch
EXP-20230902-005,REP-036,2023-09-02,Conference,2930,true,true,Doctor meet sponsorship
EXP-20230910-007,REP-036,2023-09-10,Travel,1299,true,true,Fuel reimbursement
EXP-20230920-005,REP-036,2023-09-20,Lodging,1715,true,true,Hotel stay — field trip
EXP-20230922-007,REP-036,2023-09-22,Food,154,true,true,Coffee meeting
EXP-20230925-005,REP-036,2023-09-25,Conference,4289,true,true,Doctor meet sponsorship
EXP-20230929-008,REP-036,2023-09-29,Travel,855,true,true,Auto to clinic
EXP-20230929-009,REP-036,2023-09-29,Travel,761,true,true,Train ticket
EXP-20231012-004,REP-036,2023-10-12,Travel,399,true,false,Auto to clinic
EXP-20231006-003,REP-036,2023-10-06,Food,598,true,true,Snacks for meeting
EXP-20231015-008,REP-036,2023-10-15,Food,765,true,true,Team lunch with HCP
EXP-20231022-003,REP-036,2023-10-22,Other,1539,true,true,Printing materials
EXP-20231026-007,REP-036,2023-10-26,Samples,1334,true,true,Demo kit refill
EXP-20231028-007,REP-036,2023-10-28,Mobile,415,true,true,Mobile bill
EXP-20231101-004,REP-036,2023-11-01,Food,178,true,true,Working lunch
EXP-20231105-003,REP-036,2023-11-05,Travel,1464,false,true,Cab to hospital
EXP-20231106-007,REP-036,2023-11-06,Travel,1492,true,true,Bus fare
EXP-20231113-006,REP-036,2023-11-13,Travel,1098,true,true,Bus fare
EXP-20231112-006,REP-036,2023-11-12,Travel,1022,true,true,Cab to hospital
EXP-20231119-009,REP-036,2023-11-19,Travel,1994,true,true,Cab to hospital
EXP-20231117-006,REP-036,2023-11-17,Travel,729,true,true,Cab to hospital
EXP-20231127-003,REP-036,2023-11-27,Travel,551,true,true,Auto to clinic
EXP-20231205-003,REP-036,2023-12-05,Samples,1367,true,true,Product samples drop
EXP-20231206-004,REP-036,2023-12-06,Lodging,2798,false,true,Lodging — outstation visit
EXP-20231210-002,REP-036,2023-12-10,Food,180,true,true,Working lunch
EXP-20231216-006,REP-036,2023-12-16,Samples,84,true,true,Product samples drop
EXP-20231220-006,REP-036,2023-12-20,Travel,421,true,true,Train ticket
EXP-20231228-006,REP-036,2023-12-28,Food,507,false,true,Team lunch with HCP
EXP-20231229-004,REP-036,2023-12-29,Food,248,true,true,Snacks for meeting
EXP-20240110-003,REP-036,2024-01-10,Travel,652,true,true,Train ticket
EXP-20240110-004,REP-036,2024-01-10,Travel,446,true,true,Bus fare
EXP-20240112-006,REP-036,2024-01-12,Mobile,703,true,true,Mobile bill
EXP-20240125-006,REP-036,2024-01-25,Lodging,3237,true,true,Lodging — outstation visit
EXP-20240125-007,REP-036,2024-01-25,Mobile,268,true,true,Internet recharge
EXP-20240130-007,REP-036,2024-01-30,Food,560,true,true,Team lunch with HCP
EXP-20240207-002,REP-036,2024-02-07,Samples,1041,true,true,Product samples drop
EXP-20240214-003,REP-036,2024-02-14,Lodging,3516,true,true,Lodging — outstation visit
EXP-20240216-009,REP-036,2024-02-16,Food,544,true,true,Dinner with HCP
EXP-20240221-005,REP-036,2024-02-21,Travel,1124,true,true,Fuel reimbursement
EXP-20240225-004,REP-036,2024-02-25,Food,313,true,true,Team lunch with HCP
EXP-20240302-004,REP-036,2024-03-02,Travel,1154,true,true,Fuel reimbursement
EXP-20240311-003,REP-036,2024-03-11,Samples,1357,true,true,Sample packs for HCP
EXP-20240310-008,REP-036,2024-03-10,Mobile,797,true,true,Internet recharge
EXP-20240317-004,REP-036,2024-03-17,Lodging,3129,true,true,Guest house — 2 nights
EXP-20240326-004,REP-036,2024-03-26,Lodging,1980,true,true,Hotel stay — field trip
EXP-20240331-006,REP-036,2024-03-31,Lodging,3373,true,false,Lodging — outstation visit
EXP-20240330-008,REP-036,2024-03-30,Food,168,true,true,Coffee meeting
EXP-20240406-002,REP-036,2024-04-06,Lodging,2857,true,true,Lodging — outstation visit
EXP-20240417-005,REP-036,2024-04-17,Travel,1844,true,true,Train ticket
EXP-20240412-005,REP-036,2024-04-12,Food,222,true,true,Snacks for meeting
EXP-20240419-006,REP-036,2024-04-19,Food,614,true,true,Snacks for meeting
EXP-20240502-005,REP-036,2024-05-02,Food,161,true,true,Team lunch with HCP
EXP-20240430-003,REP-036,2024-04-30,Travel,258,true,true,Auto to clinic
EXP-20240504-006,REP-036,2024-05-04,Conference,4786,true,true,Doctor meet sponsorship
EXP-20240515-006,REP-036,2024-05-15,Mobile,112,true,true,Roaming charges
EXP-20240514-008,REP-036,2024-05-14,Samples,763,true,true,Demo kit refill
EXP-20240523-005,REP-036,2024-05-23,Mobile,143,true,true,Mobile bill
EXP-20240517-005,REP-036,2024-05-17,Travel,1746,true,true,Train ticket
EXP-20240527-005,REP-036,2024-05-27,Food,293,true,true,Snacks for meeting
EXP-20240605-005,REP-036,2024-06-05,Samples,1390,true,true,Product samples drop
EXP-20240610-006,REP-036,2024-06-10,Travel,737,true,true,Auto to clinic
EXP-20240609-005,REP-036,2024-06-09,Travel,920,true,true,Fuel reimbursement
EXP-20240617-008,REP-036,2024-06-17,Conference,4782,true,true,Conference registration
EXP-20240627-007,REP-036,2024-06-27,Samples,872,true,true,Product samples drop
EXP-20240624-005,REP-036,2024-06-24,Conference,3417,true,true,Conference registration
EXP-20240703-004,REP-036,2024-07-03,Travel,664,true,true,Train ticket
EXP-20240705-003,REP-036,2024-07-05,Mobile,306,true,true,Mobile bill
EXP-20240705-004,REP-036,2024-07-05,Lodging,2336,false,true,Guest house — 2 nights
EXP-20240718-006,REP-036,2024-07-18,Travel,1397,true,true,Cab to hospital
EXP-20240719-008,REP-036,2024-07-19,Travel,1136,true,true,Bus fare
EXP-20240725-005,REP-036,2024-07-25,Travel,1198,true,true,Train ticket
EXP-20240731-002,REP-036,2024-07-31,Food,703,true,true,Coffee meeting
EXP-20240804-006,REP-036,2024-08-04,Food,747,true,true,Snacks for meeting
EXP-20240802-007,REP-036,2024-08-02,Food,536,true,true,Working lunch
EXP-20240814-005,REP-036,2024-08-14,Food,637,true,true,Snacks for meeting
EXP-20240812-005,REP-036,2024-08-12,Lodging,2197,true,true,Lodging — outstation visit
EXP-20240819-006,REP-036,2024-08-19,Conference,3363,true,true,CME event fees
EXP-20240825-004,REP-036,2024-08-25,Travel,834,true,true,Fuel reimbursement
EXP-20240823-004,REP-036,2024-08-23,Samples,688,true,true,Sample packs for HCP
EXP-20240901-007,REP-036,2024-09-01,Travel,1589,true,true,Bus fare
EXP-20240903-008,REP-036,2024-09-03,Travel,812,true,true,Bus fare
EXP-20240909-004,REP-036,2024-09-09,Travel,1674,true,true,Fuel reimbursement
EXP-20240913-006,REP-036,2024-09-13,Food,422,false,true,Team lunch with HCP
EXP-20240918-007,REP-036,2024-09-18,Lodging,3029,true,true,Lodging — outstation visit
EXP-20240926-009,REP-036,2024-09-26,Travel,592,true,true,Cab to hospital
EXP-20240930-003,REP-036,2024-09-30,Lodging,2644,true,true,Lodging — outstation visit
EXP-20241005-003,REP-036,2024-10-05,Mobile,131,false,true,Internet recharge
EXP-20241004-001,REP-036,2024-10-04,Food,115,true,true,Snacks for meeting
EXP-20241015-003,REP-036,2024-10-15,Travel,571,true,true,Fuel reimbursement
EXP-20241017-006,REP-036,2024-10-17,Travel,1687,true,true,Bus fare
EXP-20241021-003,REP-036,2024-10-21,Travel,1172,true,true,Train ticket
EXP-20241025-004,REP-036,2024-10-25,Lodging,2566,true,true,Hotel stay — field trip
EXP-20241029-003,REP-036,2024-10-29,Food,598,true,true,Coffee meeting
EXP-20241107-005,REP-036,2024-11-07,Samples,986,false,true,Product samples drop
EXP-20241111-004,REP-036,2024-11-11,Food,761,false,true,Snacks for meeting
EXP-20241115-005,REP-036,2024-11-15,Travel,707,false,true,Train ticket
EXP-20241120-004,REP-036,2024-11-20,Lodging,2171,true,true,Lodging — outstation visit
EXP-20241126-004,REP-036,2024-11-26,Food,599,true,false,Dinner with HCP
EXP-20241201-011,REP-036,2024-12-01,Food,358,true,true,Snacks for meeting
EXP-20241129-004,REP-036,2024-11-29,Food,688,true,true,Working lunch
EXP-20241211-005,REP-036,2024-12-11,Lodging,3683,false,true,Guest house — 2 nights
EXP-20241211-006,REP-036,2024-12-11,Food,152,true,true,Working lunch
EXP-20241217-007,REP-036,2024-12-17,Food,375,true,true,Dinner with HCP
EXP-20241220-006,REP-036,2024-12-20,Lodging,3982,true,true,Hotel stay — field trip
EXP-20241221-007,REP-036,2024-12-21,Travel,974,false,true,Cab to hospital
EXP-20241230-009,REP-036,2024-12-30,Lodging,4750,false,false,Lodging — outstation visit
EXP-20241231-001,REP-036,2024-12-31,Conference,2332,true,true,Conference registration
EXP-20250107-004,REP-036,2025-01-07,Conference,1313,false,true,Conference registration
EXP-20250109-002,REP-036,2025-01-09,Travel,1029,true,true,Fuel reimbursement
EXP-20250110-004,REP-036,2025-01-10,Lodging,3689,true,true,Lodging — outstation visit
EXP-20250116-008,REP-036,2025-01-16,Food,773,true,false,Coffee meeting
EXP-20250120-004,REP-036,2025-01-20,Samples,641,true,true,Product samples drop
EXP-20250118-008,REP-036,2025-01-18,Mobile,442,true,true,Mobile bill
EXP-20250128-006,REP-036,2025-01-28,Food,705,true,true,Coffee meeting
EXP-20250206-004,REP-036,2025-02-06,Travel,1308,true,true,Auto to clinic
EXP-20250209-009,REP-036,2025-02-09,Samples,183,true,true,Sample packs for HCP
EXP-20250208-009,REP-036,2025-02-08,Lodging,3375,true,true,Hotel stay — field trip
EXP-20250219-008,REP-036,2025-02-19,Travel,638,true,true,Bus fare
EXP-20250215-002,REP-036,2025-02-15,Travel,1354,false,true,Fuel reimbursement
EXP-20250227-004,REP-036,2025-02-27,Travel,1145,true,true,Fuel reimbursement
EXP-20250304-005,REP-036,2025-03-04,Lodging,3134,true,true,Guest house — 2 nights
EXP-20250309-006,REP-036,2025-03-09,Food,292,true,true,Dinner with HCP
EXP-20250313-004,REP-036,2025-03-13,Travel,974,true,true,Fuel reimbursement
EXP-20250320-007,REP-036,2025-03-20,Travel,703,true,true,Auto to clinic
EXP-20250323-003,REP-036,2025-03-23,Travel,781,false,true,Cab to hospital
EXP-20250331-007,REP-036,2025-03-31,Samples,1217,true,true,Sample packs for HCP
EXP-20250407-004,REP-036,2025-04-07,Lodging,2072,false,true,Guest house — 2 nights
EXP-20250417-005,REP-036,2025-04-17,Food,289,false,true,Team lunch with HCP
EXP-20250424-003,REP-036,2025-04-24,Travel,1172,true,true,Cab to hospital
EXP-20250421-006,REP-036,2025-04-21,Travel,1784,true,true,Auto to clinic
EXP-20250429-006,REP-036,2025-04-29,Lodging,3283,false,true,Lodging — outstation visit
EXP-20250505-006,REP-036,2025-05-05,Food,293,true,true,Working lunch
EXP-20250510-007,REP-036,2025-05-10,Lodging,3008,true,true,Guest house — 2 nights
EXP-20250513-002,REP-036,2025-05-13,Food,551,true,true,Coffee meeting
EXP-20250517-005,REP-036,2025-05-17,Travel,1813,true,true,Auto to clinic
EXP-20250516-007,REP-036,2025-05-16,Travel,396,true,true,Cab to hospital
EXP-20250529-003,REP-036,2025-05-29,Food,136,true,true,Snacks for meeting
EXP-20250525-003,REP-036,2025-05-25,Lodging,2967,true,true,Hotel stay — field trip
EXP-20250531-003,REP-036,2025-05-31,Samples,669,true,true,Sample packs for HCP
EXP-20250606-006,REP-036,2025-06-06,Lodging,2838,true,true,Lodging — outstation visit
EXP-20250616-004,REP-036,2025-06-16,Food,163,true,true,Snacks for meeting
EXP-20250621-006,REP-036,2025-06-21,Food,508,true,true,Team lunch with HCP
EXP-20250701-003,REP-036,2025-07-01,Food,742,false,true,Team lunch with HCP
EXP-20250701-004,REP-036,2025-07-01,Samples,376,true,true,Demo kit refill
EXP-20250710-004,REP-036,2025-07-10,Travel,966,true,true,Auto to clinic
EXP-20250705-009,REP-036,2025-07-05,Food,372,true,false,Coffee meeting
EXP-20250715-005,REP-036,2025-07-15,Lodging,3822,true,true,Lodging — outstation visit
EXP-20250722-004,REP-036,2025-07-22,Other,1000,true,true,Printing materials
EXP-20250730-005,REP-036,2025-07-30,Travel,1543,false,true,Auto to clinic
EXP-20250806-008,REP-036,2025-08-06,Travel,1752,true,true,Auto to clinic
EXP-20250802-005,REP-036,2025-08-02,Food,547,false,true,Working lunch
EXP-20250813-004,REP-036,2025-08-13,Travel,1664,true,true,Bus fare
EXP-20250815-006,REP-036,2025-08-15,Samples,639,true,true,Product samples drop
EXP-20250818-008,REP-036,2025-08-18,Samples,1489,true,false,Product samples drop
EXP-20250822-004,REP-036,2025-08-22,Lodging,3488,true,true,Lodging — outstation visit
EXP-20250827-006,REP-036,2025-08-27,Lodging,1849,true,true,Lodging — outstation visit
EXP-20250903-004,REP-036,2025-09-03,Travel,1588,true,true,Train ticket
EXP-20250830-004,REP-036,2025-08-30,Lodging,2266,true,true,Hotel stay — field trip
EXP-20250910-008,REP-036,2025-09-10,Travel,1383,true,true,Auto to clinic
EXP-20250908-002,REP-036,2025-09-08,Lodging,1877,true,true,Guest house — 2 nights
EXP-20250912-007,REP-036,2025-09-12,Lodging,3081,true,true,Guest house — 2 nights
EXP-20250925-005,REP-036,2025-09-25,Samples,1435,true,true,Product samples drop
EXP-20250920-004,REP-036,2025-09-20,Lodging,2913,true,true,Guest house — 2 nights
EXP-20250930-004,REP-036,2025-09-30,Travel,649,true,true,Auto to clinic
EXP-20250928-005,REP-036,2025-09-28,Food,675,true,true,Team lunch with HCP
EXP-20251006-006,REP-036,2025-10-06,Food,638,true,true,Team lunch with HCP
EXP-20251011-003,REP-036,2025-10-11,Samples,172,true,true,Product samples drop
EXP-20251018-003,REP-036,2025-10-18,Food,111,true,true,Snacks for meeting
EXP-20251026-007,REP-036,2025-10-26,Samples,616,true,true,Demo kit refill
EXP-20251105-006,REP-036,2025-11-05,Travel,534,true,true,Cab to hospital
EXP-20251107-007,REP-036,2025-11-07,Food,742,true,true,Team lunch with HCP
EXP-20251114-003,REP-036,2025-11-14,Samples,1452,true,true,Demo kit refill
EXP-20251115-003,REP-036,2025-11-15,Lodging,3667,false,true,Hotel stay — field trip
EXP-20251121-003,REP-036,2025-11-21,Samples,1438,true,true,Sample packs for HCP
EXP-20251127-003,REP-036,2025-11-27,Mobile,320,true,true,Roaming charges
EXP-20251201-004,REP-036,2025-12-01,Samples,724,true,true,Product samples drop
EXP-20251208-007,REP-036,2025-12-08,Travel,1761,true,true,Auto to clinic
EXP-20251206-006,REP-036,2025-12-06,Travel,1241,false,true,Cab to hospital
EXP-20251214-004,REP-036,2025-12-14,Travel,1017,true,true,Train ticket
EXP-20251218-004,REP-036,2025-12-18,Lodging,2908,true,true,Lodging — outstation visit
EXP-20251222-006,REP-036,2025-12-22,Food,505,true,true,Dinner with HCP
EXP-20251229-003,REP-036,2025-12-29,Travel,260,true,false,Auto to clinic
EXP-20260108-006,REP-036,2026-01-08,Lodging,1728,true,true,Lodging — outstation visit
EXP-20260106-005,REP-036,2026-01-06,Travel,1745,true,true,Cab to hospital
EXP-20260110-005,REP-036,2026-01-10,Lodging,2284,true,true,Guest house — 2 nights
EXP-20260118-005,REP-036,2026-01-18,Travel,1516,true,false,Fuel reimbursement
EXP-20260118-006,REP-036,2026-01-18,Food,258,true,true,Coffee meeting
EXP-20260126-003,REP-036,2026-01-26,Samples,230,true,true,Demo kit refill
EXP-20260123-002,REP-036,2026-01-23,Food,725,false,true,Team lunch with HCP
EXP-20260204-002,REP-036,2026-02-04,Lodging,1748,false,true,Hotel stay — field trip
EXP-20260210-004,REP-036,2026-02-10,Mobile,116,true,true,Mobile bill
EXP-20260209-003,REP-036,2026-02-09,Lodging,3979,true,false,Hotel stay — field trip
EXP-20260214-003,REP-036,2026-02-14,Food,548,true,true,Working lunch
EXP-20260217-002,REP-036,2026-02-17,Lodging,3214,true,true,Lodging — outstation visit
EXP-20260223-005,REP-036,2026-02-23,Travel,1237,true,true,Bus fare
EXP-20260220-008,REP-036,2026-02-20,Mobile,190,true,true,Roaming charges
EXP-20260301-004,REP-036,2026-03-01,Food,419,true,true,Team lunch with HCP
EXP-20260312-001,REP-036,2026-03-12,Food,109,true,true,Snacks for meeting
EXP-20260315-006,REP-036,2026-03-15,Travel,1831,true,true,Auto to clinic
EXP-20260317-003,REP-036,2026-03-17,Travel,1807,true,true,Cab to hospital
EXP-20260323-005,REP-036,2026-03-23,Travel,1791,true,true,Train ticket
EXP-20260324-006,REP-036,2026-03-24,Samples,1155,true,true,Demo kit refill
EXP-20260328-004,REP-036,2026-03-28,Food,248,true,true,Coffee meeting
EXP-20240123-003,REP-037,2024-01-23,Conference,2466,true,true,Doctor meet sponsorship
EXP-20240128-004,REP-037,2024-01-28,Food,621,true,true,Coffee meeting
EXP-20240204-005,REP-037,2024-02-04,Food,456,true,true,Dinner with HCP
EXP-20240211-006,REP-037,2024-02-11,Food,656,true,true,Dinner with HCP
EXP-20240218-008,REP-037,2024-02-18,Food,277,true,true,Team lunch with HCP
EXP-20240225-005,REP-037,2024-02-25,Food,574,true,true,Snacks for meeting
EXP-20240304-005,REP-037,2024-03-04,Lodging,2747,true,true,Guest house — 2 nights
EXP-20240306-006,REP-037,2024-03-06,Lodging,2176,true,true,Guest house — 2 nights
EXP-20240310-009,REP-037,2024-03-10,Travel,214,true,true,Cab to hospital
EXP-20240310-010,REP-037,2024-03-10,Mobile,172,true,true,Mobile bill
EXP-20240320-005,REP-037,2024-03-20,Food,502,true,true,Snacks for meeting
EXP-20240325-003,REP-037,2024-03-25,Lodging,4607,true,false,Hotel stay — field trip
EXP-20240328-004,REP-037,2024-03-28,Travel,1501,true,true,Bus fare
EXP-20240403-005,REP-037,2024-04-03,Lodging,2508,true,true,Guest house — 2 nights
EXP-20240404-003,REP-037,2024-04-04,Travel,1413,false,true,Auto to clinic
EXP-20240408-002,REP-037,2024-04-08,Travel,1777,true,true,Bus fare
EXP-20240409-006,REP-037,2024-04-09,Conference,4223,true,true,CME event fees
EXP-20240413-006,REP-037,2024-04-13,Mobile,371,true,true,Roaming charges
EXP-20240426-003,REP-037,2024-04-26,Travel,1177,true,true,Bus fare
EXP-20240430-004,REP-037,2024-04-30,Food,425,true,true,Dinner with HCP
EXP-20240509-007,REP-037,2024-05-09,Mobile,548,true,true,Mobile bill
EXP-20240512-004,REP-037,2024-05-12,Samples,397,true,true,Sample packs for HCP
EXP-20240524-006,REP-037,2024-05-24,Samples,1002,true,true,Sample packs for HCP
EXP-20240526-009,REP-037,2024-05-26,Food,414,true,true,Team lunch with HCP
EXP-20240603-006,REP-037,2024-06-03,Lodging,3589,true,true,Hotel stay — field trip
EXP-20240607-007,REP-037,2024-06-07,Travel,641,true,false,Fuel reimbursement
EXP-20240614-009,REP-037,2024-06-14,Lodging,3673,true,true,Hotel stay — field trip
EXP-20240608-003,REP-037,2024-06-08,Lodging,3399,true,true,Guest house — 2 nights
EXP-20240619-003,REP-037,2024-06-19,Lodging,3604,true,true,Hotel stay — field trip
EXP-20240619-004,REP-037,2024-06-19,Samples,528,false,true,Product samples drop
EXP-20240628-002,REP-037,2024-06-28,Lodging,3645,true,true,Lodging — outstation visit
EXP-20240629-007,REP-037,2024-06-29,Travel,245,true,true,Train ticket
EXP-20240705-005,REP-037,2024-07-05,Food,685,true,true,Working lunch
EXP-20240711-006,REP-037,2024-07-11,Mobile,217,false,true,Mobile bill
EXP-20240706-005,REP-037,2024-07-06,Lodging,3871,true,true,Guest house — 2 nights
EXP-20240713-002,REP-037,2024-07-13,Lodging,2421,true,true,Lodging — outstation visit
EXP-20240720-003,REP-037,2024-07-20,Travel,892,true,true,Auto to clinic
EXP-20240802-008,REP-037,2024-08-02,Lodging,2719,true,true,Lodging — outstation visit
EXP-20240803-006,REP-037,2024-08-03,Travel,1895,true,true,Bus fare
EXP-20240808-005,REP-037,2024-08-08,Lodging,1798,true,true,Lodging — outstation visit
EXP-20240811-005,REP-037,2024-08-11,Food,143,true,true,Coffee meeting
EXP-20240811-006,REP-037,2024-08-11,Food,206,true,true,Snacks for meeting
EXP-20240819-007,REP-037,2024-08-19,Samples,1314,true,true,Demo kit refill
EXP-20240829-004,REP-037,2024-08-29,Food,659,true,true,Team lunch with HCP
EXP-20240831-005,REP-037,2024-08-31,Food,534,true,true,Dinner with HCP
EXP-20240902-004,REP-037,2024-09-02,Samples,345,true,true,Sample packs for HCP
EXP-20240912-005,REP-037,2024-09-12,Travel,374,true,true,Cab to hospital
EXP-20240917-002,REP-037,2024-09-17,Travel,452,true,true,Fuel reimbursement
EXP-20240922-004,REP-037,2024-09-22,Travel,1464,true,true,Bus fare
EXP-20241002-004,REP-037,2024-10-02,Travel,1694,true,true,Auto to clinic
EXP-20241001-005,REP-037,2024-10-01,Food,692,true,true,Team lunch with HCP
EXP-20241009-004,REP-037,2024-10-09,Travel,1520,true,true,Auto to clinic
EXP-20241016-003,REP-037,2024-10-16,Lodging,3083,true,true,Lodging — outstation visit
EXP-20241021-004,REP-037,2024-10-21,Conference,1081,true,true,CME event fees
EXP-20241023-005,REP-037,2024-10-23,Travel,1505,true,true,Cab to hospital
EXP-20241101-005,REP-037,2024-11-01,Lodging,2487,true,true,Lodging — outstation visit
EXP-20241026-005,REP-037,2024-10-26,Travel,1209,true,true,Cab to hospital
EXP-20241105-006,REP-037,2024-11-05,Travel,588,true,true,Auto to clinic
EXP-20241114-009,REP-037,2024-11-14,Travel,279,true,true,Train ticket
EXP-20241122-005,REP-037,2024-11-22,Travel,1115,true,true,Bus fare
EXP-20241127-007,REP-037,2024-11-27,Mobile,391,false,true,Internet recharge
EXP-20241124-008,REP-037,2024-11-24,Other,354,true,true,Stationery
EXP-20241130-004,REP-037,2024-11-30,Food,713,true,true,Working lunch
EXP-20241209-007,REP-037,2024-12-09,Travel,1757,true,true,Cab to hospital
EXP-20241208-002,REP-037,2024-12-08,Other,1533,true,true,Misc expense
EXP-20241217-008,REP-037,2024-12-17,Travel,1722,true,true,Fuel reimbursement
EXP-20241216-005,REP-037,2024-12-16,Lodging,3226,true,true,Guest house — 2 nights
EXP-20241226-004,REP-037,2024-12-26,Travel,1477,true,true,Train ticket
EXP-20241230-010,REP-037,2024-12-30,Food,327,true,true,Snacks for meeting
EXP-20250109-003,REP-037,2025-01-09,Lodging,3828,true,true,Lodging — outstation visit
EXP-20250114-009,REP-037,2025-01-14,Travel,1069,true,true,Cab to hospital
EXP-20250123-004,REP-037,2025-01-23,Travel,398,true,true,Auto to clinic
EXP-20250131-004,REP-037,2025-01-31,Travel,1757,true,true,Cab to hospital
EXP-20250201-004,REP-037,2025-02-01,Travel,1144,true,true,Bus fare
EXP-20250208-010,REP-037,2025-02-08,Other,585,true,true,Misc expense
EXP-20250213-007,REP-037,2025-02-13,Samples,299,true,true,Sample packs for HCP
EXP-20250221-002,REP-037,2025-02-21,Lodging,2924,false,true,Hotel stay — field trip
EXP-20250217-005,REP-037,2025-02-17,Samples,466,true,true,Demo kit refill
EXP-20250222-005,REP-037,2025-02-22,Food,497,true,true,Dinner with HCP
EXP-20250223-002,REP-037,2025-02-23,Travel,1363,true,true,Cab to hospital
EXP-20250302-008,REP-037,2025-03-02,Samples,1116,true,true,Product samples drop
EXP-20250313-005,REP-037,2025-03-13,Food,221,false,true,Team lunch with HCP
EXP-20250313-006,REP-037,2025-03-13,Travel,1536,true,true,Auto to clinic
EXP-20250316-006,REP-037,2025-03-16,Food,759,true,true,Team lunch with HCP
EXP-20250316-007,REP-037,2025-03-16,Other,55,true,true,Stationery
EXP-20250324-003,REP-037,2025-03-24,Samples,177,true,true,Demo kit refill
EXP-20250401-004,REP-037,2025-04-01,Travel,1898,true,true,Train ticket
EXP-20250404-004,REP-037,2025-04-04,Travel,1447,true,true,Bus fare
EXP-20250410-006,REP-037,2025-04-10,Food,465,true,true,Snacks for meeting
EXP-20250411-004,REP-037,2025-04-11,Lodging,2429,true,true,Lodging — outstation visit
EXP-20250412-006,REP-037,2025-04-12,Samples,468,true,true,Product samples drop
EXP-20250424-004,REP-037,2025-04-24,Lodging,2446,true,true,Lodging — outstation visit
EXP-20250427-006,REP-037,2025-04-27,Travel,1440,true,true,Cab to hospital
EXP-20250508-003,REP-037,2025-05-08,Food,301,true,true,Coffee meeting
EXP-20250516-008,REP-037,2025-05-16,Other,62,true,true,Stationery
EXP-20250521-005,REP-037,2025-05-21,Travel,595,true,true,Bus fare
EXP-20250523-008,REP-037,2025-05-23,Travel,988,true,true,Fuel reimbursement
EXP-20250525-004,REP-037,2025-05-25,Travel,1056,true,true,Fuel reimbursement
EXP-20250605-007,REP-037,2025-06-05,Travel,591,true,true,Train ticket
EXP-20250603-008,REP-037,2025-06-03,Food,791,true,true,Snacks for meeting
EXP-20250612-006,REP-037,2025-06-12,Samples,688,true,true,Demo kit refill
EXP-20250620-001,REP-037,2025-06-20,Travel,795,true,true,Fuel reimbursement
EXP-20250617-003,REP-037,2025-06-17,Food,255,true,false,Team lunch with HCP
EXP-20250624-006,REP-037,2025-06-24,Mobile,570,true,true,Roaming charges
EXP-20250629-005,REP-037,2025-06-29,Travel,709,true,true,Auto to clinic
EXP-20250706-005,REP-037,2025-07-06,Conference,3803,true,true,CME event fees
EXP-20250709-006,REP-037,2025-07-09,Food,797,true,true,Coffee meeting
EXP-20250715-006,REP-037,2025-07-15,Food,260,true,false,Working lunch
EXP-20250716-010,REP-037,2025-07-16,Travel,1201,true,true,Cab to hospital
EXP-20250719-007,REP-037,2025-07-19,Travel,694,true,true,Train ticket
EXP-20250726-003,REP-037,2025-07-26,Travel,1429,true,true,Auto to clinic
EXP-20250807-008,REP-037,2025-08-07,Food,317,true,true,Snacks for meeting
EXP-20250804-008,REP-037,2025-08-04,Lodging,2782,false,true,Guest house — 2 nights
EXP-20250812-002,REP-037,2025-08-12,Travel,594,true,true,Bus fare
EXP-20250811-005,REP-037,2025-08-11,Lodging,2800,true,true,Guest house — 2 nights
EXP-20250817-004,REP-037,2025-08-17,Samples,726,true,true,Demo kit refill
EXP-20250823-005,REP-037,2025-08-23,Lodging,1948,true,true,Hotel stay — field trip
EXP-20250823-006,REP-037,2025-08-23,Other,1547,true,true,Printing materials
EXP-20250904-004,REP-037,2025-09-04,Lodging,1748,true,true,Lodging — outstation visit
EXP-20250830-005,REP-037,2025-08-30,Travel,1948,true,true,Auto to clinic
EXP-20250907-005,REP-037,2025-09-07,Conference,684,true,true,CME event fees
EXP-20250916-004,REP-037,2025-09-16,Travel,1474,true,true,Bus fare
EXP-20250920-005,REP-037,2025-09-20,Travel,220,true,true,Auto to clinic
EXP-20251002-006,REP-037,2025-10-02,Travel,1188,true,true,Bus fare
EXP-20251005-002,REP-037,2025-10-05,Lodging,2632,true,true,Guest house — 2 nights
EXP-20251015-003,REP-037,2025-10-15,Travel,1577,true,true,Cab to hospital
EXP-20251018-004,REP-037,2025-10-18,Samples,108,true,false,Demo kit refill
EXP-20251026-008,REP-037,2025-10-26,Travel,1845,true,true,Cab to hospital
EXP-20251029-004,REP-037,2025-10-29,Lodging,2245,true,true,Hotel stay — field trip
EXP-20251106-006,REP-037,2025-11-06,Travel,345,true,true,Fuel reimbursement
EXP-20251108-006,REP-037,2025-11-08,Food,654,true,true,Working lunch
EXP-20251108-007,REP-037,2025-11-08,Lodging,1663,true,true,Hotel stay — field trip
EXP-20251118-002,REP-037,2025-11-18,Travel,441,true,true,Cab to hospital
EXP-20251126-002,REP-037,2025-11-26,Lodging,3257,false,true,Guest house — 2 nights
EXP-20251202-005,REP-037,2025-12-02,Food,220,true,true,Snacks for meeting
EXP-20251205-004,REP-037,2025-12-05,Lodging,1842,true,true,Hotel stay — field trip
EXP-20251208-008,REP-037,2025-12-08,Travel,1938,true,false,Train ticket
EXP-20251207-003,REP-037,2025-12-07,Lodging,3050,true,true,Lodging — outstation visit
EXP-20251218-005,REP-037,2025-12-18,Travel,369,true,true,Fuel reimbursement
EXP-20251221-004,REP-037,2025-12-21,Food,598,true,true,Team lunch with HCP
EXP-20251231-005,REP-037,2025-12-31,Travel,1362,true,true,Train ticket
EXP-20260106-006,REP-037,2026-01-06,Food,239,true,true,Team lunch with HCP
EXP-20260112-003,REP-037,2026-01-12,Travel,1522,true,true,Train ticket
EXP-20260114-006,REP-037,2026-01-14,Lodging,3342,true,true,Lodging — outstation visit
EXP-20260119-005,REP-037,2026-01-19,Travel,1412,true,true,Bus fare
EXP-20260118-007,REP-037,2026-01-18,Travel,1326,true,true,Auto to clinic
EXP-20260125-004,REP-037,2026-01-25,Food,312,true,true,Coffee meeting
EXP-20260127-004,REP-037,2026-01-27,Travel,549,true,true,Auto to clinic
EXP-20260204-003,REP-037,2026-02-04,Travel,288,true,true,Auto to clinic
EXP-20260213-003,REP-037,2026-02-13,Travel,1612,false,true,Auto to clinic
EXP-20260211-004,REP-037,2026-02-11,Mobile,738,false,true,Internet recharge
EXP-20260215-003,REP-037,2026-02-15,Travel,825,true,true,Bus fare
EXP-20260215-004,REP-037,2026-02-15,Travel,1446,false,true,Bus fare
EXP-20260224-005,REP-037,2026-02-24,Samples,480,true,true,Product samples drop
EXP-20260227-006,REP-037,2026-02-27,Travel,1484,true,true,Fuel reimbursement
EXP-20260228-002,REP-037,2026-02-28,Food,173,true,true,Coffee meeting
EXP-20260304-004,REP-037,2026-03-04,Conference,4470,true,true,Doctor meet sponsorship
EXP-20260310-006,REP-037,2026-03-10,Travel,1640,true,true,Cab to hospital
EXP-20260309-004,REP-037,2026-03-09,Food,228,true,true,Working lunch
EXP-20260316-006,REP-037,2026-03-16,Food,798,true,true,Coffee meeting
EXP-20260317-004,REP-037,2026-03-17,Travel,1909,true,true,Bus fare
EXP-20260325-004,REP-037,2026-03-25,Travel,1354,true,true,Cab to hospital
EXP-20230406-005,REP-038,2023-04-06,Food,609,true,true,Coffee meeting
EXP-20230408-006,REP-038,2023-04-08,Travel,1895,true,true,Auto to clinic
EXP-20230417-002,REP-038,2023-04-17,Mobile,665,false,false,Roaming charges
EXP-20230425-004,REP-038,2023-04-25,Travel,470,true,true,Cab to hospital
EXP-20230430-004,REP-038,2023-04-30,Travel,1932,true,true,Auto to clinic
EXP-20230504-001,REP-038,2023-05-04,Travel,1470,true,true,Train ticket
EXP-20230511-003,REP-038,2023-05-11,Travel,1063,true,true,Auto to clinic
EXP-20230508-006,REP-038,2023-05-08,Travel,1849,true,true,Fuel reimbursement
EXP-20230519-004,REP-038,2023-05-19,Food,338,true,true,Dinner with HCP
EXP-20230526-003,REP-038,2023-05-26,Food,713,true,true,Coffee meeting
EXP-20230522-009,REP-038,2023-05-22,Travel,447,true,true,Train ticket
EXP-20230528-003,REP-038,2023-05-28,Food,423,true,true,Snacks for meeting
EXP-20230529-005,REP-038,2023-05-29,Travel,619,true,true,Bus fare
EXP-20230603-007,REP-038,2023-06-03,Lodging,3679,true,true,Guest house — 2 nights
EXP-20230607-003,REP-038,2023-06-07,Travel,1310,false,true,Fuel reimbursement
EXP-20230613-005,REP-038,2023-06-13,Lodging,3897,true,true,Guest house — 2 nights
EXP-20230613-006,REP-038,2023-06-13,Travel,1458,true,true,Fuel reimbursement
EXP-20230617-005,REP-038,2023-06-17,Lodging,2654,true,true,Lodging — outstation visit
EXP-20230624-004,REP-038,2023-06-24,Conference,3352,true,true,Doctor meet sponsorship
EXP-20230629-002,REP-038,2023-06-29,Travel,1616,true,true,Fuel reimbursement
EXP-20230707-004,REP-038,2023-07-07,Travel,894,true,true,Auto to clinic
EXP-20230705-001,REP-038,2023-07-05,Travel,1947,true,true,Cab to hospital
EXP-20230709-007,REP-038,2023-07-09,Food,481,true,true,Working lunch
EXP-20230717-003,REP-038,2023-07-17,Lodging,4000,false,true,Hotel stay — field trip
EXP-20230727-003,REP-038,2023-07-27,Samples,1292,true,true,Product samples drop
EXP-20230729-005,REP-038,2023-07-29,Lodging,1568,true,true,Hotel stay — field trip
EXP-20230802-003,REP-038,2023-08-02,Travel,1716,true,true,Train ticket
EXP-20230810-004,REP-038,2023-08-10,Travel,312,true,true,Bus fare
EXP-20230806-002,REP-038,2023-08-06,Travel,712,false,true,Bus fare
EXP-20230813-007,REP-038,2023-08-13,Samples,1254,true,true,Product samples drop
EXP-20230814-002,REP-038,2023-08-14,Travel,1219,true,true,Bus fare
EXP-20230820-006,REP-038,2023-08-20,Food,583,true,true,Snacks for meeting
EXP-20230819-003,REP-038,2023-08-19,Mobile,467,true,true,Roaming charges
EXP-20230828-005,REP-038,2023-08-28,Food,775,true,true,Snacks for meeting
EXP-20230827-005,REP-038,2023-08-27,Samples,374,true,true,Demo kit refill
EXP-20230903-004,REP-038,2023-09-03,Food,782,true,true,Snacks for meeting
EXP-20230907-003,REP-038,2023-09-07,Food,601,true,true,Team lunch with HCP
EXP-20230911-006,REP-038,2023-09-11,Mobile,468,true,true,Internet recharge
EXP-20230921-004,REP-038,2023-09-21,Samples,97,false,true,Demo kit refill
EXP-20230929-010,REP-038,2023-09-29,Lodging,3560,true,true,Lodging — outstation visit
EXP-20230930-004,REP-038,2023-09-30,Mobile,117,true,true,Internet recharge
EXP-20231006-004,REP-038,2023-10-06,Travel,1090,true,true,Cab to hospital
EXP-20231008-004,REP-038,2023-10-08,Mobile,604,true,true,Mobile bill
EXP-20231007-006,REP-038,2023-10-07,Travel,1707,true,false,Auto to clinic
EXP-20231019-001,REP-038,2023-10-19,Mobile,740,true,true,Internet recharge
EXP-20231022-004,REP-038,2023-10-22,Samples,929,true,true,Product samples drop
EXP-20231027-005,REP-038,2023-10-27,Mobile,514,false,true,Roaming charges
EXP-20231101-005,REP-038,2023-11-01,Travel,240,true,false,Auto to clinic
EXP-20231110-007,REP-038,2023-11-10,Travel,1779,true,true,Bus fare
EXP-20231116-002,REP-038,2023-11-16,Samples,585,true,true,Sample packs for HCP
EXP-20231121-005,REP-038,2023-11-21,Lodging,3545,false,true,Hotel stay — field trip
EXP-20231128-006,REP-038,2023-11-28,Samples,221,false,true,Product samples drop
EXP-20231207-008,REP-038,2023-12-07,Food,342,true,true,Team lunch with HCP
EXP-20231215-010,REP-038,2023-12-15,Travel,916,true,true,Cab to hospital
EXP-20231216-007,REP-038,2023-12-16,Food,762,true,true,Dinner with HCP
EXP-20231224-005,REP-038,2023-12-24,Food,146,true,true,Working lunch
EXP-20231223-005,REP-038,2023-12-23,Lodging,2036,true,true,Hotel stay — field trip
EXP-20231230-007,REP-038,2023-12-30,Travel,1566,true,true,Bus fare
EXP-20240101-007,REP-038,2024-01-01,Samples,1476,true,true,Demo kit refill
EXP-20240112-007,REP-038,2024-01-12,Food,317,true,true,Team lunch with HCP
EXP-20240116-007,REP-038,2024-01-16,Travel,1083,false,true,Train ticket
EXP-20240126-005,REP-038,2024-01-26,Samples,958,true,true,Sample packs for HCP
EXP-20240129-001,REP-038,2024-01-29,Travel,1652,true,true,Cab to hospital
EXP-20240206-006,REP-038,2024-02-06,Travel,416,true,true,Auto to clinic
EXP-20240204-006,REP-038,2024-02-04,Food,496,true,true,Team lunch with HCP
EXP-20240215-004,REP-038,2024-02-15,Travel,1954,false,true,Fuel reimbursement
EXP-20240217-001,REP-038,2024-02-17,Travel,1777,true,true,Auto to clinic
EXP-20240222-006,REP-038,2024-02-22,Travel,386,true,true,Bus fare
EXP-20240301-006,REP-038,2024-03-01,Lodging,3758,true,true,Hotel stay — field trip
EXP-20240305-004,REP-038,2024-03-05,Travel,1033,true,true,Train ticket
EXP-20240311-004,REP-038,2024-03-11,Travel,452,false,true,Bus fare
EXP-20240312-005,REP-038,2024-03-12,Food,732,true,true,Snacks for meeting
EXP-20240316-003,REP-038,2024-03-16,Travel,423,true,true,Auto to clinic
EXP-20240328-005,REP-038,2024-03-28,Travel,419,true,true,Train ticket
EXP-20240327-003,REP-038,2024-03-27,Travel,1695,true,true,Train ticket
EXP-20240402-005,REP-038,2024-04-02,Samples,180,false,true,Product samples drop
EXP-20240330-009,REP-038,2024-03-30,Travel,1724,true,true,Bus fare
EXP-20240408-003,REP-038,2024-04-08,Travel,1454,true,true,Auto to clinic
EXP-20240410-003,REP-038,2024-04-10,Lodging,2902,true,true,Guest house — 2 nights
EXP-20240418-002,REP-038,2024-04-18,Lodging,1901,true,true,Hotel stay — field trip
EXP-20240425-005,REP-038,2024-04-25,Lodging,2429,true,true,Guest house — 2 nights
EXP-20240427-004,REP-038,2024-04-27,Food,601,true,true,Coffee meeting
EXP-20240503-004,REP-038,2024-05-03,Travel,1249,false,true,Cab to hospital
EXP-20240509-008,REP-038,2024-05-09,Other,1918,true,false,Misc expense
EXP-20240513-005,REP-038,2024-05-13,Travel,1167,true,true,Cab to hospital
EXP-20240518-004,REP-038,2024-05-18,Lodging,2238,true,true,Guest house — 2 nights
EXP-20240531-004,REP-038,2024-05-31,Food,544,true,true,Dinner with HCP
EXP-20240603-007,REP-038,2024-06-03,Food,626,true,true,Snacks for meeting
EXP-20240606-008,REP-038,2024-06-06,Samples,577,false,true,Sample packs for HCP
EXP-20240612-006,REP-038,2024-06-12,Travel,1425,true,true,Cab to hospital
EXP-20240609-006,REP-038,2024-06-09,Travel,1296,true,true,Train ticket
EXP-20240617-009,REP-038,2024-06-17,Travel,1167,true,true,Fuel reimbursement
EXP-20240618-003,REP-038,2024-06-18,Travel,807,true,true,Auto to clinic
EXP-20240625-006,REP-038,2024-06-25,Other,1016,true,true,Misc expense
EXP-20240625-007,REP-038,2024-06-25,Travel,367,true,true,Fuel reimbursement
EXP-20240705-006,REP-038,2024-07-05,Lodging,3197,true,true,Lodging — outstation visit
EXP-20240629-008,REP-038,2024-06-29,Travel,1986,true,true,Train ticket
EXP-20240708-005,REP-038,2024-07-08,Food,534,true,true,Snacks for meeting
EXP-20240707-004,REP-038,2024-07-07,Travel,1646,true,true,Train ticket
EXP-20240714-004,REP-038,2024-07-14,Travel,677,true,true,Train ticket
EXP-20240725-006,REP-038,2024-07-25,Travel,649,true,true,Cab to hospital
EXP-20240721-004,REP-038,2024-07-21,Lodging,3177,true,false,Guest house — 2 nights
EXP-20240802-009,REP-038,2024-08-02,Travel,1736,true,true,Train ticket
EXP-20240730-007,REP-038,2024-07-30,Food,319,true,false,Snacks for meeting
EXP-20240808-006,REP-038,2024-08-08,Samples,804,true,true,Demo kit refill
EXP-20240812-006,REP-038,2024-08-12,Food,525,true,true,Working lunch
EXP-20240815-007,REP-038,2024-08-15,Lodging,2531,true,true,Lodging — outstation visit
EXP-20240823-005,REP-038,2024-08-23,Food,640,true,true,Snacks for meeting
EXP-20240824-005,REP-038,2024-08-24,Lodging,2938,true,true,Hotel stay — field trip
EXP-20240906-006,REP-038,2024-09-06,Travel,327,true,true,Cab to hospital
EXP-20240909-005,REP-038,2024-09-09,Travel,1632,false,true,Cab to hospital
EXP-20240911-006,REP-038,2024-09-11,Travel,905,true,true,Cab to hospital
EXP-20240920-004,REP-038,2024-09-20,Travel,1828,true,true,Bus fare
EXP-20240914-007,REP-038,2024-09-14,Food,339,false,true,Dinner with HCP
EXP-20240924-009,REP-038,2024-09-24,Mobile,272,true,true,Mobile bill
EXP-20241001-006,REP-038,2024-10-01,Travel,793,true,true,Auto to clinic
EXP-20241007-008,REP-038,2024-10-07,Travel,931,true,true,Bus fare
EXP-20241006-007,REP-038,2024-10-06,Food,475,false,true,Snacks for meeting
EXP-20241013-005,REP-038,2024-10-13,Food,166,true,true,Coffee meeting
EXP-20241014-006,REP-038,2024-10-14,Samples,1341,true,true,Demo kit refill
EXP-20241025-005,REP-038,2024-10-25,Food,371,true,true,Team lunch with HCP
EXP-20241020-007,REP-038,2024-10-20,Travel,1977,true,true,Bus fare
EXP-20241030-006,REP-038,2024-10-30,Travel,406,false,true,Cab to hospital
EXP-20241107-006,REP-038,2024-11-07,Travel,1823,true,true,Train ticket
EXP-20241104-005,REP-038,2024-11-04,Travel,1796,true,true,Train ticket
EXP-20241112-004,REP-038,2024-11-12,Lodging,3233,true,true,Hotel stay — field trip
EXP-20241113-004,REP-038,2024-11-13,Travel,1352,true,true,Bus fare
EXP-20241119-006,REP-038,2024-11-19,Food,125,true,true,Dinner with HCP
EXP-20241126-005,REP-038,2024-11-26,Food,327,true,true,Coffee meeting
EXP-20241204-005,REP-038,2024-12-04,Travel,1483,true,true,Bus fare
EXP-20241204-006,REP-038,2024-12-04,Travel,363,true,true,Fuel reimbursement
EXP-20241213-004,REP-038,2024-12-13,Lodging,3735,true,true,Hotel stay — field trip
EXP-20241216-006,REP-038,2024-12-16,Samples,1393,true,true,Product samples drop
EXP-20241225-004,REP-038,2024-12-25,Travel,380,true,true,Fuel reimbursement
EXP-20241223-008,REP-038,2024-12-23,Food,674,true,true,Coffee meeting
EXP-20250101-005,REP-038,2025-01-01,Lodging,3994,true,true,Guest house — 2 nights
EXP-20250110-005,REP-038,2025-01-10,Travel,710,true,false,Fuel reimbursement
EXP-20250112-006,REP-038,2025-01-12,Travel,1204,false,true,Cab to hospital
EXP-20250117-003,REP-038,2025-01-17,Travel,382,true,true,Bus fare
EXP-20250120-005,REP-038,2025-01-20,Conference,1298,true,true,Doctor meet sponsorship
EXP-20250126-005,REP-038,2025-01-26,Travel,1836,true,true,Cab to hospital
EXP-20250130-006,REP-038,2025-01-30,Travel,1244,true,true,Cab to hospital
EXP-20250202-005,REP-038,2025-02-02,Travel,1354,true,true,Cab to hospital
EXP-20250201-005,REP-038,2025-02-01,Food,290,true,true,Team lunch with HCP
EXP-20250214-007,REP-038,2025-02-14,Travel,866,true,true,Auto to clinic
EXP-20250221-003,REP-038,2025-02-21,Lodging,1945,true,true,Lodging — outstation visit
EXP-20250216-009,REP-038,2025-02-16,Food,157,true,true,Team lunch with HCP
EXP-20250227-005,REP-038,2025-02-27,Lodging,2356,true,true,Guest house — 2 nights
EXP-20250305-006,REP-038,2025-03-05,Travel,1822,false,true,Fuel reimbursement
EXP-20250303-003,REP-038,2025-03-03,Travel,1481,true,true,Cab to hospital
EXP-20250312-010,REP-038,2025-03-12,Travel,886,true,true,Train ticket
EXP-20250318-004,REP-038,2025-03-18,Lodging,3794,true,true,Lodging — outstation visit
EXP-20250318-005,REP-038,2025-03-18,Travel,1436,true,true,Train ticket
EXP-20250322-009,REP-038,2025-03-22,Travel,1315,true,true,Train ticket
EXP-20250403-006,REP-038,2025-04-03,Samples,841,true,true,Product samples drop
EXP-20250408-008,REP-038,2025-04-08,Lodging,1967,true,true,Hotel stay — field trip
EXP-20250411-005,REP-038,2025-04-11,Food,728,true,true,Team lunch with HCP
EXP-20250417-006,REP-038,2025-04-17,Conference,1425,true,true,CME event fees
EXP-20250412-007,REP-038,2025-04-12,Food,306,true,true,Working lunch
EXP-20250423-007,REP-038,2025-04-23,Travel,618,true,true,Auto to clinic
EXP-20250501-007,REP-038,2025-05-01,Travel,1439,true,true,Train ticket
EXP-20250509-006,REP-038,2025-05-09,Travel,1112,true,true,Cab to hospital
EXP-20250508-004,REP-038,2025-05-08,Travel,1421,true,true,Cab to hospital
EXP-20250515-005,REP-038,2025-05-15,Travel,1309,false,true,Cab to hospital
EXP-20250521-006,REP-038,2025-05-21,Travel,509,true,true,Cab to hospital
EXP-20250524-006,REP-038,2025-05-24,Food,665,true,true,Coffee meeting
EXP-20250603-009,REP-038,2025-06-03,Travel,322,true,true,Cab to hospital
EXP-20250603-010,REP-038,2025-06-03,Food,424,true,true,Dinner with HCP
EXP-20250613-004,REP-038,2025-06-13,Travel,1734,true,true,Fuel reimbursement
EXP-20250618-005,REP-038,2025-06-18,Travel,1949,true,true,Fuel reimbursement
EXP-20250619-006,REP-038,2025-06-19,Lodging,3704,true,true,Hotel stay — field trip
EXP-20250621-007,REP-038,2025-06-21,Lodging,3738,true,true,Hotel stay — field trip
EXP-20250704-003,REP-038,2025-07-04,Travel,1080,true,false,Cab to hospital
EXP-20250707-004,REP-038,2025-07-07,Travel,805,false,true,Train ticket
EXP-20250713-003,REP-038,2025-07-13,Food,536,true,true,Dinner with HCP
EXP-20250717-004,REP-038,2025-07-17,Food,164,true,true,Coffee meeting
EXP-20250724-005,REP-038,2025-07-24,Samples,1092,true,true,Demo kit refill
EXP-20250726-004,REP-038,2025-07-26,Travel,1438,true,true,Fuel reimbursement
EXP-20250802-006,REP-038,2025-08-02,Travel,1059,true,true,Bus fare
EXP-20250808-001,REP-038,2025-08-08,Food,557,true,true,Dinner with HCP
EXP-20250814-006,REP-038,2025-08-14,Food,438,true,true,Team lunch with HCP
EXP-20250810-003,REP-038,2025-08-10,Food,561,true,true,Snacks for meeting
EXP-20250821-002,REP-038,2025-08-21,Lodging,1961,true,true,Hotel stay — field trip
EXP-20250828-004,REP-038,2025-08-28,Samples,1096,true,true,Product samples drop
EXP-20250901-005,REP-038,2025-09-01,Travel,568,true,true,Cab to hospital
EXP-20250906-006,REP-038,2025-09-06,Travel,808,true,true,Train ticket
EXP-20250911-004,REP-038,2025-09-11,Food,290,true,true,Snacks for meeting
EXP-20250915-006,REP-038,2025-09-15,Travel,1176,true,true,Bus fare
EXP-20250919-009,REP-038,2025-09-19,Travel,910,true,true,Fuel reimbursement
EXP-20250926-004,REP-038,2025-09-26,Lodging,2874,true,true,Lodging — outstation visit
EXP-20250928-006,REP-038,2025-09-28,Travel,1497,true,true,Train ticket
EXP-20251002-007,REP-038,2025-10-02,Samples,221,true,true,Product samples drop
EXP-20251005-003,REP-038,2025-10-05,Travel,418,true,true,Fuel reimbursement
EXP-20251004-005,REP-038,2025-10-04,Travel,894,true,true,Cab to hospital
EXP-20251015-004,REP-038,2025-10-15,Conference,3379,false,true,Doctor meet sponsorship
EXP-20251014-005,REP-038,2025-10-14,Lodging,1700,true,true,Lodging — outstation visit
EXP-20251023-006,REP-038,2025-10-23,Lodging,3260,true,true,Hotel stay — field trip
EXP-20251019-004,REP-038,2025-10-19,Lodging,2837,true,true,Hotel stay — field trip
EXP-20251028-004,REP-038,2025-10-28,Travel,221,true,true,Fuel reimbursement
EXP-20251101-007,REP-038,2025-11-01,Samples,1120,true,true,Product samples drop
EXP-20251105-007,REP-038,2025-11-05,Lodging,1726,true,true,Lodging — outstation visit
EXP-20251112-005,REP-038,2025-11-12,Lodging,3458,true,true,Hotel stay — field trip
EXP-20251117-009,REP-038,2025-11-17,Travel,1295,false,true,Bus fare
EXP-20251120-002,REP-038,2025-11-20,Food,389,true,true,Team lunch with HCP
EXP-20251126-003,REP-038,2025-11-26,Conference,3303,true,true,Doctor meet sponsorship
EXP-20251205-005,REP-038,2025-12-05,Travel,1323,true,true,Bus fare
EXP-20251211-003,REP-038,2025-12-11,Food,161,true,true,Snacks for meeting
EXP-20251215-004,REP-038,2025-12-15,Lodging,2068,true,true,Lodging — outstation visit
EXP-20251221-005,REP-038,2025-12-21,Samples,1448,true,true,Sample packs for HCP
EXP-20260102-006,REP-038,2026-01-02,Food,624,true,true,Dinner with HCP
EXP-20251229-004,REP-038,2025-12-29,Lodging,3186,true,true,Guest house — 2 nights
EXP-20260108-007,REP-038,2026-01-08,Food,524,true,true,Snacks for meeting
EXP-20260115-001,REP-038,2026-01-15,Other,850,true,true,Misc expense
EXP-20260120-005,REP-038,2026-01-20,Travel,1485,true,true,Auto to clinic
EXP-20260118-008,REP-038,2026-01-18,Mobile,774,true,true,Mobile bill
EXP-20260129-005,REP-038,2026-01-29,Food,436,false,true,Working lunch
EXP-20260204-004,REP-038,2026-02-04,Food,139,true,true,Team lunch with HCP
EXP-20260201-004,REP-038,2026-02-01,Food,800,true,true,Working lunch
EXP-20260212-004,REP-038,2026-02-12,Other,1168,true,true,Stationery
EXP-20260212-005,REP-038,2026-02-12,Travel,686,true,true,Fuel reimbursement
EXP-20260219-004,REP-038,2026-02-19,Travel,479,true,true,Auto to clinic
EXP-20260226-005,REP-038,2026-02-26,Travel,498,true,true,Fuel reimbursement
EXP-20260301-005,REP-038,2026-03-01,Food,219,true,true,Coffee meeting
EXP-20260307-004,REP-038,2026-03-07,Lodging,3488,false,true,Lodging — outstation visit
EXP-20260314-003,REP-038,2026-03-14,Food,337,true,true,Working lunch
EXP-20260320-003,REP-038,2026-03-20,Lodging,1792,true,true,Guest house — 2 nights
EXP-20260323-006,REP-038,2026-03-23,Travel,1316,true,true,Train ticket
EXP-20260321-003,REP-038,2026-03-21,Lodging,3132,true,true,Hotel stay — field trip
EXP-20230402-004,REP-039,2023-04-02,Food,187,false,true,Team lunch with HCP
EXP-20230415-004,REP-039,2023-04-15,Food,277,true,true,Team lunch with HCP
EXP-20230421-002,REP-039,2023-04-21,Travel,800,false,true,Train ticket
EXP-20230426-004,REP-039,2023-04-26,Samples,558,true,true,Sample packs for HCP
EXP-20230430-005,REP-039,2023-04-30,Travel,1603,true,true,Fuel reimbursement
EXP-20230509-006,REP-039,2023-05-09,Travel,1566,true,false,Fuel reimbursement
EXP-20230519-005,REP-039,2023-05-19,Travel,431,true,true,Bus fare
EXP-20230516-006,REP-039,2023-05-16,Conference,4737,true,true,CME event fees
EXP-20230527-006,REP-039,2023-05-27,Travel,382,true,true,Cab to hospital
EXP-20230524-006,REP-039,2023-05-24,Travel,945,true,true,Auto to clinic
EXP-20230529-006,REP-039,2023-05-29,Lodging,3783,true,true,Lodging — outstation visit
EXP-20230531-006,REP-039,2023-05-31,Travel,946,true,true,Train ticket
EXP-20230608-003,REP-039,2023-06-08,Food,529,true,true,Team lunch with HCP
EXP-20230617-006,REP-039,2023-06-17,Food,295,true,true,Working lunch
EXP-20230612-004,REP-039,2023-06-12,Travel,1690,true,true,Bus fare
EXP-20230619-006,REP-039,2023-06-19,Food,387,true,true,Working lunch
EXP-20230626-005,REP-039,2023-06-26,Food,173,true,true,Dinner with HCP
EXP-20230703-005,REP-039,2023-07-03,Food,693,true,true,Coffee meeting
EXP-20230711-005,REP-039,2023-07-11,Samples,742,true,true,Product samples drop
EXP-20230719-003,REP-039,2023-07-19,Food,140,true,true,Snacks for meeting
EXP-20230718-004,REP-039,2023-07-18,Mobile,278,true,true,Mobile bill
EXP-20230723-005,REP-039,2023-07-23,Food,515,true,true,Working lunch
EXP-20230805-008,REP-039,2023-08-05,Travel,591,true,true,Auto to clinic
EXP-20230731-004,REP-039,2023-07-31,Food,695,true,true,Coffee meeting
EXP-20230811-002,REP-039,2023-08-11,Travel,664,true,false,Bus fare
EXP-20230815-006,REP-039,2023-08-15,Lodging,1707,true,true,Guest house — 2 nights
EXP-20230814-003,REP-039,2023-08-14,Travel,1296,true,true,Bus fare
EXP-20230822-003,REP-039,2023-08-22,Food,720,false,true,Snacks for meeting
EXP-20230828-006,REP-039,2023-08-28,Samples,239,true,true,Demo kit refill
EXP-20230901-004,REP-039,2023-09-01,Food,245,true,false,Snacks for meeting
EXP-20230905-005,REP-039,2023-09-05,Samples,1003,true,true,Demo kit refill
EXP-20230911-007,REP-039,2023-09-11,Travel,1272,false,true,Bus fare
EXP-20230912-004,REP-039,2023-09-12,Food,126,true,true,Team lunch with HCP
EXP-20230919-008,REP-039,2023-09-19,Food,444,true,true,Coffee meeting
EXP-20230926-003,REP-039,2023-09-26,Travel,286,true,true,Bus fare
EXP-20231002-005,REP-039,2023-10-02,Travel,1934,true,true,Bus fare
EXP-20231014-008,REP-039,2023-10-14,Travel,1580,true,false,Auto to clinic
EXP-20231016-003,REP-039,2023-10-16,Food,701,true,true,Team lunch with HCP
EXP-20231024-004,REP-039,2023-10-24,Lodging,3321,true,true,Lodging — outstation visit
EXP-20231104-003,REP-039,2023-11-04,Travel,473,true,true,Fuel reimbursement
EXP-20231106-008,REP-039,2023-11-06,Food,292,true,true,Dinner with HCP
EXP-20231115-003,REP-039,2023-11-15,Samples,1332,false,true,Product samples drop
EXP-20231124-002,REP-039,2023-11-24,Lodging,3247,true,true,Guest house — 2 nights
EXP-20231120-004,REP-039,2023-11-20,Travel,1517,true,true,Cab to hospital
EXP-20231130-009,REP-039,2023-11-30,Travel,822,true,true,Fuel reimbursement
EXP-20231208-004,REP-039,2023-12-08,Food,346,true,true,Working lunch
EXP-20231213-005,REP-039,2023-12-13,Food,633,true,true,Team lunch with HCP
EXP-20231210-003,REP-039,2023-12-10,Travel,375,true,true,Auto to clinic
EXP-20231219-006,REP-039,2023-12-19,Travel,789,true,true,Bus fare
EXP-20231220-007,REP-039,2023-12-20,Samples,1372,true,true,Product samples drop
EXP-20231224-006,REP-039,2023-12-24,Travel,1008,true,true,Bus fare
EXP-20231231-005,REP-039,2023-12-31,Travel,381,true,true,Auto to clinic
EXP-20240102-004,REP-039,2024-01-02,Travel,253,true,true,Bus fare
EXP-20240111-005,REP-039,2024-01-11,Travel,577,true,true,Fuel reimbursement
EXP-20240112-008,REP-039,2024-01-12,Travel,789,true,true,Cab to hospital
EXP-20240118-004,REP-039,2024-01-18,Travel,1449,true,true,Cab to hospital
EXP-20240119-004,REP-039,2024-01-19,Travel,1043,true,true,Auto to clinic
EXP-20240121-005,REP-039,2024-01-21,Conference,1978,true,true,CME event fees
EXP-20240201-007,REP-039,2024-02-01,Other,1799,true,true,Printing materials
EXP-20240209-007,REP-039,2024-02-09,Lodging,3506,true,true,Hotel stay — field trip
EXP-20240216-010,REP-039,2024-02-16,Samples,329,true,true,Sample packs for HCP
EXP-20240212-002,REP-039,2024-02-12,Food,555,true,false,Working lunch
EXP-20240221-006,REP-039,2024-02-21,Lodging,2765,true,true,Hotel stay — field trip
EXP-20240227-008,REP-039,2024-02-27,Travel,925,true,false,Bus fare
EXP-20240301-007,REP-039,2024-03-01,Samples,1421,true,false,Product samples drop
EXP-20240304-006,REP-039,2024-03-04,Food,130,true,true,Dinner with HCP
EXP-20240316-004,REP-039,2024-03-16,Travel,443,true,true,Auto to clinic
EXP-20240318-007,REP-039,2024-03-18,Samples,595,true,true,Demo kit refill
EXP-20240330-010,REP-039,2024-03-30,Travel,789,true,true,Bus fare
EXP-20240325-004,REP-039,2024-03-25,Travel,740,true,true,Cab to hospital
EXP-20240406-003,REP-039,2024-04-06,Food,772,true,true,Snacks for meeting
EXP-20240409-007,REP-039,2024-04-09,Samples,563,true,true,Product samples drop
EXP-20240417-006,REP-039,2024-04-17,Travel,815,true,true,Fuel reimbursement
EXP-20240421-004,REP-039,2024-04-21,Food,421,true,true,Working lunch
EXP-20240502-006,REP-039,2024-05-02,Lodging,3841,true,true,Lodging — outstation visit
EXP-20240501-007,REP-039,2024-05-01,Travel,1512,true,true,Auto to clinic
EXP-20240509-009,REP-039,2024-05-09,Travel,250,false,true,Cab to hospital
EXP-20240517-006,REP-039,2024-05-17,Food,686,true,true,Team lunch with HCP
EXP-20240522-002,REP-039,2024-05-22,Travel,1483,true,true,Train ticket
EXP-20240525-005,REP-039,2024-05-25,Food,611,true,true,Working lunch
EXP-20240530-003,REP-039,2024-05-30,Mobile,566,false,true,Roaming charges
EXP-20240526-010,REP-039,2024-05-26,Travel,1457,true,false,Train ticket
EXP-20240603-008,REP-039,2024-06-03,Food,546,true,true,Team lunch with HCP
EXP-20240614-010,REP-039,2024-06-14,Food,492,true,true,Dinner with HCP
EXP-20240620-004,REP-039,2024-06-20,Mobile,596,false,false,Internet recharge
EXP-20240619-005,REP-039,2024-06-19,Other,1828,true,true,Misc expense
EXP-20240623-005,REP-039,2024-06-23,Travel,1929,true,true,Bus fare
EXP-20240625-008,REP-039,2024-06-25,Travel,1295,true,true,Bus fare
EXP-20240630-009,REP-039,2024-06-30,Travel,511,true,true,Cab to hospital
EXP-20240713-003,REP-039,2024-07-13,Travel,530,true,true,Fuel reimbursement
EXP-20240718-007,REP-039,2024-07-18,Mobile,550,true,true,Roaming charges
EXP-20240718-008,REP-039,2024-07-18,Samples,510,true,true,Product samples drop
EXP-20240721-005,REP-039,2024-07-21,Samples,202,true,true,Demo kit refill
EXP-20240725-007,REP-039,2024-07-25,Travel,1745,true,true,Fuel reimbursement
EXP-20240803-007,REP-039,2024-08-03,Travel,692,true,true,Cab to hospital
EXP-20240809-003,REP-039,2024-08-09,Travel,1869,true,true,Train ticket
EXP-20240815-008,REP-039,2024-08-15,Lodging,2979,true,true,Guest house — 2 nights
EXP-20240824-006,REP-039,2024-08-24,Lodging,2603,true,true,Lodging — outstation visit
EXP-20240823-006,REP-039,2024-08-23,Food,651,true,true,Team lunch with HCP
EXP-20240826-006,REP-039,2024-08-26,Samples,782,true,true,Demo kit refill
EXP-20240902-005,REP-039,2024-09-02,Mobile,484,true,true,Mobile bill
EXP-20240906-007,REP-039,2024-09-06,Samples,541,false,true,Sample packs for HCP
EXP-20240911-007,REP-039,2024-09-11,Mobile,540,true,true,Internet recharge
EXP-20240911-008,REP-039,2024-09-11,Food,138,true,true,Team lunch with HCP
EXP-20240915-006,REP-039,2024-09-15,Lodging,3134,true,true,Guest house — 2 nights
EXP-20240928-006,REP-039,2024-09-28,Food,599,true,true,Snacks for meeting
EXP-20241001-007,REP-039,2024-10-01,Travel,1480,true,true,Train ticket
EXP-20241002-005,REP-039,2024-10-02,Food,331,false,true,Working lunch
EXP-20241006-008,REP-039,2024-10-06,Travel,1533,true,true,Train ticket
EXP-20241007-009,REP-039,2024-10-07,Food,464,true,true,Coffee meeting
EXP-20241018-007,REP-039,2024-10-18,Food,600,true,true,Team lunch with HCP
EXP-20241023-006,REP-039,2024-10-23,Food,769,true,true,Working lunch
EXP-20241029-004,REP-039,2024-10-29,Travel,1665,false,true,Cab to hospital
EXP-20241105-007,REP-039,2024-11-05,Food,508,false,true,Snacks for meeting
EXP-20241114-010,REP-039,2024-11-14,Mobile,781,true,true,Internet recharge
EXP-20241119-007,REP-039,2024-11-19,Other,1965,true,true,Misc expense
EXP-20241121-004,REP-039,2024-11-21,Travel,205,true,true,Fuel reimbursement
EXP-20241130-005,REP-039,2024-11-30,Food,460,true,true,Team lunch with HCP
EXP-20241207-005,REP-039,2024-12-07,Food,757,true,true,Working lunch
EXP-20241204-007,REP-039,2024-12-04,Lodging,2432,true,true,Guest house — 2 nights
EXP-20241213-005,REP-039,2024-12-13,Travel,494,false,true,Auto to clinic
EXP-20241210-006,REP-039,2024-12-10,Food,233,true,true,Team lunch with HCP
EXP-20241215-004,REP-039,2024-12-15,Travel,1922,true,true,Fuel reimbursement
EXP-20241217-009,REP-039,2024-12-17,Travel,1244,true,true,Bus fare
EXP-20241224-006,REP-039,2024-12-24,Travel,1698,true,true,Train ticket
EXP-20241223-009,REP-039,2024-12-23,Food,329,true,true,Team lunch with HCP
EXP-20241231-002,REP-039,2024-12-31,Travel,1170,true,true,Train ticket
EXP-20241231-003,REP-039,2024-12-31,Conference,4000,true,true,CME event fees
EXP-20250105-006,REP-039,2025-01-05,Travel,598,true,true,Train ticket
EXP-20250106-007,REP-039,2025-01-06,Travel,484,true,false,Fuel reimbursement
EXP-20250116-009,REP-039,2025-01-16,Travel,1693,true,true,Train ticket
EXP-20250113-005,REP-039,2025-01-13,Travel,1003,true,true,Fuel reimbursement
EXP-20250123-005,REP-039,2025-01-23,Food,661,true,true,Coffee meeting
EXP-20250201-006,REP-039,2025-02-01,Food,639,true,true,Working lunch
EXP-20250204-006,REP-039,2025-02-04,Travel,1849,true,true,Auto to clinic
EXP-20250211-003,REP-039,2025-02-11,Travel,1117,true,true,Cab to hospital
EXP-20250209-010,REP-039,2025-02-09,Food,620,true,true,Coffee meeting
EXP-20250222-006,REP-039,2025-02-22,Conference,929,true,true,CME event fees
EXP-20250223-003,REP-039,2025-02-23,Lodging,2786,true,true,Lodging — outstation visit
EXP-20250307-006,REP-039,2025-03-07,Conference,1567,true,true,CME event fees
EXP-20250307-007,REP-039,2025-03-07,Travel,1732,true,true,Fuel reimbursement
EXP-20250312-011,REP-039,2025-03-12,Travel,1807,true,true,Cab to hospital
EXP-20250321-003,REP-039,2025-03-21,Lodging,1558,true,true,Lodging — outstation visit
EXP-20250329-005,REP-039,2025-03-29,Travel,554,true,true,Fuel reimbursement
EXP-20250325-007,REP-039,2025-03-25,Food,467,true,true,Working lunch
EXP-20250330-005,REP-039,2025-03-30,Conference,4008,true,true,CME event fees
EXP-20250408-009,REP-039,2025-04-08,Travel,409,true,true,Bus fare
EXP-20250413-008,REP-039,2025-04-13,Lodging,2892,false,true,Hotel stay — field trip
EXP-20250413-009,REP-039,2025-04-13,Food,501,true,true,Snacks for meeting
EXP-20250420-004,REP-039,2025-04-20,Food,543,true,true,Dinner with HCP
EXP-20250424-005,REP-039,2025-04-24,Travel,312,true,true,Bus fare
EXP-20250502-005,REP-039,2025-05-02,Samples,760,true,true,Product samples drop
EXP-20250503-005,REP-039,2025-05-03,Food,550,true,true,Coffee meeting
EXP-20250508-005,REP-039,2025-05-08,Travel,578,true,true,Fuel reimbursement
EXP-20250510-008,REP-039,2025-05-10,Travel,1690,true,true,Train ticket
EXP-20250516-009,REP-039,2025-05-16,Food,534,true,true,Snacks for meeting
EXP-20250521-007,REP-039,2025-05-21,Lodging,2540,true,true,Hotel stay — field trip
EXP-20250526-008,REP-039,2025-05-26,Food,133,true,true,Snacks for meeting
EXP-20250525-005,REP-039,2025-05-25,Travel,1815,true,true,Cab to hospital
EXP-20250603-011,REP-039,2025-06-03,Travel,432,true,true,Cab to hospital
EXP-20250612-007,REP-039,2025-06-12,Samples,1023,true,true,Demo kit refill
EXP-20250617-004,REP-039,2025-06-17,Food,621,true,true,Dinner with HCP
EXP-20250623-006,REP-039,2025-06-23,Food,735,false,true,Coffee meeting
EXP-20250623-007,REP-039,2025-06-23,Food,295,true,true,Dinner with HCP
EXP-20250705-010,REP-039,2025-07-05,Food,395,false,true,Dinner with HCP
EXP-20250711-004,REP-039,2025-07-11,Food,296,true,true,Working lunch
EXP-20250718-002,REP-039,2025-07-18,Travel,535,false,true,Cab to hospital
EXP-20250720-005,REP-039,2025-07-20,Food,740,true,false,Snacks for meeting
EXP-20250723-005,REP-039,2025-07-23,Travel,1387,true,true,Bus fare
EXP-20250731-004,REP-039,2025-07-31,Conference,1660,false,false,CME event fees
EXP-20250727-005,REP-039,2025-07-27,Lodging,3283,true,true,Lodging — outstation visit
EXP-20250805-003,REP-039,2025-08-05,Lodging,3450,true,true,Hotel stay — field trip
EXP-20250810-004,REP-039,2025-08-10,Travel,1165,true,true,Fuel reimbursement
EXP-20250820-005,REP-039,2025-08-20,Travel,1082,true,true,Train ticket
EXP-20250826-006,REP-039,2025-08-26,Food,502,true,true,Coffee meeting
EXP-20250829-006,REP-039,2025-08-29,Mobile,779,true,true,Roaming charges
EXP-20250904-005,REP-039,2025-09-04,Food,749,true,true,Coffee meeting
EXP-20250905-009,REP-039,2025-09-05,Food,373,true,true,Snacks for meeting
EXP-20250911-005,REP-039,2025-09-11,Samples,509,true,true,Sample packs for HCP
EXP-20250913-003,REP-039,2025-09-13,Samples,1074,true,true,Demo kit refill
EXP-20250916-005,REP-039,2025-09-16,Lodging,2149,true,true,Lodging — outstation visit
EXP-20250919-010,REP-039,2025-09-19,Travel,688,true,true,Train ticket
EXP-20250923-006,REP-039,2025-09-23,Food,210,true,false,Working lunch
EXP-20251004-006,REP-039,2025-10-04,Food,278,true,true,Snacks for meeting
EXP-20251007-007,REP-039,2025-10-07,Travel,260,true,true,Cab to hospital
EXP-20251016-006,REP-039,2025-10-16,Food,439,true,true,Coffee meeting
EXP-20251021-004,REP-039,2025-10-21,Other,1871,true,true,Misc expense
EXP-20251022-007,REP-039,2025-10-22,Mobile,258,true,true,Internet recharge
EXP-20251101-008,REP-039,2025-11-01,Travel,1692,false,true,Bus fare
EXP-20251026-009,REP-039,2025-10-26,Mobile,437,true,true,Mobile bill
EXP-20251103-002,REP-039,2025-11-03,Lodging,3344,true,true,Hotel stay — field trip
EXP-20251113-006,REP-039,2025-11-13,Travel,814,true,true,Auto to clinic
EXP-20251110-004,REP-039,2025-11-10,Travel,655,true,true,Cab to hospital
EXP-20251116-004,REP-039,2025-11-16,Lodging,3491,true,true,Hotel stay — field trip
EXP-20251128-004,REP-039,2025-11-28,Food,289,true,true,Working lunch
EXP-20251124-004,REP-039,2025-11-24,Travel,962,true,true,Fuel reimbursement
EXP-20251130-006,REP-039,2025-11-30,Travel,1625,true,true,Cab to hospital
EXP-20251209-002,REP-039,2025-12-09,Food,617,true,true,Snacks for meeting
EXP-20251211-004,REP-039,2025-12-11,Travel,1720,true,true,Train ticket
EXP-20251215-005,REP-039,2025-12-15,Travel,329,true,true,Auto to clinic
EXP-20251227-003,REP-039,2025-12-27,Other,204,true,true,Printing materials
EXP-20251221-006,REP-039,2025-12-21,Lodging,2033,true,true,Lodging — outstation visit
EXP-20260102-007,REP-039,2026-01-02,Samples,1376,true,true,Sample packs for HCP
EXP-20251228-003,REP-039,2025-12-28,Travel,1339,false,true,Fuel reimbursement
EXP-20260106-007,REP-039,2026-01-06,Mobile,331,true,true,Mobile bill
EXP-20260107-004,REP-039,2026-01-07,Travel,326,true,true,Auto to clinic
EXP-20260113-005,REP-039,2026-01-13,Travel,867,true,true,Train ticket
EXP-20260116-005,REP-039,2026-01-16,Samples,153,true,true,Demo kit refill
EXP-20260118-009,REP-039,2026-01-18,Samples,494,true,true,Sample packs for HCP
EXP-20260127-005,REP-039,2026-01-27,Lodging,1951,true,true,Lodging — outstation visit
EXP-20260130-005,REP-039,2026-01-30,Lodging,3426,false,true,Guest house — 2 nights
EXP-20260207-003,REP-039,2026-02-07,Travel,1806,true,true,Train ticket
EXP-20260210-005,REP-039,2026-02-10,Samples,283,true,false,Sample packs for HCP
EXP-20260214-004,REP-039,2026-02-14,Lodging,4439,true,false,Hotel stay — field trip
EXP-20260221-005,REP-039,2026-02-21,Travel,870,true,true,Bus fare
EXP-20260220-009,REP-039,2026-02-20,Travel,1203,true,true,Fuel reimbursement
EXP-20260222-002,REP-039,2026-02-22,Food,439,true,false,Snacks for meeting
EXP-20260224-006,REP-039,2026-02-24,Conference,3647,true,true,CME event fees
EXP-20260303-004,REP-039,2026-03-03,Travel,1185,true,true,Bus fare
EXP-20260309-005,REP-039,2026-03-09,Travel,1330,true,true,Bus fare
EXP-20260311-002,REP-039,2026-03-11,Food,762,true,true,Snacks for meeting
EXP-20260321-004,REP-039,2026-03-21,Samples,152,true,true,Sample packs for HCP
EXP-20260319-003,REP-039,2026-03-19,Lodging,2674,false,true,Guest house — 2 nights
EXP-20260327-004,REP-039,2026-03-27,Travel,639,false,true,Auto to clinic
EXP-20260329-006,REP-039,2026-03-29,Samples,1008,true,true,Sample packs for HCP
EXP-20230403-004,REP-040,2023-04-03,Lodging,1758,true,true,Hotel stay — field trip
EXP-20230404-005,REP-040,2023-04-04,Food,323,true,true,Team lunch with HCP
EXP-20230411-006,REP-040,2023-04-11,Travel,614,true,true,Bus fare
EXP-20230409-004,REP-040,2023-04-09,Samples,1110,true,true,Sample packs for HCP
EXP-20230417-003,REP-040,2023-04-17,Travel,1501,true,true,Fuel reimbursement
EXP-20230421-003,REP-040,2023-04-21,Food,170,true,true,Dinner with HCP
EXP-20230424-003,REP-040,2023-04-24,Travel,513,true,true,Fuel reimbursement
EXP-20230428-004,REP-040,2023-04-28,Mobile,177,true,true,Roaming charges
EXP-20230505-004,REP-040,2023-05-05,Travel,1160,true,true,Cab to hospital
EXP-20230513-004,REP-040,2023-05-13,Samples,722,true,true,Sample packs for HCP
EXP-20230515-003,REP-040,2023-05-15,Food,789,false,true,Snacks for meeting
EXP-20230520-003,REP-040,2023-05-20,Travel,1844,true,true,Bus fare
EXP-20230529-007,REP-040,2023-05-29,Samples,62,true,true,Sample packs for HCP
EXP-20230604-006,REP-040,2023-06-04,Travel,1609,false,true,Cab to hospital
EXP-20230611-002,REP-040,2023-06-11,Food,763,true,true,Team lunch with HCP
EXP-20230612-005,REP-040,2023-06-12,Food,781,true,true,Coffee meeting
EXP-20230616-005,REP-040,2023-06-16,Travel,1916,true,true,Auto to clinic
EXP-20230626-006,REP-040,2023-06-26,Lodging,2818,true,true,Guest house — 2 nights
EXP-20230701-007,REP-040,2023-07-01,Lodging,2892,true,true,Lodging — outstation visit
EXP-20230705-002,REP-040,2023-07-05,Mobile,646,true,false,Mobile bill
EXP-20230711-006,REP-040,2023-07-11,Travel,980,true,true,Bus fare
EXP-20230708-003,REP-040,2023-07-08,Mobile,314,false,true,Roaming charges
EXP-20230715-004,REP-040,2023-07-15,Samples,82,true,true,Product samples drop
EXP-20230716-005,REP-040,2023-07-16,Travel,1099,true,true,Cab to hospital
EXP-20230721-001,REP-040,2023-07-21,Lodging,2390,true,true,Lodging — outstation visit
EXP-20230802-004,REP-040,2023-08-02,Food,171,true,true,Coffee meeting
EXP-20230805-009,REP-040,2023-08-05,Food,348,true,true,Snacks for meeting
EXP-20230807-006,REP-040,2023-08-07,Food,700,true,true,Team lunch with HCP
EXP-20230812-007,REP-040,2023-08-12,Food,546,true,true,Dinner with HCP
EXP-20230811-003,REP-040,2023-08-11,Lodging,3965,true,true,Lodging — outstation visit
EXP-20230821-005,REP-040,2023-08-21,Food,215,true,true,Working lunch
EXP-20230826-004,REP-040,2023-08-26,Travel,1543,true,true,Auto to clinic
EXP-20230902-006,REP-040,2023-09-02,Food,271,true,true,Dinner with HCP
EXP-20230903-005,REP-040,2023-09-03,Travel,755,true,true,Auto to clinic
EXP-20230911-008,REP-040,2023-09-11,Travel,1188,true,true,Fuel reimbursement
EXP-20230921-005,REP-040,2023-09-21,Samples,112,true,true,Demo kit refill
EXP-20230919-009,REP-040,2023-09-19,Travel,428,true,true,Auto to clinic
EXP-20230924-003,REP-040,2023-09-24,Food,624,false,true,Snacks for meeting
EXP-20230924-004,REP-040,2023-09-24,Travel,1999,true,true,Cab to hospital
EXP-20231005-006,REP-040,2023-10-05,Food,650,true,true,Team lunch with HCP
EXP-20231004-005,REP-040,2023-10-04,Samples,883,true,true,Product samples drop
EXP-20231012-005,REP-040,2023-10-12,Samples,1406,true,true,Demo kit refill
EXP-20231006-005,REP-040,2023-10-06,Lodging,2750,true,true,Guest house — 2 nights
EXP-20231014-009,REP-040,2023-10-14,Food,535,true,true,Snacks for meeting
EXP-20231016-004,REP-040,2023-10-16,Lodging,3844,true,true,Guest house — 2 nights
EXP-20231023-005,REP-040,2023-10-23,Travel,1436,true,true,Train ticket
EXP-20231023-006,REP-040,2023-10-23,Food,206,true,true,Working lunch
EXP-20231101-006,REP-040,2023-11-01,Travel,1892,true,true,Cab to hospital
EXP-20231107-004,REP-040,2023-11-07,Travel,381,true,true,Train ticket
EXP-20231112-007,REP-040,2023-11-12,Food,175,true,true,Snacks for meeting
EXP-20231120-005,REP-040,2023-11-20,Lodging,3410,true,true,Hotel stay — field trip
EXP-20231130-010,REP-040,2023-11-30,Travel,1377,true,true,Auto to clinic
EXP-20231130-011,REP-040,2023-11-30,Food,137,true,true,Dinner with HCP
EXP-20231205-004,REP-040,2023-12-05,Travel,1017,true,true,Auto to clinic
EXP-20231201-004,REP-040,2023-12-01,Food,318,true,true,Team lunch with HCP
EXP-20231210-004,REP-040,2023-12-10,Samples,334,true,true,Demo kit refill
EXP-20231218-004,REP-040,2023-12-18,Food,219,true,true,Working lunch
EXP-20231216-008,REP-040,2023-12-16,Conference,4696,true,true,Conference registration
EXP-20231222-004,REP-040,2023-12-22,Lodging,2761,true,true,Guest house — 2 nights
EXP-20231230-008,REP-040,2023-12-30,Travel,1489,true,true,Train ticket
EXP-20240101-008,REP-040,2024-01-01,Lodging,3527,true,true,Hotel stay — field trip
EXP-20240107-005,REP-040,2024-01-07,Food,283,true,true,Team lunch with HCP
EXP-20240109-009,REP-040,2024-01-09,Food,598,true,true,Coffee meeting
EXP-20240116-008,REP-040,2024-01-16,Food,357,true,true,Snacks for meeting
EXP-20240119-005,REP-040,2024-01-19,Travel,1861,true,true,Train ticket
EXP-20240120-008,REP-040,2024-01-20,Travel,1415,true,true,Cab to hospital
EXP-20240127-004,REP-040,2024-01-27,Travel,1350,true,true,Bus fare
EXP-20240130-008,REP-040,2024-01-30,Food,350,true,true,Team lunch with HCP
EXP-20240205-003,REP-040,2024-02-05,Samples,370,true,true,Demo kit refill
EXP-20240207-003,REP-040,2024-02-07,Travel,976,true,true,Cab to hospital
EXP-20240210-006,REP-040,2024-02-10,Lodging,1724,true,true,Guest house — 2 nights
EXP-20240218-009,REP-040,2024-02-18,Lodging,3701,true,true,Hotel stay — field trip
EXP-20240222-007,REP-040,2024-02-22,Food,174,true,true,Team lunch with HCP
EXP-20240228-003,REP-040,2024-02-28,Lodging,2314,true,true,Guest house — 2 nights
EXP-20240302-005,REP-040,2024-03-02,Food,720,true,true,Coffee meeting
EXP-20240309-006,REP-040,2024-03-09,Lodging,2242,true,true,Guest house — 2 nights
EXP-20240311-005,REP-040,2024-03-11,Travel,655,true,true,Auto to clinic
EXP-20240319-003,REP-040,2024-03-19,Food,772,false,true,Team lunch with HCP
EXP-20240322-004,REP-040,2024-03-22,Travel,1986,true,true,Cab to hospital
EXP-20240402-006,REP-040,2024-04-02,Food,355,true,true,Snacks for meeting
EXP-20240411-002,REP-040,2024-04-11,Travel,1597,true,true,Auto to clinic
EXP-20240408-004,REP-040,2024-04-08,Lodging,1940,true,true,Hotel stay — field trip
EXP-20240412-006,REP-040,2024-04-12,Mobile,448,true,true,Roaming charges
EXP-20240425-006,REP-040,2024-04-25,Food,379,true,false,Dinner with HCP
EXP-20240425-007,REP-040,2024-04-25,Travel,456,true,true,Bus fare
EXP-20240429-005,REP-040,2024-04-29,Travel,236,false,true,Cab to hospital
EXP-20240426-004,REP-040,2024-04-26,Lodging,3740,true,true,Guest house — 2 nights
EXP-20240505-003,REP-040,2024-05-05,Travel,1939,true,true,Fuel reimbursement
EXP-20240516-005,REP-040,2024-05-16,Lodging,3966,true,true,Guest house — 2 nights
EXP-20240511-005,REP-040,2024-05-11,Food,410,true,true,Coffee meeting
EXP-20240519-004,REP-040,2024-05-19,Food,471,true,true,Working lunch
EXP-20240527-006,REP-040,2024-05-27,Lodging,3998,true,true,Hotel stay — field trip
EXP-20240603-009,REP-040,2024-06-03,Lodging,1521,true,true,Guest house — 2 nights
EXP-20240612-007,REP-040,2024-06-12,Samples,1458,true,false,Product samples drop
EXP-20240615-003,REP-040,2024-06-15,Travel,448,true,true,Train ticket
EXP-20240616-007,REP-040,2024-06-16,Lodging,2243,true,true,Lodging — outstation visit
EXP-20240621-004,REP-040,2024-06-21,Other,1386,true,true,Printing materials
EXP-20240627-008,REP-040,2024-06-27,Travel,251,true,true,Bus fare
EXP-20240630-010,REP-040,2024-06-30,Mobile,255,true,true,Mobile bill
EXP-20240708-006,REP-040,2024-07-08,Samples,289,true,true,Sample packs for HCP
EXP-20240714-005,REP-040,2024-07-14,Food,403,true,false,Coffee meeting
EXP-20240719-009,REP-040,2024-07-19,Samples,471,true,true,Sample packs for HCP
EXP-20240721-006,REP-040,2024-07-21,Conference,1740,true,true,Doctor meet sponsorship
EXP-20240727-005,REP-040,2024-07-27,Lodging,3822,true,true,Guest house — 2 nights
EXP-20240729-004,REP-040,2024-07-29,Food,442,true,true,Team lunch with HCP
EXP-20240807-004,REP-040,2024-08-07,Travel,424,true,true,Fuel reimbursement
EXP-20240811-007,REP-040,2024-08-11,Travel,892,true,true,Fuel reimbursement
EXP-20240812-007,REP-040,2024-08-12,Lodging,2004,true,true,Lodging — outstation visit
EXP-20240820-003,REP-040,2024-08-20,Conference,4490,true,true,CME event fees
EXP-20240816-008,REP-040,2024-08-16,Travel,706,true,true,Train ticket
EXP-20240823-007,REP-040,2024-08-23,Travel,481,true,true,Bus fare
EXP-20240831-006,REP-040,2024-08-31,Conference,2921,true,true,Conference registration
EXP-20240903-009,REP-040,2024-09-03,Food,616,true,true,Team lunch with HCP
EXP-20240911-009,REP-040,2024-09-11,Lodging,2541,true,true,Lodging — outstation visit
EXP-20240915-007,REP-040,2024-09-15,Travel,1759,true,true,Bus fare
EXP-20240920-005,REP-040,2024-09-20,Food,469,false,true,Dinner with HCP
EXP-20240925-005,REP-040,2024-09-25,Food,296,true,true,Team lunch with HCP
EXP-20240927-002,REP-040,2024-09-27,Mobile,713,true,false,Mobile bill
EXP-20241004-002,REP-040,2024-10-04,Food,222,true,true,Dinner with HCP
EXP-20241009-005,REP-040,2024-10-09,Lodging,3775,true,true,Guest house — 2 nights
EXP-20241014-007,REP-040,2024-10-14,Lodging,1886,true,true,Hotel stay — field trip
EXP-20241014-008,REP-040,2024-10-14,Food,634,true,true,Dinner with HCP
EXP-20241020-008,REP-040,2024-10-20,Travel,487,false,true,Bus fare
EXP-20241018-008,REP-040,2024-10-18,Food,765,true,true,Team lunch with HCP
EXP-20241028-005,REP-040,2024-10-28,Lodging,3105,true,true,Hotel stay — field trip
EXP-20241029-005,REP-040,2024-10-29,Food,115,false,true,Coffee meeting
EXP-20241101-006,REP-040,2024-11-01,Travel,378,false,true,Bus fare
EXP-20241111-005,REP-040,2024-11-11,Food,331,true,true,Working lunch
EXP-20241118-005,REP-040,2024-11-18,Food,295,true,true,Dinner with HCP
EXP-20241116-005,REP-040,2024-11-16,Samples,1325,true,true,Product samples drop
EXP-20241122-006,REP-040,2024-11-22,Mobile,656,true,true,Roaming charges
EXP-20241129-005,REP-040,2024-11-29,Mobile,316,true,true,Roaming charges
EXP-20241209-008,REP-040,2024-12-09,Travel,1235,true,true,Bus fare
EXP-20241215-005,REP-040,2024-12-15,Travel,1654,false,true,Auto to clinic
EXP-20241213-006,REP-040,2024-12-13,Food,734,true,true,Dinner with HCP
EXP-20241222-003,REP-040,2024-12-22,Samples,665,true,true,Demo kit refill
EXP-20241224-007,REP-040,2024-12-24,Lodging,2733,true,true,Guest house — 2 nights
EXP-20241230-011,REP-040,2024-12-30,Food,492,true,false,Working lunch
EXP-20241230-012,REP-040,2024-12-30,Food,780,true,true,Dinner with HCP
EXP-20250103-007,REP-040,2025-01-03,Travel,845,true,true,Train ticket
EXP-20250105-007,REP-040,2025-01-05,Food,702,true,true,Coffee meeting
EXP-20250116-010,REP-040,2025-01-16,Samples,1387,true,true,Sample packs for HCP
EXP-20250117-004,REP-040,2025-01-17,Travel,494,true,true,Auto to clinic
EXP-20250120-006,REP-040,2025-01-20,Samples,1298,true,false,Demo kit refill
EXP-20250128-007,REP-040,2025-01-28,Travel,1246,true,true,Fuel reimbursement
EXP-20250206-005,REP-040,2025-02-06,Mobile,752,true,true,Internet recharge
EXP-20250203-006,REP-040,2025-02-03,Travel,1289,true,true,Train ticket
EXP-20250211-004,REP-040,2025-02-11,Mobile,694,true,true,Mobile bill
EXP-20250208-011,REP-040,2025-02-08,Food,198,true,true,Working lunch
EXP-20250219-009,REP-040,2025-02-19,Food,408,true,true,Team lunch with HCP
EXP-20250215-003,REP-040,2025-02-15,Samples,217,true,true,Sample packs for HCP
EXP-20250224-005,REP-040,2025-02-24,Lodging,2100,true,true,Hotel stay — field trip
EXP-20250303-004,REP-040,2025-03-03,Travel,209,false,true,Auto to clinic
EXP-20250308-006,REP-040,2025-03-08,Travel,1828,true,true,Bus fare
EXP-20250311-005,REP-040,2025-03-11,Samples,604,true,true,Product samples drop
EXP-20250315-007,REP-040,2025-03-15,Travel,368,true,true,Bus fare
EXP-20250316-008,REP-040,2025-03-16,Samples,1322,true,true,Demo kit refill
EXP-20250325-008,REP-040,2025-03-25,Lodging,2036,false,true,Lodging — outstation visit
EXP-20250322-010,REP-040,2025-03-22,Travel,1738,true,true,Bus fare
EXP-20250330-006,REP-040,2025-03-30,Samples,331,true,true,Demo kit refill
EXP-20250410-007,REP-040,2025-04-10,Lodging,2796,false,true,Hotel stay — field trip
EXP-20250406-008,REP-040,2025-04-06,Travel,1487,true,true,Fuel reimbursement
EXP-20250416-004,REP-040,2025-04-16,Food,467,true,true,Snacks for meeting
EXP-20250420-005,REP-040,2025-04-20,Travel,1458,true,true,Train ticket
EXP-20250420-006,REP-040,2025-04-20,Lodging,1693,true,true,Lodging — outstation visit
EXP-20250428-002,REP-040,2025-04-28,Travel,653,true,false,Auto to clinic
EXP-20250505-007,REP-040,2025-05-05,Mobile,725,true,true,Roaming charges
EXP-20250510-009,REP-040,2025-05-10,Food,785,true,true,Snacks for meeting
EXP-20250516-010,REP-040,2025-05-16,Lodging,3455,true,true,Hotel stay — field trip
EXP-20250529-004,REP-040,2025-05-29,Travel,1348,true,true,Auto to clinic
EXP-20250604-006,REP-040,2025-06-04,Food,497,true,true,Snacks for meeting
EXP-20250606-007,REP-040,2025-06-06,Travel,1986,true,true,Auto to clinic
EXP-20250616-005,REP-040,2025-06-16,Travel,1157,true,true,Cab to hospital
EXP-20250614-004,REP-040,2025-06-14,Travel,1531,true,true,Auto to clinic
EXP-20250620-002,REP-040,2025-06-20,Food,296,true,true,Coffee meeting
EXP-20250626-003,REP-040,2025-06-26,Food,221,true,false,Team lunch with HCP
EXP-20250701-005,REP-040,2025-07-01,Lodging,3251,true,true,Hotel stay — field trip
EXP-20250701-006,REP-040,2025-07-01,Lodging,3950,true,true,Hotel stay — field trip
EXP-20250710-005,REP-040,2025-07-10,Travel,1427,true,true,Cab to hospital
EXP-20250714-004,REP-040,2025-07-14,Travel,793,false,true,Bus fare
EXP-20250713-004,REP-040,2025-07-13,Travel,1636,true,true,Train ticket
EXP-20250720-006,REP-040,2025-07-20,Lodging,1584,true,true,Guest house — 2 nights
EXP-20250725-006,REP-040,2025-07-25,Travel,1833,false,true,Auto to clinic
EXP-20250725-007,REP-040,2025-07-25,Travel,1676,true,true,Cab to hospital
EXP-20250802-007,REP-040,2025-08-02,Lodging,2663,true,true,Lodging — outstation visit
EXP-20250805-004,REP-040,2025-08-05,Samples,233,true,false,Demo kit refill
EXP-20250813-005,REP-040,2025-08-13,Travel,554,true,true,Bus fare
EXP-20250813-006,REP-040,2025-08-13,Food,777,true,false,Coffee meeting
EXP-20250820-006,REP-040,2025-08-20,Food,340,true,true,Team lunch with HCP
EXP-20250823-007,REP-040,2025-08-23,Food,227,false,true,Coffee meeting
EXP-20250902-001,REP-040,2025-09-02,Travel,946,true,true,Fuel reimbursement
EXP-20250831-001,REP-040,2025-08-31,Mobile,681,true,true,Mobile bill
EXP-20250910-009,REP-040,2025-09-10,Food,214,true,true,Working lunch
EXP-20250918-005,REP-040,2025-09-18,Travel,563,true,true,Bus fare
EXP-20250920-006,REP-040,2025-09-20,Other,806,false,true,Misc expense
EXP-20251001-004,REP-040,2025-10-01,Food,296,false,true,Dinner with HCP
EXP-20251007-008,REP-040,2025-10-07,Travel,1894,true,true,Fuel reimbursement
EXP-20251012-005,REP-040,2025-10-12,Lodging,2536,true,true,Hotel stay — field trip
EXP-20251018-005,REP-040,2025-10-18,Food,188,true,true,Working lunch
EXP-20251021-005,REP-040,2025-10-21,Travel,383,true,true,Cab to hospital
EXP-20251029-005,REP-040,2025-10-29,Food,540,true,true,Snacks for meeting
EXP-20251103-003,REP-040,2025-11-03,Lodging,3140,true,true,Hotel stay — field trip
EXP-20251031-006,REP-040,2025-10-31,Travel,486,true,true,Fuel reimbursement
EXP-20251107-008,REP-040,2025-11-07,Lodging,3109,true,true,Hotel stay — field trip
EXP-20251118-003,REP-040,2025-11-18,Samples,1217,true,true,Product samples drop
EXP-20251127-004,REP-040,2025-11-27,Food,194,true,true,Coffee meeting
EXP-20251123-005,REP-040,2025-11-23,Travel,1487,true,true,Fuel reimbursement
EXP-20251204-006,REP-040,2025-12-04,Travel,1907,true,true,Train ticket
EXP-20251208-009,REP-040,2025-12-08,Food,609,true,true,Team lunch with HCP
EXP-20251217-003,REP-040,2025-12-17,Travel,1322,true,true,Cab to hospital
EXP-20251222-007,REP-040,2025-12-22,Lodging,2190,true,true,Guest house — 2 nights
EXP-20251231-006,REP-040,2025-12-31,Travel,528,true,true,Bus fare
EXP-20260105-004,REP-040,2026-01-05,Conference,1155,true,true,Doctor meet sponsorship
EXP-20260104-005,REP-040,2026-01-04,Lodging,3036,true,true,Guest house — 2 nights
EXP-20260110-006,REP-040,2026-01-10,Food,279,true,true,Coffee meeting
EXP-20260116-006,REP-040,2026-01-16,Food,371,true,true,Snacks for meeting
EXP-20260123-003,REP-040,2026-01-23,Lodging,3879,true,true,Hotel stay — field trip
EXP-20260124-006,REP-040,2026-01-24,Travel,667,true,true,Bus fare
EXP-20260131-004,REP-040,2026-01-31,Food,678,true,true,Working lunch
EXP-20260204-005,REP-040,2026-02-04,Travel,1457,true,true,Fuel reimbursement
EXP-20260208-004,REP-040,2026-02-08,Lodging,1891,true,true,Guest house — 2 nights
EXP-20260214-005,REP-040,2026-02-14,Lodging,3347,true,true,Lodging — outstation visit
EXP-20260222-003,REP-040,2026-02-22,Food,166,false,true,Dinner with HCP
EXP-20260223-006,REP-040,2026-02-23,Conference,2915,true,true,Doctor meet sponsorship
EXP-20260301-006,REP-040,2026-03-01,Travel,718,true,true,Auto to clinic
EXP-20260307-005,REP-040,2026-03-07,Mobile,649,true,true,Mobile bill
EXP-20260316-007,REP-040,2026-03-16,Mobile,489,false,true,Internet recharge
EXP-20260324-007,REP-040,2026-03-24,Food,390,true,true,Dinner with HCP
EXP-20260321-005,REP-040,2026-03-21,Food,443,true,false,Coffee meeting
EXP-20260330-006,REP-040,2026-03-30,Food,703,true,true,Working lunch
EXP-20230910-008,REP-041,2023-09-10,Lodging,1969,true,true,Lodging — outstation visit
EXP-20230912-005,REP-041,2023-09-12,Samples,1412,true,true,Demo kit refill
EXP-20230915-003,REP-041,2023-09-15,Lodging,1556,true,true,Guest house — 2 nights
EXP-20230917-003,REP-041,2023-09-17,Lodging,1660,true,true,Guest house — 2 nights
EXP-20230924-005,REP-041,2023-09-24,Lodging,2413,true,true,Lodging — outstation visit
EXP-20230930-005,REP-041,2023-09-30,Travel,851,false,true,Auto to clinic
EXP-20230927-004,REP-041,2023-09-27,Food,773,true,true,Working lunch
EXP-20231009-003,REP-041,2023-10-09,Lodging,3632,true,true,Guest house — 2 nights
EXP-20231013-008,REP-041,2023-10-13,Food,324,true,true,Team lunch with HCP
EXP-20231024-005,REP-041,2023-10-24,Travel,1906,false,false,Cab to hospital
EXP-20231028-008,REP-041,2023-10-28,Mobile,198,true,true,Roaming charges
EXP-20231026-008,REP-041,2023-10-26,Samples,1348,false,true,Demo kit refill
EXP-20231103-004,REP-041,2023-11-03,Food,355,true,true,Working lunch
EXP-20231102-006,REP-041,2023-11-02,Travel,643,true,true,Cab to hospital
EXP-20231111-004,REP-041,2023-11-11,Travel,1665,true,true,Train ticket
EXP-20231117-007,REP-041,2023-11-17,Travel,552,true,true,Auto to clinic
EXP-20231122-005,REP-041,2023-11-22,Food,536,true,true,Working lunch
EXP-20231123-004,REP-041,2023-11-23,Travel,1724,false,true,Auto to clinic
EXP-20231203-005,REP-041,2023-12-03,Food,298,true,true,Team lunch with HCP
EXP-20231207-009,REP-041,2023-12-07,Mobile,236,true,true,Roaming charges
EXP-20231215-011,REP-041,2023-12-15,Travel,619,true,true,Bus fare
EXP-20231214-006,REP-041,2023-12-14,Travel,437,true,true,Train ticket
EXP-20231225-010,REP-041,2023-12-25,Food,419,true,true,Snacks for meeting
EXP-20231227-003,REP-041,2023-12-27,Conference,2380,true,true,CME event fees
EXP-20231227-004,REP-041,2023-12-27,Food,163,false,true,Team lunch with HCP
EXP-20240109-010,REP-041,2024-01-09,Lodging,3146,true,true,Lodging — outstation visit
EXP-20240115-005,REP-041,2024-01-15,Lodging,2651,true,true,Hotel stay — field trip
EXP-20240114-006,REP-041,2024-01-14,Food,778,false,true,Snacks for meeting
EXP-20240123-004,REP-041,2024-01-23,Food,654,true,true,Dinner with HCP
EXP-20240120-009,REP-041,2024-01-20,Mobile,205,false,true,Internet recharge
EXP-20240128-005,REP-041,2024-01-28,Travel,1819,true,true,Train ticket
EXP-20240202-009,REP-041,2024-02-02,Travel,378,true,true,Fuel reimbursement
EXP-20240203-004,REP-041,2024-02-03,Food,285,true,true,Snacks for meeting
EXP-20240213-003,REP-041,2024-02-13,Food,618,true,true,Working lunch
EXP-20240215-005,REP-041,2024-02-15,Food,542,true,true,Team lunch with HCP
EXP-20240227-009,REP-041,2024-02-27,Travel,527,true,true,Bus fare
EXP-20240301-008,REP-041,2024-03-01,Travel,838,true,false,Auto to clinic
EXP-20240307-007,REP-041,2024-03-07,Samples,434,true,true,Product samples drop
EXP-20240309-007,REP-041,2024-03-09,Lodging,1734,true,true,Lodging — outstation visit
EXP-20240313-004,REP-041,2024-03-13,Food,136,true,true,Coffee meeting
EXP-20240325-005,REP-041,2024-03-25,Samples,1130,true,true,Product samples drop
EXP-20240320-006,REP-041,2024-03-20,Food,274,true,true,Dinner with HCP
EXP-20240402-007,REP-041,2024-04-02,Food,189,true,true,Working lunch
EXP-20240402-008,REP-041,2024-04-02,Food,295,true,true,Team lunch with HCP
EXP-20240406-004,REP-041,2024-04-06,Lodging,3995,true,true,Lodging — outstation visit
EXP-20240407-008,REP-041,2024-04-07,Lodging,2550,true,true,Guest house — 2 nights
EXP-20240414-005,REP-041,2024-04-14,Conference,1780,true,true,Conference registration
EXP-20240416-007,REP-041,2024-04-16,Travel,1047,true,true,Bus fare
EXP-20240423-005,REP-041,2024-04-23,Travel,983,true,true,Auto to clinic
EXP-20240429-006,REP-041,2024-04-29,Mobile,683,true,true,Internet recharge
EXP-20240426-005,REP-041,2024-04-26,Travel,885,true,false,Auto to clinic
EXP-20240505-004,REP-041,2024-05-05,Travel,986,true,true,Auto to clinic
EXP-20240508-004,REP-041,2024-05-08,Food,421,true,true,Snacks for meeting
EXP-20240515-007,REP-041,2024-05-15,Travel,1262,false,true,Bus fare
EXP-20240525-006,REP-041,2024-05-25,Travel,1048,true,true,Bus fare
EXP-20240523-006,REP-041,2024-05-23,Lodging,3852,true,true,Guest house — 2 nights
EXP-20240601-004,REP-041,2024-06-01,Conference,948,true,true,Conference registration
EXP-20240603-010,REP-041,2024-06-03,Lodging,1656,false,true,Lodging — outstation visit
EXP-20240611-003,REP-041,2024-06-11,Food,213,true,true,Coffee meeting
EXP-20240610-007,REP-041,2024-06-10,Travel,1579,true,true,Cab to hospital
EXP-20240616-008,REP-041,2024-06-16,Travel,527,true,true,Auto to clinic
EXP-20240613-004,REP-041,2024-06-13,Travel,1811,true,true,Bus fare
EXP-20240625-009,REP-041,2024-06-25,Food,560,true,true,Snacks for meeting
EXP-20240629-009,REP-041,2024-06-29,Food,421,true,true,Coffee meeting
EXP-20240626-004,REP-041,2024-06-26,Food,799,true,true,Working lunch
EXP-20240707-005,REP-041,2024-07-07,Food,613,true,true,Snacks for meeting
EXP-20240712-004,REP-041,2024-07-12,Travel,1196,true,true,Train ticket
EXP-20240712-005,REP-041,2024-07-12,Lodging,3513,true,true,Lodging — outstation visit
EXP-20240722-005,REP-041,2024-07-22,Lodging,2277,true,true,Lodging — outstation visit
EXP-20240719-010,REP-041,2024-07-19,Food,323,true,true,Dinner with HCP
EXP-20240724-004,REP-041,2024-07-24,Samples,607,true,true,Product samples drop
EXP-20240804-007,REP-041,2024-08-04,Other,541,true,true,Misc expense
EXP-20240803-008,REP-041,2024-08-03,Food,623,true,true,Team lunch with HCP
EXP-20240810-007,REP-041,2024-08-10,Travel,1096,true,true,Bus fare
EXP-20240814-006,REP-041,2024-08-14,Lodging,2379,true,true,Lodging — outstation visit
EXP-20240823-008,REP-041,2024-08-23,Travel,1128,true,true,Auto to clinic
EXP-20240831-007,REP-041,2024-08-31,Travel,537,true,true,Cab to hospital
EXP-20240828-007,REP-041,2024-08-28,Mobile,345,true,true,Internet recharge
EXP-20240904-006,REP-041,2024-09-04,Conference,4741,true,true,Conference registration
EXP-20240909-006,REP-041,2024-09-09,Travel,259,true,false,Cab to hospital
EXP-20240915-008,REP-041,2024-09-15,Mobile,398,true,true,Mobile bill
EXP-20240911-010,REP-041,2024-09-11,Food,139,true,true,Team lunch with HCP
EXP-20240920-006,REP-041,2024-09-20,Travel,945,true,false,Cab to hospital
EXP-20240919-004,REP-041,2024-09-19,Conference,4014,true,true,CME event fees
EXP-20240928-007,REP-041,2024-09-28,Lodging,3845,true,true,Lodging — outstation visit
EXP-20241006-009,REP-041,2024-10-06,Travel,541,true,true,Bus fare
EXP-20241009-006,REP-041,2024-10-09,Food,515,true,true,Coffee meeting
EXP-20241011-004,REP-041,2024-10-11,Travel,1741,true,true,Auto to clinic
EXP-20241021-005,REP-041,2024-10-21,Travel,1708,false,true,Fuel reimbursement
EXP-20241020-009,REP-041,2024-10-20,Travel,251,true,true,Fuel reimbursement
EXP-20241028-006,REP-041,2024-10-28,Mobile,581,true,true,Internet recharge
EXP-20241026-006,REP-041,2024-10-26,Food,465,true,true,Snacks for meeting
EXP-20241101-007,REP-041,2024-11-01,Travel,594,true,true,Auto to clinic
EXP-20241103-004,REP-041,2024-11-03,Food,441,true,true,Dinner with HCP
EXP-20241107-007,REP-041,2024-11-07,Travel,494,true,true,Fuel reimbursement
EXP-20241119-008,REP-041,2024-11-19,Travel,1518,true,true,Auto to clinic
EXP-20241114-011,REP-041,2024-11-14,Food,120,true,true,Team lunch with HCP
EXP-20241126-006,REP-041,2024-11-26,Food,551,true,true,Working lunch
EXP-20241129-006,REP-041,2024-11-29,Lodging,3781,true,true,Guest house — 2 nights
EXP-20241129-007,REP-041,2024-11-29,Travel,670,true,true,Cab to hospital
EXP-20241208-003,REP-041,2024-12-08,Lodging,2957,true,true,Guest house — 2 nights
EXP-20241206-005,REP-041,2024-12-06,Lodging,3023,true,true,Lodging — outstation visit
EXP-20241211-007,REP-041,2024-12-11,Samples,112,true,true,Sample packs for HCP
EXP-20241216-007,REP-041,2024-12-16,Food,285,true,true,Working lunch
EXP-20241223-010,REP-041,2024-12-23,Travel,687,false,true,Auto to clinic
EXP-20241219-009,REP-041,2024-12-19,Travel,475,true,true,Fuel reimbursement
EXP-20241229-007,REP-041,2024-12-29,Food,372,true,true,Team lunch with HCP
EXP-20241225-005,REP-041,2024-12-25,Food,784,true,true,Snacks for meeting
EXP-20250103-008,REP-041,2025-01-03,Lodging,2150,true,true,Guest house — 2 nights
EXP-20250105-008,REP-041,2025-01-05,Lodging,2922,true,true,Guest house — 2 nights
EXP-20250111-001,REP-041,2025-01-11,Mobile,685,true,true,Internet recharge
EXP-20250113-006,REP-041,2025-01-13,Lodging,2047,true,true,Guest house — 2 nights
EXP-20250119-007,REP-041,2025-01-19,Lodging,3443,true,true,Lodging — outstation visit
EXP-20250117-005,REP-041,2025-01-17,Lodging,3877,true,true,Guest house — 2 nights
EXP-20250124-002,REP-041,2025-01-24,Travel,481,true,true,Cab to hospital
EXP-20250125-006,REP-041,2025-01-25,Samples,245,true,true,Product samples drop
EXP-20250202-006,REP-041,2025-02-02,Travel,738,true,true,Bus fare
EXP-20250202-007,REP-041,2025-02-02,Food,131,true,true,Team lunch with HCP
EXP-20250207-003,REP-041,2025-02-07,Travel,1947,true,true,Train ticket
EXP-20250212-006,REP-041,2025-02-12,Travel,1635,true,true,Auto to clinic
EXP-20250222-007,REP-041,2025-02-22,Travel,1165,true,true,Auto to clinic
EXP-20250219-010,REP-041,2025-02-19,Travel,841,true,true,Fuel reimbursement
EXP-20250228-003,REP-041,2025-02-28,Travel,1236,true,true,Fuel reimbursement
EXP-20250306-005,REP-041,2025-03-06,Travel,1473,true,true,Train ticket
EXP-20250316-009,REP-041,2025-03-16,Food,498,true,true,Working lunch
EXP-20250317-007,REP-041,2025-03-17,Travel,479,true,true,Fuel reimbursement
EXP-20250319-003,REP-041,2025-03-19,Food,165,true,true,Snacks for meeting
EXP-20250319-004,REP-041,2025-03-19,Travel,284,true,true,Auto to clinic
EXP-20250330-007,REP-041,2025-03-30,Samples,65,true,true,Product samples drop
EXP-20250407-005,REP-041,2025-04-07,Lodging,1558,true,true,Lodging — outstation visit
EXP-20250406-009,REP-041,2025-04-06,Travel,987,true,true,Fuel reimbursement
EXP-20250410-008,REP-041,2025-04-10,Travel,1150,true,true,Auto to clinic
EXP-20250419-006,REP-041,2025-04-19,Food,142,true,true,Coffee meeting
EXP-20250418-004,REP-041,2025-04-18,Samples,1124,true,true,Demo kit refill
EXP-20250428-003,REP-041,2025-04-28,Conference,970,true,true,Doctor meet sponsorship
EXP-20250428-004,REP-041,2025-04-28,Travel,1743,true,true,Auto to clinic
EXP-20250506-009,REP-041,2025-05-06,Food,457,true,true,Dinner with HCP
EXP-20250502-006,REP-041,2025-05-02,Lodging,3108,false,true,Hotel stay — field trip
EXP-20250508-006,REP-041,2025-05-08,Travel,582,true,true,Train ticket
EXP-20250513-003,REP-041,2025-05-13,Lodging,2885,true,true,Lodging — outstation visit
EXP-20250516-011,REP-041,2025-05-16,Travel,343,true,true,Bus fare
EXP-20250517-006,REP-041,2025-05-17,Food,682,true,true,Dinner with HCP
EXP-20250523-009,REP-041,2025-05-23,Conference,3464,true,true,Doctor meet sponsorship
EXP-20250529-005,REP-041,2025-05-29,Travel,231,true,true,Fuel reimbursement
EXP-20250607-009,REP-041,2025-06-07,Travel,621,true,true,Auto to clinic
EXP-20250607-010,REP-041,2025-06-07,Food,211,true,true,Team lunch with HCP
EXP-20250617-005,REP-041,2025-06-17,Travel,343,true,true,Bus fare
EXP-20250617-006,REP-041,2025-06-17,Food,754,true,true,Team lunch with HCP
EXP-20250618-006,REP-041,2025-06-18,Travel,1238,true,true,Cab to hospital
EXP-20250620-003,REP-041,2025-06-20,Lodging,2409,true,true,Guest house — 2 nights
EXP-20250701-007,REP-041,2025-07-01,Travel,1693,true,true,Train ticket
EXP-20250702-004,REP-041,2025-07-02,Travel,906,false,true,Auto to clinic
EXP-20250713-005,REP-041,2025-07-13,Travel,1018,true,true,Cab to hospital
EXP-20250715-007,REP-041,2025-07-15,Travel,1699,true,true,Cab to hospital
EXP-20250719-008,REP-041,2025-07-19,Travel,389,true,false,Auto to clinic
EXP-20250729-005,REP-041,2025-07-29,Mobile,580,true,true,Internet recharge
EXP-20250727-006,REP-041,2025-07-27,Travel,1526,true,true,Train ticket
EXP-20250804-009,REP-041,2025-08-04,Travel,1928,true,true,Train ticket
EXP-20250810-005,REP-041,2025-08-10,Samples,1196,false,true,Demo kit refill
EXP-20250807-009,REP-041,2025-08-07,Mobile,412,true,true,Roaming charges
EXP-20250819-005,REP-041,2025-08-19,Travel,1296,true,true,Fuel reimbursement
EXP-20250820-007,REP-041,2025-08-20,Travel,742,false,true,Fuel reimbursement
EXP-20250828-005,REP-041,2025-08-28,Food,711,true,true,Coffee meeting
EXP-20250909-004,REP-041,2025-09-09,Food,577,true,true,Snacks for meeting
EXP-20250910-010,REP-041,2025-09-10,Samples,335,true,true,Demo kit refill
EXP-20250910-011,REP-041,2025-09-10,Food,157,true,true,Working lunch
EXP-20250923-007,REP-041,2025-09-23,Lodging,1710,true,true,Hotel stay — field trip
EXP-20250922-008,REP-041,2025-09-22,Mobile,706,true,true,Mobile bill
EXP-20250926-005,REP-041,2025-09-26,Travel,1685,true,true,Fuel reimbursement
EXP-20251001-005,REP-041,2025-10-01,Travel,443,true,true,Bus fare
EXP-20251009-005,REP-041,2025-10-09,Travel,458,true,true,Cab to hospital
EXP-20251018-006,REP-041,2025-10-18,Travel,1613,true,true,Cab to hospital
EXP-20251016-007,REP-041,2025-10-16,Travel,1541,true,true,Auto to clinic
EXP-20251022-008,REP-041,2025-10-22,Travel,1191,true,true,Fuel reimbursement
EXP-20240709-006,REP-042,2024-07-09,Travel,806,true,true,Auto to clinic
EXP-20240716-004,REP-042,2024-07-16,Travel,630,true,true,Bus fare
EXP-20240717-006,REP-042,2024-07-17,Travel,931,true,true,Fuel reimbursement
EXP-20240721-007,REP-042,2024-07-21,Travel,1052,true,true,Bus fare
EXP-20240730-008,REP-042,2024-07-30,Samples,669,true,true,Sample packs for HCP
EXP-20240730-009,REP-042,2024-07-30,Travel,533,true,true,Auto to clinic
EXP-20240806-006,REP-042,2024-08-06,Travel,761,true,true,Fuel reimbursement
EXP-20240809-004,REP-042,2024-08-09,Lodging,3576,true,true,Hotel stay — field trip
EXP-20240812-008,REP-042,2024-08-12,Travel,1358,true,true,Bus fare
EXP-20240817-001,REP-042,2024-08-17,Travel,494,true,true,Bus fare
EXP-20240821-005,REP-042,2024-08-21,Food,375,true,false,Snacks for meeting
EXP-20240830-009,REP-042,2024-08-30,Samples,484,true,true,Product samples drop
EXP-20240902-006,REP-042,2024-09-02,Travel,715,false,true,Auto to clinic
EXP-20240913-007,REP-042,2024-09-13,Travel,1064,true,true,Auto to clinic
EXP-20240915-009,REP-042,2024-09-15,Mobile,188,true,true,Internet recharge
EXP-20240919-005,REP-042,2024-09-19,Travel,1521,true,true,Cab to hospital
EXP-20240928-008,REP-042,2024-09-28,Food,285,true,true,Working lunch
EXP-20240922-005,REP-042,2024-09-22,Food,147,true,true,Team lunch with HCP
EXP-20241002-006,REP-042,2024-10-02,Travel,1471,true,true,Auto to clinic
EXP-20241012-006,REP-042,2024-10-12,Travel,1177,true,true,Bus fare
EXP-20241011-005,REP-042,2024-10-11,Food,248,true,true,Snacks for meeting
EXP-20241013-006,REP-042,2024-10-13,Travel,1675,true,true,Train ticket
EXP-20241021-006,REP-042,2024-10-21,Food,425,true,true,Team lunch with HCP
EXP-20241024-006,REP-042,2024-10-24,Conference,4091,true,true,Conference registration
EXP-20241029-006,REP-042,2024-10-29,Conference,3002,true,true,Conference registration
EXP-20241030-007,REP-042,2024-10-30,Lodging,3282,true,true,Guest house — 2 nights
EXP-20241105-008,REP-042,2024-11-05,Samples,1317,true,true,Demo kit refill
EXP-20241108-008,REP-042,2024-11-08,Food,752,true,true,Dinner with HCP
EXP-20241110-004,REP-042,2024-11-10,Travel,1757,true,true,Bus fare
EXP-20241110-005,REP-042,2024-11-10,Travel,261,true,true,Auto to clinic
EXP-20241120-005,REP-042,2024-11-20,Travel,1429,false,true,Auto to clinic
EXP-20241126-007,REP-042,2024-11-26,Samples,443,true,true,Demo kit refill
EXP-20241129-008,REP-042,2024-11-29,Travel,243,true,true,Auto to clinic
EXP-20241202-003,REP-042,2024-12-02,Travel,1865,true,true,Fuel reimbursement
EXP-20241202-004,REP-042,2024-12-02,Samples,1112,true,true,Sample packs for HCP
EXP-20241208-004,REP-042,2024-12-08,Travel,1148,true,true,Fuel reimbursement
EXP-20241216-008,REP-042,2024-12-16,Travel,1656,true,true,Auto to clinic
EXP-20241226-005,REP-042,2024-12-26,Food,137,true,true,Dinner with HCP
EXP-20250101-006,REP-042,2025-01-01,Food,373,true,true,Coffee meeting
EXP-20250101-007,REP-042,2025-01-01,Lodging,1798,true,true,Hotel stay — field trip
EXP-20250105-009,REP-042,2025-01-05,Travel,1009,true,true,Train ticket
EXP-20250108-007,REP-042,2025-01-08,Conference,2935,true,true,Doctor meet sponsorship
EXP-20250116-011,REP-042,2025-01-16,Samples,993,true,true,Demo kit refill
EXP-20250120-007,REP-042,2025-01-20,Food,328,true,true,Working lunch
EXP-20250131-005,REP-042,2025-01-31,Travel,957,true,true,Bus fare
EXP-20250208-012,REP-042,2025-02-08,Food,496,true,true,Team lunch with HCP
EXP-20250213-008,REP-042,2025-02-13,Travel,213,true,true,Fuel reimbursement
EXP-20250221-004,REP-042,2025-02-21,Samples,1290,true,true,Sample packs for HCP
EXP-20250221-005,REP-042,2025-02-21,Travel,1418,true,true,Cab to hospital
EXP-20250226-004,REP-042,2025-02-26,Food,207,true,true,Working lunch
EXP-20250224-006,REP-042,2025-02-24,Food,710,true,true,Team lunch with HCP
EXP-20250304-006,REP-042,2025-03-04,Samples,878,true,true,Product samples drop
EXP-20250306-006,REP-042,2025-03-06,Samples,777,false,true,Product samples drop
EXP-20250311-006,REP-042,2025-03-11,Travel,1155,true,true,Fuel reimbursement
EXP-20250313-007,REP-042,2025-03-13,Conference,1121,true,true,CME event fees
EXP-20250320-008,REP-042,2025-03-20,Mobile,366,true,false,Internet recharge
EXP-20250318-006,REP-042,2025-03-18,Lodging,2824,true,false,Guest house — 2 nights
EXP-20250328-005,REP-042,2025-03-28,Food,723,true,true,Snacks for meeting
EXP-20250324-004,REP-042,2025-03-24,Travel,231,true,true,Cab to hospital
EXP-20250402-006,REP-042,2025-04-02,Travel,1098,true,true,Auto to clinic
EXP-20250412-008,REP-042,2025-04-12,Food,598,false,true,Coffee meeting
EXP-20250407-006,REP-042,2025-04-07,Food,395,true,true,Coffee meeting
EXP-20250414-007,REP-042,2025-04-14,Travel,1495,true,true,Fuel reimbursement
EXP-20250424-006,REP-042,2025-04-24,Samples,94,false,true,Product samples drop
EXP-20250430-003,REP-042,2025-04-30,Travel,1998,true,true,Auto to clinic
EXP-20250507-005,REP-042,2025-05-07,Travel,1448,true,true,Train ticket
EXP-20250504-007,REP-042,2025-05-04,Mobile,575,true,true,Roaming charges
EXP-20250513-004,REP-042,2025-05-13,Travel,1723,false,true,Bus fare
EXP-20250515-006,REP-042,2025-05-15,Mobile,613,true,true,Internet recharge
EXP-20250522-004,REP-042,2025-05-22,Food,351,true,true,Coffee meeting
EXP-20250518-008,REP-042,2025-05-18,Other,188,true,true,Stationery
EXP-20250531-004,REP-042,2025-05-31,Travel,1974,true,true,Bus fare
EXP-20250607-011,REP-042,2025-06-07,Food,689,true,true,Dinner with HCP
EXP-20250603-012,REP-042,2025-06-03,Lodging,2428,true,true,Hotel stay — field trip
EXP-20250613-005,REP-042,2025-06-13,Travel,565,true,true,Cab to hospital
EXP-20250618-007,REP-042,2025-06-18,Food,510,true,true,Snacks for meeting
EXP-20250622-006,REP-042,2025-06-22,Travel,286,true,true,Cab to hospital
EXP-20250630-008,REP-042,2025-06-30,Food,407,true,true,Coffee meeting
EXP-20250709-007,REP-042,2025-07-09,Travel,1534,false,true,Auto to clinic
EXP-20250710-006,REP-042,2025-07-10,Samples,130,true,true,Demo kit refill
EXP-20250715-008,REP-042,2025-07-15,Travel,403,true,true,Fuel reimbursement
EXP-20250725-008,REP-042,2025-07-25,Travel,752,true,true,Bus fare
EXP-20250730-006,REP-042,2025-07-30,Lodging,2296,true,true,Hotel stay — field trip
EXP-20250809-006,REP-042,2025-08-09,Travel,1173,true,true,Fuel reimbursement
EXP-20250805-005,REP-042,2025-08-05,Travel,946,true,false,Fuel reimbursement
EXP-20250816-006,REP-042,2025-08-16,Travel,951,true,true,Bus fare
EXP-20250810-006,REP-042,2025-08-10,Travel,1725,true,true,Auto to clinic
EXP-20250818-009,REP-042,2025-08-18,Samples,1306,true,true,Product samples drop
EXP-20250817-005,REP-042,2025-08-17,Food,707,true,true,Team lunch with HCP
EXP-20250830-006,REP-042,2025-08-30,Samples,1052,true,true,Sample packs for HCP
EXP-20250902-002,REP-042,2025-09-02,Food,219,true,true,Coffee meeting
EXP-20250908-003,REP-042,2025-09-08,Travel,357,true,true,Bus fare
EXP-20250919-011,REP-042,2025-09-19,Travel,513,true,true,Fuel reimbursement
EXP-20250924-003,REP-042,2025-09-24,Travel,1021,true,true,Auto to clinic
EXP-20250926-006,REP-042,2025-09-26,Mobile,277,true,false,Internet recharge
EXP-20251002-008,REP-042,2025-10-02,Lodging,2240,true,true,Lodging — outstation visit
EXP-20251008-008,REP-042,2025-10-08,Travel,848,true,true,Fuel reimbursement
EXP-20251009-006,REP-042,2025-10-09,Food,687,true,true,Team lunch with HCP
EXP-20251014-006,REP-042,2025-10-14,Samples,744,true,true,Demo kit refill
EXP-20251013-004,REP-042,2025-10-13,Travel,1618,true,true,Fuel reimbursement
EXP-20251022-009,REP-042,2025-10-22,Food,769,true,true,Working lunch
EXP-20251027-005,REP-042,2025-10-27,Food,196,true,true,Dinner with HCP
EXP-20251108-008,REP-042,2025-11-08,Travel,1626,true,true,Cab to hospital
EXP-20251104-003,REP-042,2025-11-04,Travel,655,true,true,Cab to hospital
EXP-20251115-004,REP-042,2025-11-15,Food,109,true,true,Dinner with HCP
EXP-20251109-004,REP-042,2025-11-09,Mobile,201,true,true,Internet recharge
EXP-20251118-004,REP-042,2025-11-18,Food,412,true,true,Team lunch with HCP
EXP-20251122-004,REP-042,2025-11-22,Lodging,2042,true,true,Lodging — outstation visit
EXP-20251125-005,REP-042,2025-11-25,Travel,1390,true,true,Auto to clinic
EXP-20251202-006,REP-042,2025-12-02,Lodging,3182,true,false,Guest house — 2 nights
EXP-20251130-007,REP-042,2025-11-30,Travel,1027,true,true,Train ticket
EXP-20251210-006,REP-042,2025-12-10,Travel,1939,true,true,Fuel reimbursement
EXP-20251215-006,REP-042,2025-12-15,Food,411,false,true,Working lunch
EXP-20251227-004,REP-042,2025-12-27,Food,696,true,true,Team lunch with HCP
EXP-20260103-004,REP-042,2026-01-03,Travel,1502,false,true,Bus fare
EXP-20251230-002,REP-042,2025-12-30,Samples,1445,true,true,Product samples drop
EXP-20260110-007,REP-042,2026-01-10,Samples,726,true,true,Product samples drop
EXP-20260112-004,REP-042,2026-01-12,Lodging,3092,true,true,Guest house — 2 nights
EXP-20260111-004,REP-042,2026-01-11,Conference,1956,true,true,CME event fees
EXP-20260120-006,REP-042,2026-01-20,Samples,620,true,true,Demo kit refill
EXP-20260120-007,REP-042,2026-01-20,Food,607,true,true,Working lunch
EXP-20260126-004,REP-042,2026-01-26,Food,651,false,true,Snacks for meeting
EXP-20260128-004,REP-042,2026-01-28,Samples,778,false,true,Product samples drop
EXP-20260206-008,REP-042,2026-02-06,Travel,946,true,true,Bus fare
EXP-20260211-005,REP-042,2026-02-11,Lodging,2010,true,true,Guest house — 2 nights
EXP-20260214-006,REP-042,2026-02-14,Samples,957,true,true,Sample packs for HCP
EXP-20260219-005,REP-042,2026-02-19,Food,491,true,true,Working lunch
EXP-20260218-006,REP-042,2026-02-18,Samples,802,true,true,Product samples drop
EXP-20260228-003,REP-042,2026-02-28,Travel,1753,false,true,Auto to clinic
EXP-20260222-004,REP-042,2026-02-22,Lodging,3918,true,true,Lodging — outstation visit
EXP-20260302-007,REP-042,2026-03-02,Travel,720,true,true,Train ticket
EXP-20260311-003,REP-042,2026-03-11,Travel,478,true,true,Fuel reimbursement
EXP-20260308-006,REP-042,2026-03-08,Other,479,true,true,Misc expense
EXP-20260317-005,REP-042,2026-03-17,Mobile,552,true,true,Roaming charges
EXP-20260324-008,REP-042,2026-03-24,Travel,514,true,true,Fuel reimbursement
EXP-20230402-005,REP-043,2023-04-02,Other,460,true,true,Printing materials
EXP-20230405-003,REP-043,2023-04-05,Travel,1038,true,true,Auto to clinic
EXP-20230413-005,REP-043,2023-04-13,Food,501,true,true,Coffee meeting
EXP-20230408-007,REP-043,2023-04-08,Food,263,true,true,Dinner with HCP
EXP-20230419-007,REP-043,2023-04-19,Travel,889,false,true,Bus fare
EXP-20230423-006,REP-043,2023-04-23,Samples,869,true,true,Sample packs for HCP
EXP-20230428-005,REP-043,2023-04-28,Travel,351,true,false,Train ticket
EXP-20230428-006,REP-043,2023-04-28,Food,342,true,true,Team lunch with HCP
EXP-20230509-007,REP-043,2023-05-09,Travel,531,true,true,Train ticket
EXP-20230505-005,REP-043,2023-05-05,Samples,212,false,true,Product samples drop
EXP-20230513-005,REP-043,2023-05-13,Travel,783,true,true,Fuel reimbursement
EXP-20230525-004,REP-043,2023-05-25,Travel,530,true,true,Cab to hospital
EXP-20230527-007,REP-043,2023-05-27,Samples,505,true,true,Sample packs for HCP
EXP-20230608-004,REP-043,2023-06-08,Travel,1563,true,true,Train ticket
EXP-20230603-008,REP-043,2023-06-03,Food,109,true,true,Snacks for meeting
EXP-20230613-007,REP-043,2023-06-13,Food,726,true,true,Working lunch
EXP-20230620-003,REP-043,2023-06-20,Travel,1469,true,true,Cab to hospital
EXP-20230621-005,REP-043,2023-06-21,Food,647,false,true,Working lunch
EXP-20230626-007,REP-043,2023-06-26,Samples,531,true,true,Demo kit refill
EXP-20230706-005,REP-043,2023-07-06,Conference,1390,true,true,Conference registration
EXP-20230702-004,REP-043,2023-07-02,Travel,654,true,true,Bus fare
EXP-20230713-002,REP-043,2023-07-13,Mobile,376,true,true,Mobile bill
EXP-20230720-007,REP-043,2023-07-20,Lodging,3812,true,true,Guest house — 2 nights
EXP-20230725-003,REP-043,2023-07-25,Travel,408,true,true,Fuel reimbursement
EXP-20230731-005,REP-043,2023-07-31,Travel,1571,true,true,Cab to hospital
EXP-20230731-006,REP-043,2023-07-31,Lodging,1802,true,true,Guest house — 2 nights
EXP-20230806-003,REP-043,2023-08-06,Other,851,true,true,Printing materials
EXP-20230806-004,REP-043,2023-08-06,Samples,703,true,true,Product samples drop
EXP-20230812-008,REP-043,2023-08-12,Lodging,3865,true,true,Hotel stay — field trip
EXP-20230817-005,REP-043,2023-08-17,Travel,1101,false,true,Auto to clinic
EXP-20230820-007,REP-043,2023-08-20,Travel,658,false,true,Train ticket
EXP-20230824-006,REP-043,2023-08-24,Lodging,2845,true,true,Guest house — 2 nights
EXP-20230827-006,REP-043,2023-08-27,Travel,836,true,true,Cab to hospital
EXP-20230830-003,REP-043,2023-08-30,Lodging,3998,false,true,Guest house — 2 nights
EXP-20230907-004,REP-043,2023-09-07,Samples,1201,true,true,Product samples drop
EXP-20230907-005,REP-043,2023-09-07,Lodging,3321,true,true,Lodging — outstation visit
EXP-20230912-006,REP-043,2023-09-12,Travel,1435,true,false,Train ticket
EXP-20230918-001,REP-043,2023-09-18,Travel,1258,true,true,Auto to clinic
EXP-20230919-010,REP-043,2023-09-19,Food,135,true,true,Working lunch
EXP-20230928-007,REP-043,2023-09-28,Travel,980,true,true,Auto to clinic
EXP-20231004-006,REP-043,2023-10-04,Mobile,582,true,true,Mobile bill
EXP-20231008-005,REP-043,2023-10-08,Samples,896,true,true,Product samples drop
EXP-20231017-005,REP-043,2023-10-17,Lodging,3856,true,false,Guest house — 2 nights
EXP-20231014-010,REP-043,2023-10-14,Travel,1756,true,true,Cab to hospital
EXP-20231024-006,REP-043,2023-10-24,Food,794,true,true,Dinner with HCP
EXP-20231028-009,REP-043,2023-10-28,Samples,1139,true,true,Product samples drop
EXP-20231102-007,REP-043,2023-11-02,Food,657,true,true,Dinner with HCP
EXP-20231103-005,REP-043,2023-11-03,Lodging,2133,true,true,Hotel stay — field trip
EXP-20231115-004,REP-043,2023-11-15,Travel,1474,true,true,Auto to clinic
EXP-20231116-003,REP-043,2023-11-16,Travel,890,true,true,Fuel reimbursement
EXP-20231120-006,REP-043,2023-11-20,Lodging,1995,true,true,Lodging — outstation visit
EXP-20231130-012,REP-043,2023-11-30,Food,737,true,true,Snacks for meeting
EXP-20231204-007,REP-043,2023-12-04,Samples,1250,true,true,Product samples drop
EXP-20231211-007,REP-043,2023-12-11,Travel,1464,true,true,Train ticket
EXP-20231217-006,REP-043,2023-12-17,Food,225,true,true,Dinner with HCP
EXP-20231223-006,REP-043,2023-12-23,Other,1361,true,true,Printing materials
EXP-20240102-005,REP-043,2024-01-02,Samples,1190,true,true,Demo kit refill
EXP-20240104-003,REP-043,2024-01-04,Samples,1199,true,true,Demo kit refill
EXP-20240106-006,REP-043,2024-01-06,Samples,674,true,true,Sample packs for HCP
EXP-20240106-007,REP-043,2024-01-06,Samples,972,true,true,Sample packs for HCP
EXP-20240114-007,REP-043,2024-01-14,Food,694,false,true,Coffee meeting
EXP-20240122-004,REP-043,2024-01-22,Food,749,true,true,Coffee meeting
EXP-20240122-005,REP-043,2024-01-22,Travel,1012,true,true,Fuel reimbursement
EXP-20240130-009,REP-043,2024-01-30,Lodging,3645,true,true,Lodging — outstation visit
EXP-20240130-010,REP-043,2024-01-30,Food,463,true,true,Working lunch
EXP-20240206-007,REP-043,2024-02-06,Food,109,true,true,Dinner with HCP
EXP-20240204-007,REP-043,2024-02-04,Travel,493,true,true,Train ticket
EXP-20240212-003,REP-043,2024-02-12,Travel,1272,true,true,Bus fare
EXP-20240212-004,REP-043,2024-02-12,Travel,684,true,true,Fuel reimbursement
EXP-20240219-004,REP-043,2024-02-19,Food,672,true,true,Dinner with HCP
EXP-20240227-010,REP-043,2024-02-27,Travel,1685,true,true,Bus fare
EXP-20240225-006,REP-043,2024-02-25,Lodging,2360,true,true,Guest house — 2 nights
EXP-20240301-009,REP-043,2024-03-01,Travel,1224,true,true,Train ticket
EXP-20240313-005,REP-043,2024-03-13,Travel,967,true,true,Auto to clinic
EXP-20240315-008,REP-043,2024-03-15,Lodging,1736,true,true,Hotel stay — field trip
EXP-20240319-004,REP-043,2024-03-19,Travel,1690,true,true,Train ticket
EXP-20240327-004,REP-043,2024-03-27,Food,703,true,true,Coffee meeting
EXP-20240329-007,REP-043,2024-03-29,Travel,1093,true,true,Cab to hospital
EXP-20240409-008,REP-043,2024-04-09,Samples,1153,false,true,Sample packs for HCP
EXP-20240414-006,REP-043,2024-04-14,Conference,4412,true,true,Doctor meet sponsorship
EXP-20240419-007,REP-043,2024-04-19,Lodging,2388,true,true,Lodging — outstation visit
EXP-20240502-007,REP-043,2024-05-02,Food,533,true,false,Snacks for meeting
EXP-20240428-007,REP-043,2024-04-28,Food,123,true,true,Team lunch with HCP
EXP-20240503-005,REP-043,2024-05-03,Food,144,true,true,Snacks for meeting
EXP-20240508-005,REP-043,2024-05-08,Lodging,3494,true,true,Lodging — outstation visit
EXP-20240510-004,REP-043,2024-05-10,Lodging,1663,true,true,Lodging — outstation visit
EXP-20240517-007,REP-043,2024-05-17,Travel,521,true,true,Bus fare
EXP-20240529-006,REP-043,2024-05-29,Travel,914,true,true,Bus fare
EXP-20240604-004,REP-043,2024-06-04,Travel,560,true,true,Cab to hospital
EXP-20240610-008,REP-043,2024-06-10,Travel,1695,true,true,Cab to hospital
EXP-20240619-006,REP-043,2024-06-19,Travel,1297,false,true,Auto to clinic
EXP-20240626-005,REP-043,2024-06-26,Other,563,true,true,Printing materials
EXP-20240623-006,REP-043,2024-06-23,Food,152,true,true,Team lunch with HCP
EXP-20240628-003,REP-043,2024-06-28,Samples,1100,true,true,Product samples drop
EXP-20240706-006,REP-043,2024-07-06,Samples,1018,true,true,Sample packs for HCP
EXP-20240716-005,REP-043,2024-07-16,Travel,297,true,true,Train ticket
EXP-20240725-008,REP-043,2024-07-25,Food,231,true,true,Dinner with HCP
EXP-20240725-009,REP-043,2024-07-25,Travel,1464,true,true,Cab to hospital
EXP-20240801-004,REP-043,2024-08-01,Samples,1186,false,true,Product samples drop
EXP-20240804-008,REP-043,2024-08-04,Travel,1372,true,true,Train ticket
EXP-20240809-005,REP-043,2024-08-09,Food,383,true,true,Working lunch
EXP-20240816-009,REP-043,2024-08-16,Lodging,2916,true,true,Lodging — outstation visit
EXP-20240820-004,REP-043,2024-08-20,Mobile,354,true,false,Internet recharge
EXP-20240827-005,REP-043,2024-08-27,Travel,1644,true,true,Auto to clinic
EXP-20240904-007,REP-043,2024-09-04,Lodging,1516,true,true,Guest house — 2 nights
EXP-20240910-005,REP-043,2024-09-10,Food,616,true,true,Dinner with HCP
EXP-20240911-011,REP-043,2024-09-11,Samples,1009,true,true,Product samples drop
EXP-20240919-006,REP-043,2024-09-19,Travel,788,true,false,Fuel reimbursement
EXP-20240925-006,REP-043,2024-09-25,Food,235,true,true,Dinner with HCP
EXP-20241002-007,REP-043,2024-10-02,Conference,1102,true,true,Doctor meet sponsorship
EXP-20241004-003,REP-043,2024-10-04,Travel,1235,false,true,Auto to clinic
EXP-20241004-004,REP-043,2024-10-04,Travel,1594,false,true,Fuel reimbursement
EXP-20241011-006,REP-043,2024-10-11,Travel,1841,true,true,Cab to hospital
EXP-20241016-004,REP-043,2024-10-16,Other,288,true,true,Misc expense
EXP-20241024-007,REP-043,2024-10-24,Travel,447,true,true,Cab to hospital
EXP-20241024-008,REP-043,2024-10-24,Travel,834,false,true,Fuel reimbursement
EXP-20241025-006,REP-043,2024-10-25,Mobile,282,false,true,Internet recharge
EXP-20241106-004,REP-043,2024-11-06,Food,584,true,true,Dinner with HCP
EXP-20241108-009,REP-043,2024-11-08,Travel,472,true,true,Bus fare
EXP-20241111-006,REP-043,2024-11-11,Travel,474,true,true,Bus fare
EXP-20241115-006,REP-043,2024-11-15,Food,399,true,true,Snacks for meeting
EXP-20241116-006,REP-043,2024-11-16,Travel,566,true,true,Fuel reimbursement
EXP-20241123-004,REP-043,2024-11-23,Samples,496,true,false,Sample packs for HCP
EXP-20241125-006,REP-043,2024-11-25,Travel,1066,true,true,Bus fare
EXP-20241205-007,REP-043,2024-12-05,Travel,709,true,true,Train ticket
EXP-20241201-012,REP-043,2024-12-01,Samples,109,true,true,Demo kit refill
EXP-20241206-006,REP-043,2024-12-06,Lodging,1634,true,true,Hotel stay — field trip
EXP-20241217-010,REP-043,2024-12-17,Food,792,true,true,Dinner with HCP
EXP-20241215-006,REP-043,2024-12-15,Lodging,2403,false,true,Guest house — 2 nights
EXP-20241226-006,REP-043,2024-12-26,Food,625,true,true,Team lunch with HCP
EXP-20241220-007,REP-043,2024-12-20,Samples,1077,false,true,Demo kit refill
EXP-20241230-013,REP-043,2024-12-30,Travel,772,true,true,Fuel reimbursement
EXP-20250103-009,REP-043,2025-01-03,Mobile,451,true,true,Mobile bill
EXP-20250105-010,REP-043,2025-01-05,Lodging,1623,true,true,Guest house — 2 nights
EXP-20250113-007,REP-043,2025-01-13,Samples,923,false,true,Sample packs for HCP
EXP-20250118-009,REP-043,2025-01-18,Lodging,1852,true,true,Hotel stay — field trip
EXP-20250125-007,REP-043,2025-01-25,Travel,1210,true,false,Bus fare
EXP-20250203-007,REP-043,2025-02-03,Lodging,1559,true,true,Hotel stay — field trip
EXP-20250207-004,REP-043,2025-02-07,Food,475,false,true,Coffee meeting
EXP-20250213-009,REP-043,2025-02-13,Mobile,757,true,true,Internet recharge
EXP-20250215-004,REP-043,2025-02-15,Travel,1247,true,true,Bus fare
EXP-20250214-008,REP-043,2025-02-14,Samples,699,true,false,Product samples drop
EXP-20250226-005,REP-043,2025-02-26,Food,789,true,true,Dinner with HCP
EXP-20250303-005,REP-043,2025-03-03,Food,424,true,true,Snacks for meeting
EXP-20250307-008,REP-043,2025-03-07,Food,210,true,false,Dinner with HCP
EXP-20250311-007,REP-043,2025-03-11,Travel,1533,true,true,Train ticket
EXP-20250314-002,REP-043,2025-03-14,Other,744,true,true,Misc expense
EXP-20250318-007,REP-043,2025-03-18,Lodging,3634,true,true,Guest house — 2 nights
EXP-20250326-007,REP-043,2025-03-26,Lodging,2755,true,true,Hotel stay — field trip
EXP-20250324-005,REP-043,2025-03-24,Travel,680,true,true,Train ticket
EXP-20250403-007,REP-043,2025-04-03,Food,537,true,true,Snacks for meeting
EXP-20250329-006,REP-043,2025-03-29,Lodging,2707,false,true,Lodging — outstation visit
EXP-20250406-010,REP-043,2025-04-06,Samples,182,true,true,Sample packs for HCP
EXP-20250417-007,REP-043,2025-04-17,Food,391,true,true,Coffee meeting
EXP-20250415-002,REP-043,2025-04-15,Travel,404,true,true,Fuel reimbursement
EXP-20250422-007,REP-043,2025-04-22,Food,136,true,false,Dinner with HCP
EXP-20250501-008,REP-043,2025-05-01,Food,355,true,true,Snacks for meeting
EXP-20250427-007,REP-043,2025-04-27,Travel,1107,true,true,Cab to hospital
EXP-20250506-010,REP-043,2025-05-06,Samples,1265,true,true,Demo kit refill
EXP-20250509-007,REP-043,2025-05-09,Food,262,true,true,Team lunch with HCP
EXP-20250511-004,REP-043,2025-05-11,Lodging,1707,true,true,Lodging — outstation visit
EXP-20250516-012,REP-043,2025-05-16,Travel,223,true,true,Cab to hospital
EXP-20250527-002,REP-043,2025-05-27,Food,511,true,true,Team lunch with HCP
EXP-20250523-010,REP-043,2025-05-23,Travel,1849,true,true,Cab to hospital
EXP-20250602-008,REP-043,2025-06-02,Food,641,true,true,Snacks for meeting
EXP-20250610-008,REP-043,2025-06-10,Lodging,2898,true,true,Lodging — outstation visit
EXP-20250612-008,REP-043,2025-06-12,Travel,588,false,true,Cab to hospital
EXP-20250614-005,REP-043,2025-06-14,Food,588,true,true,Team lunch with HCP
EXP-20250622-007,REP-043,2025-06-22,Food,533,true,true,Working lunch
EXP-20250625-005,REP-043,2025-06-25,Lodging,3625,true,false,Lodging — outstation visit
EXP-20250630-009,REP-043,2025-06-30,Food,503,true,true,Dinner with HCP
EXP-20250706-006,REP-043,2025-07-06,Lodging,3624,false,true,Guest house — 2 nights
EXP-20250716-011,REP-043,2025-07-16,Travel,581,true,true,Cab to hospital
EXP-20250724-006,REP-043,2025-07-24,Lodging,1690,true,true,Guest house — 2 nights
EXP-20250721-004,REP-043,2025-07-21,Conference,3846,true,true,Conference registration
EXP-20250730-007,REP-043,2025-07-30,Travel,509,true,true,Bus fare
EXP-20250801-004,REP-043,2025-08-01,Travel,1747,true,true,Auto to clinic
EXP-20250802-008,REP-043,2025-08-02,Lodging,3986,true,true,Hotel stay — field trip
EXP-20250809-007,REP-043,2025-08-09,Samples,706,true,true,Product samples drop
EXP-20250810-007,REP-043,2025-08-10,Travel,693,true,true,Train ticket
EXP-20250819-006,REP-043,2025-08-19,Samples,512,true,true,Demo kit refill
EXP-20250828-006,REP-043,2025-08-28,Samples,722,true,true,Sample packs for HCP
EXP-20250902-003,REP-043,2025-09-02,Travel,1433,true,true,Bus fare
EXP-20250902-004,REP-043,2025-09-02,Travel,1477,true,false,Auto to clinic
EXP-20250909-005,REP-043,2025-09-09,Samples,558,true,true,Demo kit refill
EXP-20250908-004,REP-043,2025-09-08,Travel,1242,true,true,Bus fare
EXP-20250915-007,REP-043,2025-09-15,Travel,1596,true,true,Train ticket
EXP-20250917-002,REP-043,2025-09-17,Travel,1542,true,true,Train ticket
EXP-20250920-007,REP-043,2025-09-20,Food,336,true,true,Coffee meeting
EXP-20250927-004,REP-043,2025-09-27,Food,470,true,true,Coffee meeting
EXP-20250927-005,REP-043,2025-09-27,Travel,1246,true,true,Train ticket
EXP-20251006-007,REP-043,2025-10-06,Travel,352,true,true,Fuel reimbursement
EXP-20251015-005,REP-043,2025-10-15,Food,185,true,true,Team lunch with HCP
EXP-20251023-007,REP-043,2025-10-23,Travel,447,true,false,Bus fare
EXP-20251018-007,REP-043,2025-10-18,Lodging,2856,true,true,Hotel stay — field trip
EXP-20251028-005,REP-043,2025-10-28,Lodging,1623,true,true,Lodging — outstation visit
EXP-20251105-008,REP-043,2025-11-05,Lodging,3862,false,true,Guest house — 2 nights
EXP-20251106-007,REP-043,2025-11-06,Food,554,true,true,Dinner with HCP
EXP-20251109-005,REP-043,2025-11-09,Travel,925,true,true,Cab to hospital
EXP-20251118-005,REP-043,2025-11-18,Mobile,311,true,true,Mobile bill
EXP-20251117-010,REP-043,2025-11-17,Samples,381,true,true,Demo kit refill
EXP-20251127-005,REP-043,2025-11-27,Samples,1438,false,true,Sample packs for HCP
EXP-20251204-007,REP-043,2025-12-04,Travel,1974,true,true,Auto to clinic
EXP-20251206-007,REP-043,2025-12-06,Food,216,true,true,Team lunch with HCP
EXP-20251215-007,REP-043,2025-12-15,Travel,630,true,true,Bus fare
EXP-20251221-007,REP-043,2025-12-21,Lodging,1908,true,true,Guest house — 2 nights
EXP-20251228-004,REP-043,2025-12-28,Food,692,true,true,Coffee meeting
EXP-20251228-005,REP-043,2025-12-28,Food,168,true,true,Working lunch
EXP-20260102-008,REP-043,2026-01-02,Travel,345,true,true,Train ticket
EXP-20260110-008,REP-043,2026-01-10,Food,370,true,true,Team lunch with HCP
EXP-20260112-005,REP-043,2026-01-12,Food,318,true,true,Coffee meeting
EXP-20260119-006,REP-043,2026-01-19,Lodging,1754,true,true,Hotel stay — field trip
EXP-20260116-007,REP-043,2026-01-16,Samples,488,true,true,Sample packs for HCP
EXP-20260126-005,REP-043,2026-01-26,Travel,1842,true,true,Auto to clinic
EXP-20260131-005,REP-043,2026-01-31,Travel,1396,true,true,Train ticket
EXP-20260211-006,REP-043,2026-02-11,Food,203,true,true,Working lunch
EXP-20260211-007,REP-043,2026-02-11,Travel,454,true,true,Auto to clinic
EXP-20260213-004,REP-043,2026-02-13,Travel,578,true,true,Auto to clinic
EXP-20260217-003,REP-043,2026-02-17,Travel,860,true,true,Fuel reimbursement
EXP-20260225-003,REP-043,2026-02-25,Travel,1520,true,true,Auto to clinic
EXP-20260223-007,REP-043,2026-02-23,Travel,1283,true,true,Train ticket
EXP-20260227-007,REP-043,2026-02-27,Mobile,571,true,false,Mobile bill
EXP-20260305-003,REP-043,2026-03-05,Travel,1537,true,true,Bus fare
EXP-20260308-007,REP-043,2026-03-08,Travel,1835,true,true,Auto to clinic
EXP-20260312-002,REP-043,2026-03-12,Food,329,true,true,Snacks for meeting
EXP-20260319-004,REP-043,2026-03-19,Samples,859,true,true,Product samples drop
EXP-20260314-004,REP-043,2026-03-14,Travel,1746,true,true,Auto to clinic
EXP-20260321-006,REP-043,2026-03-21,Travel,1072,true,true,Train ticket
EXP-20260320-004,REP-043,2026-03-20,Food,266,true,true,Dinner with HCP
EXP-20260328-005,REP-043,2026-03-28,Lodging,3073,true,true,Guest house — 2 nights
EXP-20230402-006,REP-044,2023-04-02,Samples,943,true,false,Demo kit refill
EXP-20230407-003,REP-044,2023-04-07,Travel,1504,true,true,Fuel reimbursement
EXP-20230411-007,REP-044,2023-04-11,Mobile,368,true,true,Internet recharge
EXP-20230415-005,REP-044,2023-04-15,Lodging,3246,true,true,Guest house — 2 nights
EXP-20230423-007,REP-044,2023-04-23,Lodging,3017,true,true,Hotel stay — field trip
EXP-20230421-004,REP-044,2023-04-21,Food,119,true,true,Working lunch
EXP-20230427-002,REP-044,2023-04-27,Travel,467,false,true,Cab to hospital
EXP-20230429-003,REP-044,2023-04-29,Lodging,1791,true,true,Lodging — outstation visit
EXP-20230506-005,REP-044,2023-05-06,Conference,3231,true,true,Doctor meet sponsorship
EXP-20230511-004,REP-044,2023-05-11,Food,198,true,true,Team lunch with HCP
EXP-20230521-003,REP-044,2023-05-21,Travel,769,true,false,Auto to clinic
EXP-20230518-003,REP-044,2023-05-18,Food,778,true,true,Snacks for meeting
EXP-20230524-007,REP-044,2023-05-24,Travel,1841,true,true,Cab to hospital
EXP-20230603-009,REP-044,2023-06-03,Travel,383,true,true,Train ticket
EXP-20230601-002,REP-044,2023-06-01,Travel,1595,false,true,Bus fare
EXP-20230612-006,REP-044,2023-06-12,Travel,946,true,true,Fuel reimbursement
EXP-20230620-004,REP-044,2023-06-20,Travel,1532,true,true,Auto to clinic
EXP-20230620-005,REP-044,2023-06-20,Lodging,2061,true,true,Guest house — 2 nights
EXP-20230626-008,REP-044,2023-06-26,Travel,1665,true,true,Bus fare
EXP-20230630-008,REP-044,2023-06-30,Mobile,497,true,true,Roaming charges
EXP-20230703-006,REP-044,2023-07-03,Travel,898,true,true,Cab to hospital
EXP-20230708-004,REP-044,2023-07-08,Conference,3634,true,true,CME event fees
EXP-20230716-006,REP-044,2023-07-16,Food,460,true,true,Snacks for meeting
EXP-20230724-007,REP-044,2023-07-24,Travel,439,true,true,Cab to hospital
EXP-20230731-007,REP-044,2023-07-31,Travel,1227,true,true,Auto to clinic
EXP-20230730-007,REP-044,2023-07-30,Mobile,569,true,true,Internet recharge
EXP-20230803-006,REP-044,2023-08-03,Travel,1445,true,true,Cab to hospital
EXP-20230809-006,REP-044,2023-08-09,Lodging,2596,true,true,Lodging — outstation visit
EXP-20230818-002,REP-044,2023-08-18,Food,527,true,true,Team lunch with HCP
EXP-20230829-007,REP-044,2023-08-29,Travel,611,true,true,Fuel reimbursement
EXP-20230825-004,REP-044,2023-08-25,Travel,1084,true,true,Fuel reimbursement
EXP-20230831-005,REP-044,2023-08-31,Conference,1815,true,true,CME event fees
EXP-20230830-004,REP-044,2023-08-30,Food,465,false,true,Working lunch
EXP-20230908-006,REP-044,2023-09-08,Lodging,2945,true,true,Guest house — 2 nights
EXP-20230918-002,REP-044,2023-09-18,Travel,1153,true,true,Bus fare
EXP-20230925-006,REP-044,2023-09-25,Travel,213,true,true,Cab to hospital
EXP-20230927-005,REP-044,2023-09-27,Food,601,true,true,Working lunch
EXP-20231004-007,REP-044,2023-10-04,Travel,333,true,true,Bus fare
EXP-20231014-011,REP-044,2023-10-14,Travel,1837,true,true,Fuel reimbursement
EXP-20231015-009,REP-044,2023-10-15,Lodging,2111,true,true,Guest house — 2 nights
EXP-20231021-005,REP-044,2023-10-21,Travel,1571,true,true,Bus fare
EXP-20231021-006,REP-044,2023-10-21,Food,293,true,true,Working lunch
EXP-20231026-009,REP-044,2023-10-26,Food,327,true,true,Dinner with HCP
EXP-20231025-003,REP-044,2023-10-25,Travel,1746,true,true,Bus fare
EXP-20231105-004,REP-044,2023-11-05,Travel,1375,true,true,Fuel reimbursement
EXP-20231113-007,REP-044,2023-11-13,Travel,1482,true,true,Cab to hospital
EXP-20231120-007,REP-044,2023-11-20,Travel,1652,true,true,Bus fare
EXP-20231122-006,REP-044,2023-11-22,Food,431,true,true,Team lunch with HCP
EXP-20231129-006,REP-044,2023-11-29,Travel,1193,false,true,Cab to hospital
EXP-20231209-005,REP-044,2023-12-09,Samples,470,true,true,Product samples drop
EXP-20231216-009,REP-044,2023-12-16,Food,366,true,true,Team lunch with HCP
EXP-20231217-007,REP-044,2023-12-17,Food,599,true,true,Snacks for meeting
EXP-20231222-005,REP-044,2023-12-22,Travel,1033,true,true,Fuel reimbursement
EXP-20231224-007,REP-044,2023-12-24,Travel,1084,false,true,Fuel reimbursement
EXP-20240101-009,REP-044,2024-01-01,Samples,1065,true,true,Product samples drop
EXP-20240101-010,REP-044,2024-01-01,Samples,409,true,true,Product samples drop
EXP-20240109-011,REP-044,2024-01-09,Lodging,2512,false,true,Guest house — 2 nights
EXP-20240105-003,REP-044,2024-01-05,Travel,1765,true,true,Bus fare
EXP-20240115-006,REP-044,2024-01-15,Travel,1883,true,true,Bus fare
EXP-20240123-005,REP-044,2024-01-23,Food,628,true,true,Working lunch
EXP-20240120-010,REP-044,2024-01-20,Lodging,2169,true,true,Hotel stay — field trip
EXP-20240126-006,REP-044,2024-01-26,Travel,1902,true,true,Bus fare
EXP-20240131-006,REP-044,2024-01-31,Travel,877,false,true,Bus fare
EXP-20240202-010,REP-044,2024-02-02,Lodging,1545,true,true,Hotel stay — field trip
EXP-20240211-007,REP-044,2024-02-11,Mobile,141,true,false,Internet recharge
EXP-20240211-008,REP-044,2024-02-11,Travel,1242,true,false,Cab to hospital
EXP-20240214-004,REP-044,2024-02-14,Travel,1351,true,true,Bus fare
EXP-20240224-003,REP-044,2024-02-24,Travel,849,true,true,Train ticket
EXP-20240229-005,REP-044,2024-02-29,Mobile,269,true,true,Mobile bill
EXP-20240307-008,REP-044,2024-03-07,Food,701,true,true,Snacks for meeting
EXP-20240316-005,REP-044,2024-03-16,Food,717,true,true,Snacks for meeting
EXP-20240326-005,REP-044,2024-03-26,Mobile,230,true,true,Mobile bill
EXP-20240331-007,REP-044,2024-03-31,Other,1484,true,true,Stationery
EXP-20240409-009,REP-044,2024-04-09,Food,310,true,true,Working lunch
EXP-20240416-008,REP-044,2024-04-16,Food,454,true,true,Team lunch with HCP
EXP-20240423-006,REP-044,2024-04-23,Samples,590,false,true,Sample packs for HCP
EXP-20240421-005,REP-044,2024-04-21,Samples,1333,false,false,Sample packs for HCP
EXP-20240426-006,REP-044,2024-04-26,Food,344,true,true,Dinner with HCP
EXP-20240507-005,REP-044,2024-05-07,Food,180,true,true,Coffee meeting
EXP-20240507-006,REP-044,2024-05-07,Samples,747,true,false,Demo kit refill
EXP-20240513-006,REP-044,2024-05-13,Travel,654,true,true,Bus fare
EXP-20240511-006,REP-044,2024-05-11,Travel,1692,true,true,Train ticket
EXP-20240519-005,REP-044,2024-05-19,Travel,582,true,true,Auto to clinic
EXP-20240518-005,REP-044,2024-05-18,Samples,81,true,true,Demo kit refill
EXP-20240525-007,REP-044,2024-05-25,Lodging,1820,true,true,Guest house — 2 nights
EXP-20240524-007,REP-044,2024-05-24,Food,125,true,true,Team lunch with HCP
EXP-20240529-007,REP-044,2024-05-29,Food,675,true,true,Working lunch
EXP-20240607-008,REP-044,2024-06-07,Travel,1355,true,false,Bus fare
EXP-20240607-009,REP-044,2024-06-07,Food,320,true,true,Team lunch with HCP
EXP-20240612-008,REP-044,2024-06-12,Lodging,2822,true,true,Guest house — 2 nights
EXP-20240622-006,REP-044,2024-06-22,Travel,428,true,true,Fuel reimbursement
EXP-20240621-005,REP-044,2024-06-21,Samples,958,true,true,Sample packs for HCP
EXP-20240626-006,REP-044,2024-06-26,Food,112,true,true,Working lunch
EXP-20240708-007,REP-044,2024-07-08,Travel,1318,true,true,Auto to clinic
EXP-20240712-006,REP-044,2024-07-12,Travel,1309,true,true,Fuel reimbursement
EXP-20240718-009,REP-044,2024-07-18,Travel,1295,true,true,Fuel reimbursement
EXP-20240717-007,REP-044,2024-07-17,Conference,4733,false,true,Conference registration
EXP-20240730-010,REP-044,2024-07-30,Travel,1112,true,true,Auto to clinic
EXP-20240730-011,REP-044,2024-07-30,Samples,879,true,true,Sample packs for HCP
EXP-20240731-003,REP-044,2024-07-31,Travel,1029,true,true,Cab to hospital
EXP-20240803-009,REP-044,2024-08-03,Travel,666,false,true,Bus fare
EXP-20240813-005,REP-044,2024-08-13,Travel,668,true,true,Train ticket
EXP-20240816-010,REP-044,2024-08-16,Food,552,true,true,Coffee meeting
EXP-20240824-007,REP-044,2024-08-24,Lodging,2434,true,true,Hotel stay — field trip
EXP-20240902-007,REP-044,2024-09-02,Food,530,true,true,Working lunch
EXP-20240831-008,REP-044,2024-08-31,Lodging,1902,true,true,Guest house — 2 nights
EXP-20240907-009,REP-044,2024-09-07,Travel,351,true,true,Cab to hospital
EXP-20240917-003,REP-044,2024-09-17,Food,783,true,true,Working lunch
EXP-20240912-006,REP-044,2024-09-12,Samples,310,true,true,Product samples drop
EXP-20240924-010,REP-044,2024-09-24,Samples,329,true,true,Sample packs for HCP
EXP-20240929-007,REP-044,2024-09-29,Travel,1192,true,true,Auto to clinic
EXP-20240925-007,REP-044,2024-09-25,Samples,794,true,true,Sample packs for HCP
EXP-20241002-008,REP-044,2024-10-02,Food,708,true,true,Team lunch with HCP
EXP-20241002-009,REP-044,2024-10-02,Travel,1146,true,false,Auto to clinic
EXP-20241012-007,REP-044,2024-10-12,Travel,351,true,true,Cab to hospital
EXP-20241015-004,REP-044,2024-10-15,Travel,1326,true,true,Fuel reimbursement
EXP-20241019-007,REP-044,2024-10-19,Food,234,true,true,Dinner with HCP
EXP-20241026-007,REP-044,2024-10-26,Travel,1792,true,true,Bus fare
EXP-20241030-008,REP-044,2024-10-30,Food,774,true,true,Working lunch
EXP-20241107-008,REP-044,2024-11-07,Samples,993,true,true,Sample packs for HCP
EXP-20241106-005,REP-044,2024-11-06,Travel,478,true,true,Fuel reimbursement
EXP-20241114-012,REP-044,2024-11-14,Food,604,false,true,Coffee meeting
EXP-20230406-006,REP-045,2023-04-06,Travel,1819,true,true,Cab to hospital
EXP-20230413-006,REP-045,2023-04-13,Travel,1741,true,true,Cab to hospital
EXP-20230419-008,REP-045,2023-04-19,Mobile,573,true,true,Roaming charges
EXP-20230425-005,REP-045,2023-04-25,Travel,1138,true,true,Fuel reimbursement
EXP-20230502-006,REP-045,2023-05-02,Travel,445,true,true,Auto to clinic
EXP-20230430-006,REP-045,2023-04-30,Travel,1166,true,true,Auto to clinic
EXP-20230508-007,REP-045,2023-05-08,Travel,467,false,true,Bus fare
EXP-20230509-008,REP-045,2023-05-09,Other,817,true,true,Stationery
EXP-20230517-009,REP-045,2023-05-17,Other,1999,true,false,Misc expense
EXP-20230514-002,REP-045,2023-05-14,Samples,159,true,true,Product samples drop
EXP-20230521-004,REP-045,2023-05-21,Travel,1971,true,true,Train ticket
EXP-20230528-004,REP-045,2023-05-28,Samples,542,true,true,Demo kit refill
EXP-20230528-005,REP-045,2023-05-28,Travel,582,false,true,Bus fare
EXP-20230604-007,REP-045,2023-06-04,Food,410,true,true,Coffee meeting
EXP-20230604-008,REP-045,2023-06-04,Food,471,true,true,Team lunch with HCP
EXP-20230614-005,REP-045,2023-06-14,Travel,512,true,true,Train ticket
EXP-20230609-003,REP-045,2023-06-09,Samples,381,true,true,Sample packs for HCP
EXP-20230617-007,REP-045,2023-06-17,Other,1421,true,true,Stationery
EXP-20230619-007,REP-045,2023-06-19,Food,107,true,true,Coffee meeting
EXP-20230622-003,REP-045,2023-06-22,Travel,984,true,true,Bus fare
EXP-20230623-002,REP-045,2023-06-23,Travel,1493,true,true,Bus fare
EXP-20230630-009,REP-045,2023-06-30,Travel,1817,true,true,Train ticket
EXP-20230629-003,REP-045,2023-06-29,Food,474,true,true,Working lunch
EXP-20230708-005,REP-045,2023-07-08,Conference,4353,true,true,Doctor meet sponsorship
EXP-20230717-004,REP-045,2023-07-17,Travel,1655,true,true,Train ticket
EXP-20230713-003,REP-045,2023-07-13,Travel,209,false,true,Fuel reimbursement
EXP-20230723-006,REP-045,2023-07-23,Samples,1014,true,true,Demo kit refill
EXP-20230720-008,REP-045,2023-07-20,Samples,247,true,true,Product samples drop
EXP-20230802-005,REP-045,2023-08-02,Travel,608,true,true,Fuel reimbursement
EXP-20230804-005,REP-045,2023-08-04,Food,216,true,true,Team lunch with HCP
EXP-20230803-007,REP-045,2023-08-03,Food,183,true,true,Dinner with HCP
EXP-20230813-008,REP-045,2023-08-13,Lodging,2705,true,true,Guest house — 2 nights
EXP-20230818-003,REP-045,2023-08-18,Travel,1504,true,true,Auto to clinic
EXP-20230818-004,REP-045,2023-08-18,Travel,1703,true,true,Train ticket
EXP-20230830-005,REP-045,2023-08-30,Travel,501,true,true,Cab to hospital
EXP-20230906-005,REP-045,2023-09-06,Food,658,true,true,Dinner with HCP
EXP-20230903-006,REP-045,2023-09-03,Travel,1670,true,true,Fuel reimbursement
EXP-20230909-002,REP-045,2023-09-09,Travel,628,true,false,Fuel reimbursement
EXP-20230916-002,REP-045,2023-09-16,Conference,3555,true,true,Conference registration
EXP-20230924-006,REP-045,2023-09-24,Travel,548,true,true,Cab to hospital
EXP-20231003-003,REP-045,2023-10-03,Food,721,true,false,Snacks for meeting
EXP-20230928-008,REP-045,2023-09-28,Food,772,true,true,Working lunch
EXP-20231010-008,REP-045,2023-10-10,Food,705,true,true,Working lunch
EXP-20231017-006,REP-045,2023-10-17,Lodging,2757,true,true,Lodging — outstation visit
EXP-20231024-007,REP-045,2023-10-24,Lodging,1920,true,true,Lodging — outstation visit
EXP-20231028-010,REP-045,2023-10-28,Conference,1802,true,true,Conference registration
EXP-20231108-004,REP-045,2023-11-08,Travel,921,true,false,Bus fare
EXP-20231113-008,REP-045,2023-11-13,Travel,1568,true,true,Cab to hospital
EXP-20231112-008,REP-045,2023-11-12,Samples,555,true,true,Sample packs for HCP
EXP-20231119-010,REP-045,2023-11-19,Lodging,3173,true,true,Lodging — outstation visit
EXP-20231124-003,REP-045,2023-11-24,Samples,615,true,true,Sample packs for HCP
EXP-20231129-007,REP-045,2023-11-29,Travel,525,true,true,Train ticket
EXP-20231203-006,REP-045,2023-12-03,Food,660,true,true,Dinner with HCP
EXP-20231205-005,REP-045,2023-12-05,Food,701,true,true,Working lunch
EXP-20231212-002,REP-045,2023-12-12,Travel,1006,true,true,Fuel reimbursement
EXP-20231210-005,REP-045,2023-12-10,Travel,946,true,true,Bus fare
EXP-20231216-010,REP-045,2023-12-16,Travel,222,true,true,Bus fare
EXP-20231222-006,REP-045,2023-12-22,Lodging,3976,true,true,Lodging — outstation visit
EXP-20231230-009,REP-045,2023-12-30,Lodging,3272,true,true,Lodging — outstation visit
EXP-20240108-004,REP-045,2024-01-08,Travel,553,true,true,Bus fare
EXP-20240108-005,REP-045,2024-01-08,Travel,1323,true,true,Train ticket
EXP-20240114-008,REP-045,2024-01-14,Samples,992,true,true,Sample packs for HCP
EXP-20240111-006,REP-045,2024-01-11,Food,774,true,true,Working lunch
EXP-20240123-006,REP-045,2024-01-23,Samples,224,false,true,Product samples drop
EXP-20240131-007,REP-045,2024-01-31,Samples,1142,false,true,Product samples drop
EXP-20240201-008,REP-045,2024-02-01,Travel,1316,false,true,Train ticket
EXP-20240212-005,REP-045,2024-02-12,Travel,1369,true,true,Auto to clinic
EXP-20240215-006,REP-045,2024-02-15,Travel,323,true,true,Train ticket
EXP-20240226-005,REP-045,2024-02-26,Food,292,true,true,Coffee meeting
EXP-20240229-006,REP-045,2024-02-29,Samples,182,true,true,Demo kit refill
EXP-20240305-005,REP-045,2024-03-05,Samples,812,true,true,Demo kit refill
EXP-20240311-006,REP-045,2024-03-11,Food,689,false,false,Snacks for meeting
EXP-20240312-006,REP-045,2024-03-12,Travel,742,true,true,Train ticket
EXP-20240315-009,REP-045,2024-03-15,Food,321,true,true,Snacks for meeting
EXP-20240314-005,REP-045,2024-03-14,Food,648,true,true,Dinner with HCP
EXP-20240326-006,REP-045,2024-03-26,Food,589,true,true,Snacks for meeting
EXP-20240331-008,REP-045,2024-03-31,Travel,633,true,true,Fuel reimbursement
EXP-20240329-008,REP-045,2024-03-29,Travel,298,true,true,Bus fare
EXP-20240405-003,REP-045,2024-04-05,Lodging,4452,true,false,Guest house — 2 nights
EXP-20240414-007,REP-045,2024-04-14,Travel,1636,true,true,Cab to hospital
EXP-20240411-003,REP-045,2024-04-11,Travel,489,true,true,Auto to clinic
EXP-20240421-006,REP-045,2024-04-21,Lodging,4505,true,false,Lodging — outstation visit
EXP-20240428-008,REP-045,2024-04-28,Food,121,true,true,Dinner with HCP
EXP-20240505-005,REP-045,2024-05-05,Travel,895,true,true,Bus fare
EXP-20240511-007,REP-045,2024-05-11,Other,391,true,true,Misc expense
EXP-20240521-004,REP-045,2024-05-21,Samples,1435,true,true,Demo kit refill
EXP-20240525-008,REP-045,2024-05-25,Food,132,true,true,Coffee meeting
EXP-20240529-008,REP-045,2024-05-29,Travel,908,true,true,Train ticket
EXP-20240530-004,REP-045,2024-05-30,Food,798,true,true,Snacks for meeting
EXP-20240601-005,REP-045,2024-06-01,Mobile,750,true,true,Mobile bill
EXP-20240612-009,REP-045,2024-06-12,Food,564,true,true,Dinner with HCP
EXP-20240614-011,REP-045,2024-06-14,Food,213,true,true,Working lunch
EXP-20240623-007,REP-045,2024-06-23,Travel,1922,true,true,Fuel reimbursement
EXP-20240625-010,REP-045,2024-06-25,Lodging,2586,true,true,Hotel stay — field trip
EXP-20240702-009,REP-045,2024-07-02,Travel,1313,true,true,Train ticket
EXP-20240709-007,REP-045,2024-07-09,Samples,1003,false,true,Product samples drop
EXP-20240707-006,REP-045,2024-07-07,Mobile,118,true,true,Internet recharge
EXP-20240715-009,REP-045,2024-07-15,Lodging,1830,true,true,Guest house — 2 nights
EXP-20240719-011,REP-045,2024-07-19,Food,299,true,true,Snacks for meeting
EXP-20240723-005,REP-045,2024-07-23,Travel,1082,true,true,Auto to clinic
EXP-20240727-006,REP-045,2024-07-27,Travel,1062,true,true,Train ticket
EXP-20240729-005,REP-045,2024-07-29,Travel,1150,true,true,Train ticket
EXP-20240801-005,REP-045,2024-08-01,Lodging,2877,true,true,Lodging — outstation visit
EXP-20240813-006,REP-045,2024-08-13,Samples,516,true,true,Sample packs for HCP
EXP-20240821-006,REP-045,2024-08-21,Lodging,3300,false,true,Lodging — outstation visit
EXP-20240826-007,REP-045,2024-08-26,Travel,1884,true,false,Fuel reimbursement
EXP-20240831-009,REP-045,2024-08-31,Travel,908,true,true,Fuel reimbursement
EXP-20240908-004,REP-045,2024-09-08,Travel,540,true,true,Train ticket
EXP-20240910-006,REP-045,2024-09-10,Lodging,2008,true,true,Hotel stay — field trip
EXP-20240918-008,REP-045,2024-09-18,Food,378,true,true,Working lunch
EXP-20240913-008,REP-045,2024-09-13,Travel,1505,true,true,Train ticket
EXP-20240921-005,REP-045,2024-09-21,Lodging,3947,true,true,Guest house — 2 nights
EXP-20240928-009,REP-045,2024-09-28,Lodging,2826,false,true,Hotel stay — field trip
EXP-20240926-010,REP-045,2024-09-26,Mobile,332,true,true,Mobile bill
EXP-20241005-004,REP-045,2024-10-05,Samples,1083,true,true,Product samples drop
EXP-20241011-007,REP-045,2024-10-11,Samples,323,true,true,Demo kit refill
EXP-20241020-010,REP-045,2024-10-20,Food,763,true,true,Snacks for meeting
EXP-20241018-009,REP-045,2024-10-18,Travel,592,true,true,Train ticket
EXP-20241028-007,REP-045,2024-10-28,Travel,543,true,true,Auto to clinic
EXP-20241105-009,REP-045,2024-11-05,Samples,203,true,true,Product samples drop
EXP-20241031-005,REP-045,2024-10-31,Travel,214,true,true,Cab to hospital
EXP-20241112-005,REP-045,2024-11-12,Lodging,2090,true,true,Hotel stay — field trip
EXP-20241115-007,REP-045,2024-11-15,Travel,907,false,true,Cab to hospital
EXP-20241123-005,REP-045,2024-11-23,Food,295,false,true,Snacks for meeting
EXP-20241129-009,REP-045,2024-11-29,Travel,837,true,true,Bus fare
EXP-20241206-007,REP-045,2024-12-06,Travel,1783,true,true,Fuel reimbursement
EXP-20241207-006,REP-045,2024-12-07,Food,534,true,true,Dinner with HCP
EXP-20241216-009,REP-045,2024-12-16,Travel,1850,true,true,Train ticket
EXP-20241212-009,REP-045,2024-12-12,Travel,1602,true,true,Auto to clinic
EXP-20241223-011,REP-045,2024-12-23,Food,345,true,true,Dinner with HCP
EXP-20241231-004,REP-045,2024-12-31,Lodging,1765,true,true,Guest house — 2 nights
EXP-20250108-008,REP-045,2025-01-08,Food,536,true,true,Working lunch
EXP-20250110-006,REP-045,2025-01-10,Food,176,true,true,Snacks for meeting
EXP-20250111-002,REP-045,2025-01-11,Food,585,true,true,Working lunch
EXP-20250117-006,REP-045,2025-01-17,Travel,650,true,true,Auto to clinic
EXP-20250117-007,REP-045,2025-01-17,Travel,1411,true,true,Bus fare
EXP-20250129-006,REP-045,2025-01-29,Travel,809,true,true,Auto to clinic
EXP-20250124-003,REP-045,2025-01-24,Conference,1878,true,true,Doctor meet sponsorship
EXP-20250202-008,REP-045,2025-02-02,Lodging,3088,true,true,Hotel stay — field trip
EXP-20250204-007,REP-045,2025-02-04,Lodging,3924,true,false,Hotel stay — field trip
EXP-20250211-005,REP-045,2025-02-11,Travel,939,true,false,Auto to clinic
EXP-20250212-007,REP-045,2025-02-12,Samples,879,true,false,Sample packs for HCP
EXP-20250213-010,REP-045,2025-02-13,Lodging,1815,true,true,Lodging — outstation visit
EXP-20250217-006,REP-045,2025-02-17,Travel,1071,true,true,Auto to clinic
EXP-20250223-004,REP-045,2025-02-23,Travel,1490,true,true,Bus fare
EXP-20250305-007,REP-045,2025-03-05,Conference,4889,true,true,CME event fees
EXP-20250227-006,REP-045,2025-02-27,Travel,525,true,true,Cab to hospital
EXP-20250311-008,REP-045,2025-03-11,Food,770,true,true,Snacks for meeting
EXP-20250312-012,REP-045,2025-03-12,Travel,1249,true,true,Auto to clinic
EXP-20250317-008,REP-045,2025-03-17,Mobile,377,true,true,Mobile bill
EXP-20250323-004,REP-045,2025-03-23,Travel,250,true,true,Fuel reimbursement
EXP-20250402-007,REP-045,2025-04-02,Lodging,1966,true,true,Guest house — 2 nights
EXP-20250328-006,REP-045,2025-03-28,Travel,1210,true,true,Bus fare
EXP-20250405-008,REP-045,2025-04-05,Food,132,true,true,Team lunch with HCP
EXP-20250416-005,REP-045,2025-04-16,Food,684,true,true,Working lunch
EXP-20250411-006,REP-045,2025-04-11,Travel,973,true,true,Cab to hospital
EXP-20250422-008,REP-045,2025-04-22,Travel,1640,true,true,Cab to hospital
EXP-20250430-004,REP-045,2025-04-30,Samples,427,true,true,Sample packs for HCP
EXP-20250503-006,REP-045,2025-05-03,Travel,840,true,true,Auto to clinic
EXP-20250514-005,REP-045,2025-05-14,Travel,397,true,true,Auto to clinic
EXP-20250515-007,REP-045,2025-05-15,Travel,1832,true,true,Auto to clinic
EXP-20250525-006,REP-045,2025-05-25,Samples,675,true,true,Product samples drop
EXP-20250531-005,REP-045,2025-05-31,Food,135,true,true,Working lunch
EXP-20250529-006,REP-045,2025-05-29,Food,412,true,true,Snacks for meeting
EXP-20250610-009,REP-045,2025-06-10,Lodging,3714,true,true,Guest house — 2 nights
EXP-20250607-012,REP-045,2025-06-07,Travel,1598,true,true,Train ticket
EXP-20250616-006,REP-045,2025-06-16,Lodging,2431,true,true,Lodging — outstation visit
EXP-20250622-008,REP-045,2025-06-22,Travel,432,true,true,Auto to clinic
EXP-20250626-004,REP-045,2025-06-26,Lodging,3850,false,true,Lodging — outstation visit
EXP-20250705-011,REP-045,2025-07-05,Travel,1523,true,true,Fuel reimbursement
EXP-20250711-005,REP-045,2025-07-11,Travel,1774,true,true,Fuel reimbursement
EXP-20250722-005,REP-045,2025-07-22,Travel,1044,true,true,Cab to hospital
EXP-20250717-005,REP-045,2025-07-17,Samples,1050,true,true,Demo kit refill
EXP-20250724-007,REP-045,2025-07-24,Food,641,false,true,Dinner with HCP
EXP-20250725-009,REP-045,2025-07-25,Travel,428,true,true,Fuel reimbursement
EXP-20250805-006,REP-045,2025-08-05,Samples,802,true,true,Product samples drop
EXP-20250805-007,REP-045,2025-08-05,Travel,1087,true,true,Auto to clinic
EXP-20250811-006,REP-045,2025-08-11,Lodging,3940,true,true,Guest house — 2 nights
EXP-20250808-002,REP-045,2025-08-08,Travel,262,true,true,Fuel reimbursement
EXP-20250816-007,REP-045,2025-08-16,Food,372,true,true,Snacks for meeting
EXP-20250826-007,REP-045,2025-08-26,Food,322,true,true,Coffee meeting
EXP-20250903-005,REP-045,2025-09-03,Travel,309,true,true,Fuel reimbursement
EXP-20250828-007,REP-045,2025-08-28,Lodging,1580,true,true,Lodging — outstation visit
EXP-20250905-010,REP-045,2025-09-05,Food,624,true,true,Dinner with HCP
EXP-20250904-006,REP-045,2025-09-04,Food,229,true,true,Dinner with HCP
EXP-20250913-004,REP-045,2025-09-13,Food,277,true,true,Snacks for meeting
EXP-20250920-008,REP-045,2025-09-20,Samples,605,true,false,Demo kit refill
EXP-20250924-004,REP-045,2025-09-24,Food,764,true,true,Working lunch
EXP-20250927-006,REP-045,2025-09-27,Food,441,true,true,Working lunch
EXP-20251004-007,REP-045,2025-10-04,Other,595,true,true,Stationery
EXP-20251002-009,REP-045,2025-10-02,Mobile,140,true,true,Mobile bill
EXP-20251013-005,REP-045,2025-10-13,Travel,372,true,true,Cab to hospital
EXP-20251021-006,REP-045,2025-10-21,Food,718,true,true,Dinner with HCP
EXP-20251016-008,REP-045,2025-10-16,Travel,1107,true,true,Cab to hospital
EXP-20251027-006,REP-045,2025-10-27,Samples,1204,true,true,Demo kit refill
EXP-20251027-007,REP-045,2025-10-27,Conference,2278,true,true,Doctor meet sponsorship
EXP-20251104-004,REP-045,2025-11-04,Travel,992,true,true,Auto to clinic
EXP-20251102-004,REP-045,2025-11-02,Travel,842,true,true,Fuel reimbursement
EXP-20251110-005,REP-045,2025-11-10,Lodging,3796,true,true,Hotel stay — field trip
EXP-20251108-009,REP-045,2025-11-08,Travel,1977,false,true,Bus fare
EXP-20251119-009,REP-045,2025-11-19,Travel,965,false,true,Train ticket
EXP-20251125-006,REP-045,2025-11-25,Travel,1011,true,true,Train ticket
EXP-20251130-008,REP-045,2025-11-30,Conference,4931,true,true,Conference registration
EXP-20251210-007,REP-045,2025-12-10,Food,466,false,true,Working lunch
EXP-20251212-005,REP-045,2025-12-12,Travel,1569,true,true,Fuel reimbursement
EXP-20251216-003,REP-045,2025-12-16,Travel,859,true,true,Bus fare
EXP-20251224-005,REP-045,2025-12-24,Travel,1001,true,true,Cab to hospital
EXP-20251227-005,REP-045,2025-12-27,Food,221,true,true,Working lunch
EXP-20260102-009,REP-045,2026-01-02,Samples,137,true,true,Sample packs for HCP
EXP-20260104-006,REP-045,2026-01-04,Travel,1924,true,true,Auto to clinic
EXP-20260113-006,REP-045,2026-01-13,Travel,1444,true,true,Fuel reimbursement
EXP-20260120-008,REP-045,2026-01-20,Samples,673,false,true,Sample packs for HCP
EXP-20260126-006,REP-045,2026-01-26,Travel,703,true,true,Train ticket
EXP-20260203-003,REP-045,2026-02-03,Travel,1687,true,true,Cab to hospital
EXP-20260205-006,REP-045,2026-02-05,Mobile,416,true,true,Mobile bill
EXP-20260216-007,REP-045,2026-02-16,Travel,534,true,false,Cab to hospital
EXP-20260224-007,REP-045,2026-02-24,Travel,257,true,true,Fuel reimbursement
EXP-20260222-005,REP-045,2026-02-22,Travel,1126,true,true,Train ticket
EXP-20260303-005,REP-045,2026-03-03,Travel,438,true,true,Train ticket
EXP-20260226-006,REP-045,2026-02-26,Travel,638,true,true,Auto to clinic
EXP-20260306-005,REP-045,2026-03-06,Samples,473,true,true,Sample packs for HCP
EXP-20260309-006,REP-045,2026-03-09,Samples,1392,false,true,Product samples drop
EXP-20260315-007,REP-045,2026-03-15,Travel,1725,true,true,Cab to hospital
EXP-20260323-007,REP-045,2026-03-23,Travel,1708,true,true,Cab to hospital
EXP-20260322-003,REP-045,2026-03-22,Lodging,3882,true,true,Lodging — outstation visit
EXP-20260331-003,REP-045,2026-03-31,Travel,1497,false,true,Train ticket
EXP-20230405-004,REP-046,2023-04-05,Conference,3807,true,true,Conference registration
EXP-20230402-007,REP-046,2023-04-02,Food,465,true,true,Snacks for meeting
EXP-20230412-004,REP-046,2023-04-12,Samples,813,true,true,Demo kit refill
EXP-20230411-008,REP-046,2023-04-11,Lodging,2258,true,true,Lodging — outstation visit
EXP-20230416-003,REP-046,2023-04-16,Travel,1902,true,true,Cab to hospital
EXP-20230422-004,REP-046,2023-04-22,Lodging,2756,true,true,Lodging — outstation visit
EXP-20230424-004,REP-046,2023-04-24,Travel,1165,true,true,Train ticket
EXP-20230429-004,REP-046,2023-04-29,Lodging,3532,true,true,Hotel stay — field trip
EXP-20230502-007,REP-046,2023-05-02,Travel,1360,true,true,Bus fare
EXP-20230507-004,REP-046,2023-05-07,Food,179,true,true,Coffee meeting
EXP-20230506-006,REP-046,2023-05-06,Lodging,3278,true,true,Hotel stay — field trip
EXP-20230512-003,REP-046,2023-05-12,Lodging,2080,true,true,Lodging — outstation visit
EXP-20230515-004,REP-046,2023-05-15,Conference,1879,true,true,Doctor meet sponsorship
EXP-20230521-005,REP-046,2023-05-21,Conference,1825,true,true,CME event fees
EXP-20230521-006,REP-046,2023-05-21,Mobile,248,true,true,Roaming charges
EXP-20230529-008,REP-046,2023-05-29,Samples,768,true,true,Demo kit refill
EXP-20230529-009,REP-046,2023-05-29,Samples,1041,true,true,Demo kit refill
EXP-20230608-005,REP-046,2023-06-08,Travel,1918,true,true,Cab to hospital
EXP-20230612-007,REP-046,2023-06-12,Conference,1341,true,true,Doctor meet sponsorship
EXP-20230614-006,REP-046,2023-06-14,Lodging,2359,true,true,Guest house — 2 nights
EXP-20230616-006,REP-046,2023-06-16,Samples,491,true,true,Demo kit refill
EXP-20230629-004,REP-046,2023-06-29,Samples,749,true,true,Demo kit refill
EXP-20230705-003,REP-046,2023-07-05,Samples,1290,true,true,Demo kit refill
EXP-20230702-005,REP-046,2023-07-02,Samples,620,true,true,Demo kit refill
EXP-20230713-004,REP-046,2023-07-13,Samples,1023,true,true,Sample packs for HCP
EXP-20230717-005,REP-046,2023-07-17,Lodging,1974,true,true,Lodging — outstation visit
EXP-20230717-006,REP-046,2023-07-17,Food,584,true,true,Working lunch
EXP-20230725-004,REP-046,2023-07-25,Travel,532,true,true,Train ticket
EXP-20230728-003,REP-046,2023-07-28,Travel,370,true,true,Fuel reimbursement
EXP-20230810-005,REP-046,2023-08-10,Travel,385,true,true,Cab to hospital
EXP-20230805-010,REP-046,2023-08-05,Travel,1931,true,true,Fuel reimbursement
EXP-20230812-009,REP-046,2023-08-12,Lodging,1653,true,true,Hotel stay — field trip
EXP-20230814-004,REP-046,2023-08-14,Food,518,true,true,Working lunch
EXP-20230820-008,REP-046,2023-08-20,Lodging,1585,true,true,Guest house — 2 nights
EXP-20230823-005,REP-046,2023-08-23,Travel,466,true,true,Cab to hospital
EXP-20230826-005,REP-046,2023-08-26,Conference,3760,true,true,Conference registration
EXP-20230825-005,REP-046,2023-08-25,Food,224,true,true,Dinner with HCP
EXP-20230907-006,REP-046,2023-09-07,Travel,1978,true,true,Train ticket
EXP-20230911-009,REP-046,2023-09-11,Food,196,true,true,Snacks for meeting
EXP-20230919-011,REP-046,2023-09-19,Travel,1094,false,true,Cab to hospital
EXP-20230923-002,REP-046,2023-09-23,Travel,1179,true,true,Auto to clinic
EXP-20230926-004,REP-046,2023-09-26,Samples,1161,true,true,Product samples drop
EXP-20230930-006,REP-046,2023-09-30,Travel,1399,true,true,Train ticket
EXP-20231005-007,REP-046,2023-10-05,Travel,1789,true,true,Bus fare
EXP-20231008-006,REP-046,2023-10-08,Travel,1114,true,true,Bus fare
EXP-20231018-004,REP-046,2023-10-18,Travel,408,false,true,Bus fare
EXP-20231021-007,REP-046,2023-10-21,Travel,1463,true,true,Bus fare
EXP-20231030-003,REP-046,2023-10-30,Food,652,true,false,Coffee meeting
EXP-20231102-008,REP-046,2023-11-02,Food,321,true,true,Dinner with HCP
EXP-20231106-009,REP-046,2023-11-06,Food,679,true,true,Snacks for meeting
EXP-20231105-005,REP-046,2023-11-05,Food,365,true,true,Working lunch
EXP-20231115-005,REP-046,2023-11-15,Travel,407,true,true,Bus fare
EXP-20231120-008,REP-046,2023-11-20,Food,405,true,true,Coffee meeting
EXP-20231128-007,REP-046,2023-11-28,Travel,826,true,true,Auto to clinic
EXP-20231127-004,REP-046,2023-11-27,Lodging,3717,true,true,Hotel stay — field trip
EXP-20231207-010,REP-046,2023-12-07,Travel,411,true,false,Bus fare
EXP-20231206-005,REP-046,2023-12-06,Food,262,false,true,Snacks for meeting
EXP-20231214-007,REP-046,2023-12-14,Samples,539,false,true,Demo kit refill
EXP-20231212-003,REP-046,2023-12-12,Mobile,461,false,true,Internet recharge
EXP-20231216-011,REP-046,2023-12-16,Food,437,true,true,Snacks for meeting
EXP-20231221-001,REP-046,2023-12-21,Food,599,true,true,Working lunch
EXP-20231226-003,REP-046,2023-12-26,Travel,760,true,true,Auto to clinic
EXP-20231223-007,REP-046,2023-12-23,Food,396,true,true,Coffee meeting
EXP-20240101-011,REP-046,2024-01-01,Food,237,true,true,Dinner with HCP
EXP-20231229-005,REP-046,2023-12-29,Samples,1147,true,true,Sample packs for HCP
EXP-20240106-008,REP-046,2024-01-06,Food,196,true,false,Snacks for meeting
EXP-20240117-004,REP-046,2024-01-17,Travel,1705,true,true,Cab to hospital
EXP-20240112-009,REP-046,2024-01-12,Food,119,true,true,Coffee meeting
EXP-20240121-006,REP-046,2024-01-21,Mobile,345,true,true,Internet recharge
EXP-20240130-011,REP-046,2024-01-30,Lodging,3224,true,true,Lodging — outstation visit
EXP-20240204-008,REP-046,2024-02-04,Travel,281,false,true,Bus fare
EXP-20240213-004,REP-046,2024-02-13,Conference,2202,true,true,Doctor meet sponsorship
EXP-20240220-005,REP-046,2024-02-20,Mobile,340,true,true,Internet recharge
EXP-20240219-005,REP-046,2024-02-19,Food,605,true,false,Dinner with HCP
EXP-20240225-007,REP-046,2024-02-25,Food,195,true,true,Working lunch
EXP-20240226-006,REP-046,2024-02-26,Conference,3998,true,true,Conference registration
EXP-20240303-005,REP-046,2024-03-03,Samples,794,true,true,Sample packs for HCP
EXP-20240309-008,REP-046,2024-03-09,Food,241,true,true,Dinner with HCP
EXP-20240316-006,REP-046,2024-03-16,Lodging,1618,true,true,Lodging — outstation visit
EXP-20240315-010,REP-046,2024-03-15,Lodging,3674,true,true,Guest house — 2 nights
EXP-20240325-006,REP-046,2024-03-25,Travel,1798,true,false,Fuel reimbursement
EXP-20240328-006,REP-046,2024-03-28,Travel,1848,true,true,Train ticket
EXP-20240329-009,REP-046,2024-03-29,Samples,923,true,true,Sample packs for HCP
EXP-20240329-010,REP-046,2024-03-29,Travel,1645,true,true,Cab to hospital
EXP-20240409-010,REP-046,2024-04-09,Food,253,true,true,Snacks for meeting
EXP-20240414-008,REP-046,2024-04-14,Samples,1443,true,true,Demo kit refill
EXP-20240414-009,REP-046,2024-04-14,Lodging,3179,true,true,Hotel stay — field trip
EXP-20240419-008,REP-046,2024-04-19,Other,1066,true,true,Printing materials
EXP-20240420-008,REP-046,2024-04-20,Travel,515,true,true,Fuel reimbursement
EXP-20240430-005,REP-046,2024-04-30,Travel,1392,false,true,Fuel reimbursement
EXP-20240505-006,REP-046,2024-05-05,Travel,300,true,true,Bus fare
EXP-20240503-006,REP-046,2024-05-03,Food,282,true,true,Team lunch with HCP
EXP-20240512-005,REP-046,2024-05-12,Travel,1489,true,true,Train ticket
EXP-20240511-008,REP-046,2024-05-11,Samples,299,true,true,Demo kit refill
EXP-20240521-005,REP-046,2024-05-21,Travel,924,true,true,Bus fare
EXP-20240517-008,REP-046,2024-05-17,Travel,1635,true,true,Fuel reimbursement
EXP-20240526-011,REP-046,2024-05-26,Travel,1292,true,true,Train ticket
EXP-20240526-012,REP-046,2024-05-26,Food,188,true,true,Team lunch with HCP
EXP-20240603-011,REP-046,2024-06-03,Food,412,true,true,Snacks for meeting
EXP-20230406-007,REP-047,2023-04-06,Food,597,false,true,Dinner with HCP
EXP-20230409-005,REP-047,2023-04-09,Lodging,1628,true,true,Lodging — outstation visit
EXP-20230407-004,REP-047,2023-04-07,Food,630,true,true,Dinner with HCP
EXP-20230419-009,REP-047,2023-04-19,Travel,1515,true,true,Fuel reimbursement
EXP-20230419-010,REP-047,2023-04-19,Lodging,2248,true,true,Lodging — outstation visit
EXP-20230422-005,REP-047,2023-04-22,Food,428,true,true,Dinner with HCP
EXP-20230423-008,REP-047,2023-04-23,Travel,1111,false,true,Bus fare
EXP-20230502-008,REP-047,2023-05-02,Food,345,true,true,Snacks for meeting
EXP-20230506-007,REP-047,2023-05-06,Mobile,393,true,true,Mobile bill
EXP-20230518-004,REP-047,2023-05-18,Travel,415,true,true,Auto to clinic
EXP-20230521-007,REP-047,2023-05-21,Travel,761,true,true,Bus fare
EXP-20230520-004,REP-047,2023-05-20,Food,291,true,true,Snacks for meeting
EXP-20230529-010,REP-047,2023-05-29,Food,610,true,false,Coffee meeting
EXP-20230527-008,REP-047,2023-05-27,Lodging,2439,true,true,Lodging — outstation visit
EXP-20230602-004,REP-047,2023-06-02,Lodging,3234,true,true,Hotel stay — field trip
EXP-20230604-009,REP-047,2023-06-04,Food,151,true,true,Snacks for meeting
EXP-20230615-007,REP-047,2023-06-15,Conference,712,true,true,Conference registration
EXP-20230617-008,REP-047,2023-06-17,Samples,1383,true,true,Product samples drop
EXP-20230625-004,REP-047,2023-06-25,Lodging,2013,true,true,Lodging — outstation visit
EXP-20230703-007,REP-047,2023-07-03,Samples,251,true,true,Product samples drop
EXP-20230708-006,REP-047,2023-07-08,Travel,1883,true,true,Bus fare
EXP-20230716-007,REP-047,2023-07-16,Travel,1538,false,true,Fuel reimbursement
EXP-20230715-005,REP-047,2023-07-15,Travel,384,true,true,Auto to clinic
EXP-20230721-002,REP-047,2023-07-21,Food,148,true,true,Working lunch
EXP-20230803-008,REP-047,2023-08-03,Travel,660,true,true,Auto to clinic
EXP-20230809-007,REP-047,2023-08-09,Food,639,true,true,Coffee meeting
EXP-20230813-009,REP-047,2023-08-13,Travel,1096,true,true,Bus fare
EXP-20230820-009,REP-047,2023-08-20,Travel,1079,true,true,Fuel reimbursement
EXP-20230821-006,REP-047,2023-08-21,Travel,1899,true,true,Cab to hospital
EXP-20230830-006,REP-047,2023-08-30,Travel,339,true,true,Train ticket
EXP-20230902-007,REP-047,2023-09-02,Other,1413,true,true,Printing materials
EXP-20230902-008,REP-047,2023-09-02,Food,746,false,true,Team lunch with HCP
EXP-20230913-002,REP-047,2023-09-13,Lodging,3094,false,true,Lodging — outstation visit
EXP-20230911-010,REP-047,2023-09-11,Travel,1585,true,true,Cab to hospital
EXP-20230918-003,REP-047,2023-09-18,Travel,1341,true,true,Bus fare
EXP-20230927-006,REP-047,2023-09-27,Mobile,111,true,true,Roaming charges
EXP-20230923-003,REP-047,2023-09-23,Lodging,2266,true,true,Lodging — outstation visit
EXP-20231004-008,REP-047,2023-10-04,Lodging,1960,true,true,Guest house — 2 nights
EXP-20231002-006,REP-047,2023-10-02,Travel,1421,true,true,Fuel reimbursement
EXP-20231007-007,REP-047,2023-10-07,Lodging,2404,true,true,Guest house — 2 nights
EXP-20231007-008,REP-047,2023-10-07,Food,178,true,true,Working lunch
EXP-20231017-007,REP-047,2023-10-17,Samples,828,false,true,Demo kit refill
EXP-20231025-004,REP-047,2023-10-25,Samples,56,true,true,Demo kit refill
EXP-20231031-005,REP-047,2023-10-31,Lodging,2148,true,true,Guest house — 2 nights
EXP-20231031-006,REP-047,2023-10-31,Samples,825,true,true,Sample packs for HCP
EXP-20231106-010,REP-047,2023-11-06,Food,519,true,true,Working lunch
EXP-20231113-009,REP-047,2023-11-13,Travel,1492,true,true,Cab to hospital
EXP-20231116-004,REP-047,2023-11-16,Travel,1421,true,true,Fuel reimbursement
EXP-20231119-011,REP-047,2023-11-19,Food,628,true,true,Team lunch with HCP
EXP-20231120-009,REP-047,2023-11-20,Food,747,true,true,Working lunch
EXP-20231130-013,REP-047,2023-11-30,Mobile,397,false,true,Mobile bill
EXP-20231201-005,REP-047,2023-12-01,Travel,1200,true,true,Auto to clinic
EXP-20231204-008,REP-047,2023-12-04,Travel,916,true,true,Cab to hospital
EXP-20231212-004,REP-047,2023-12-12,Other,1263,true,true,Stationery
EXP-20231209-006,REP-047,2023-12-09,Travel,806,true,true,Fuel reimbursement
EXP-20231215-012,REP-047,2023-12-15,Mobile,141,true,true,Internet recharge
EXP-20231222-007,REP-047,2023-12-22,Travel,686,true,true,Bus fare
EXP-20231229-006,REP-047,2023-12-29,Lodging,2850,true,true,Lodging — outstation visit
EXP-20240105-004,REP-047,2024-01-05,Travel,977,true,true,Cab to hospital
EXP-20240109-012,REP-047,2024-01-09,Food,175,true,true,Working lunch
EXP-20240118-005,REP-047,2024-01-18,Food,404,true,true,Coffee meeting
EXP-20240121-007,REP-047,2024-01-21,Food,632,false,false,Coffee meeting
EXP-20240122-006,REP-047,2024-01-22,Mobile,700,true,true,Roaming charges
EXP-20240130-012,REP-047,2024-01-30,Travel,1983,true,true,Fuel reimbursement
EXP-20240201-009,REP-047,2024-02-01,Travel,457,true,true,Bus fare
EXP-20240207-004,REP-047,2024-02-07,Travel,1637,true,true,Bus fare
EXP-20240208-004,REP-047,2024-02-08,Food,555,true,true,Dinner with HCP
EXP-20240214-005,REP-047,2024-02-14,Food,210,false,true,Snacks for meeting
EXP-20240213-005,REP-047,2024-02-13,Lodging,2260,true,true,Hotel stay — field trip
EXP-20240218-010,REP-047,2024-02-18,Other,156,true,true,Stationery
EXP-20240226-007,REP-047,2024-02-26,Food,339,true,true,Coffee meeting
EXP-20240228-004,REP-047,2024-02-28,Lodging,2969,true,true,Lodging — outstation visit
EXP-20240302-006,REP-047,2024-03-02,Travel,504,true,true,Train ticket
EXP-20240303-006,REP-047,2024-03-03,Samples,741,false,true,Product samples drop
EXP-20240312-007,REP-047,2024-03-12,Travel,1306,false,true,Cab to hospital
EXP-20240318-008,REP-047,2024-03-18,Travel,1395,true,true,Train ticket
EXP-20240326-007,REP-047,2024-03-26,Travel,1138,true,true,Train ticket
EXP-20240328-007,REP-047,2024-03-28,Food,287,true,true,Team lunch with HCP
EXP-20240330-011,REP-047,2024-03-30,Food,476,true,true,Team lunch with HCP
EXP-20240408-005,REP-047,2024-04-08,Samples,1315,true,true,Product samples drop
EXP-20240413-007,REP-047,2024-04-13,Travel,651,true,true,Train ticket
EXP-20240415-005,REP-047,2024-04-15,Other,1082,true,true,Stationery
EXP-20240419-009,REP-047,2024-04-19,Travel,934,true,true,Cab to hospital
EXP-20240423-007,REP-047,2024-04-23,Travel,321,true,true,Auto to clinic
EXP-20240430-006,REP-047,2024-04-30,Travel,1656,true,true,Bus fare
EXP-20240504-007,REP-047,2024-05-04,Other,57,true,true,Printing materials
EXP-20240516-006,REP-047,2024-05-16,Travel,992,true,true,Fuel reimbursement
EXP-20240518-006,REP-047,2024-05-18,Travel,231,true,true,Fuel reimbursement
EXP-20240518-007,REP-047,2024-05-18,Travel,435,true,true,Cab to hospital
EXP-20240525-009,REP-047,2024-05-25,Travel,1044,true,true,Bus fare
EXP-20240606-009,REP-047,2024-06-06,Travel,1968,true,true,Fuel reimbursement
EXP-20240611-004,REP-047,2024-06-11,Travel,954,true,true,Auto to clinic
EXP-20240607-010,REP-047,2024-06-07,Travel,1533,false,true,Bus fare
EXP-20240620-005,REP-047,2024-06-20,Travel,729,true,true,Cab to hospital
EXP-20240625-011,REP-047,2024-06-25,Travel,1424,true,true,Fuel reimbursement
EXP-20240703-005,REP-047,2024-07-03,Travel,1845,true,true,Cab to hospital
EXP-20240628-004,REP-047,2024-06-28,Samples,833,false,true,Product samples drop
EXP-20240711-007,REP-047,2024-07-11,Food,749,true,true,Team lunch with HCP
EXP-20240713-004,REP-047,2024-07-13,Samples,1150,true,true,Demo kit refill
EXP-20240721-008,REP-047,2024-07-21,Food,217,true,true,Coffee meeting
EXP-20240721-009,REP-047,2024-07-21,Food,196,false,true,Dinner with HCP
EXP-20240727-007,REP-047,2024-07-27,Food,606,true,true,Coffee meeting
EXP-20240730-012,REP-047,2024-07-30,Lodging,3486,true,true,Lodging — outstation visit
EXP-20240804-009,REP-047,2024-08-04,Lodging,3073,true,true,Lodging — outstation visit
EXP-20240806-007,REP-047,2024-08-06,Travel,453,true,true,Bus fare
EXP-20240809-006,REP-047,2024-08-09,Travel,1244,true,true,Fuel reimbursement
EXP-20240814-007,REP-047,2024-08-14,Samples,534,true,true,Product samples drop
EXP-20240818-006,REP-047,2024-08-18,Travel,1314,true,true,Auto to clinic
EXP-20240816-011,REP-047,2024-08-16,Samples,1338,false,true,Demo kit refill
EXP-20240829-005,REP-047,2024-08-29,Lodging,3862,true,true,Lodging — outstation visit
EXP-20240824-008,REP-047,2024-08-24,Travel,967,true,true,Fuel reimbursement
EXP-20240905-006,REP-047,2024-09-05,Travel,200,true,true,Fuel reimbursement
EXP-20240905-007,REP-047,2024-09-05,Samples,1139,true,true,Product samples drop
EXP-20240907-010,REP-047,2024-09-07,Lodging,1738,false,true,Guest house — 2 nights
EXP-20240907-011,REP-047,2024-09-07,Other,587,true,true,Misc expense
EXP-20240918-009,REP-047,2024-09-18,Travel,631,true,true,Bus fare
EXP-20240917-004,REP-047,2024-09-17,Travel,1648,true,true,Train ticket
EXP-20240926-011,REP-047,2024-09-26,Travel,1990,true,true,Fuel reimbursement
EXP-20240925-008,REP-047,2024-09-25,Travel,1915,true,true,Bus fare
EXP-20241003-009,REP-047,2024-10-03,Food,111,true,true,Team lunch with HCP
EXP-20241001-008,REP-047,2024-10-01,Conference,1568,true,true,CME event fees
EXP-20241009-007,REP-047,2024-10-09,Food,146,true,true,Dinner with HCP
EXP-20241009-008,REP-047,2024-10-09,Lodging,2879,true,true,Guest house — 2 nights
EXP-20241016-005,REP-047,2024-10-16,Travel,1041,true,true,Cab to hospital
EXP-20241023-007,REP-047,2024-10-23,Food,300,true,true,Dinner with HCP
EXP-20241027-005,REP-047,2024-10-27,Food,336,true,true,Team lunch with HCP
EXP-20241025-007,REP-047,2024-10-25,Travel,229,false,true,Train ticket
EXP-20241107-009,REP-047,2024-11-07,Samples,1296,true,true,Sample packs for HCP
EXP-20241103-005,REP-047,2024-11-03,Travel,1081,true,true,Bus fare
EXP-20241108-010,REP-047,2024-11-08,Travel,1796,true,true,Fuel reimbursement
EXP-20241108-011,REP-047,2024-11-08,Travel,1184,true,true,Bus fare
EXP-20241121-005,REP-047,2024-11-21,Lodging,3363,true,true,Hotel stay — field trip
EXP-20241117-003,REP-047,2024-11-17,Samples,736,true,true,Sample packs for HCP
EXP-20241124-009,REP-047,2024-11-24,Mobile,350,true,true,Internet recharge
EXP-20241128-007,REP-047,2024-11-28,Samples,936,true,true,Demo kit refill
EXP-20241203-004,REP-047,2024-12-03,Lodging,3892,false,true,Lodging — outstation visit
EXP-20241210-007,REP-047,2024-12-10,Travel,1360,true,true,Auto to clinic
EXP-20241213-007,REP-047,2024-12-13,Mobile,100,true,true,Roaming charges
EXP-20241214-005,REP-047,2024-12-14,Travel,404,true,true,Train ticket
EXP-20241223-012,REP-047,2024-12-23,Travel,1076,true,true,Train ticket
EXP-20241220-008,REP-047,2024-12-20,Food,456,true,true,Team lunch with HCP
EXP-20250101-008,REP-047,2025-01-01,Lodging,3857,true,true,Guest house — 2 nights
EXP-20250101-009,REP-047,2025-01-01,Travel,1199,true,true,Auto to clinic
EXP-20250105-011,REP-047,2025-01-05,Travel,306,true,true,Train ticket
EXP-20250114-010,REP-047,2025-01-14,Food,517,true,true,Dinner with HCP
EXP-20250115-002,REP-047,2025-01-15,Food,720,true,true,Working lunch
EXP-20250122-006,REP-047,2025-01-22,Travel,1811,true,true,Bus fare
EXP-20250125-008,REP-047,2025-01-25,Lodging,3596,true,true,Guest house — 2 nights
EXP-20250206-006,REP-047,2025-02-06,Lodging,3386,true,true,Hotel stay — field trip
EXP-20250209-011,REP-047,2025-02-09,Travel,479,true,true,Bus fare
EXP-20250214-009,REP-047,2025-02-14,Travel,346,true,true,Bus fare
EXP-20250227-007,REP-047,2025-02-27,Travel,1875,true,true,Cab to hospital
EXP-20250305-008,REP-047,2025-03-05,Travel,1776,true,true,Train ticket
EXP-20250301-003,REP-047,2025-03-01,Travel,733,true,false,Train ticket
EXP-20250308-007,REP-047,2025-03-08,Mobile,752,true,true,Mobile bill
EXP-20250315-008,REP-047,2025-03-15,Travel,1077,true,true,Auto to clinic
EXP-20250315-009,REP-047,2025-03-15,Travel,273,true,true,Train ticket
EXP-20250323-005,REP-047,2025-03-23,Food,494,true,true,Snacks for meeting
EXP-20250403-008,REP-047,2025-04-03,Mobile,565,true,true,Internet recharge
EXP-20250331-008,REP-047,2025-03-31,Travel,709,true,true,Bus fare
EXP-20250410-009,REP-047,2025-04-10,Travel,1806,true,true,Train ticket
EXP-20250414-008,REP-047,2025-04-14,Lodging,1983,true,true,Lodging — outstation visit
EXP-20250415-003,REP-047,2025-04-15,Travel,823,true,false,Auto to clinic
EXP-20250418-005,REP-047,2025-04-18,Food,367,true,true,Snacks for meeting
EXP-20250424-007,REP-047,2025-04-24,Samples,280,true,true,Product samples drop
EXP-20250426-007,REP-047,2025-04-26,Travel,1737,true,true,Bus fare
EXP-20250508-007,REP-047,2025-05-08,Food,133,true,true,Team lunch with HCP
EXP-20250510-010,REP-047,2025-05-10,Travel,1339,true,true,Bus fare
EXP-20250510-011,REP-047,2025-05-10,Travel,1329,true,true,Train ticket
EXP-20250517-007,REP-047,2025-05-17,Travel,539,false,true,Train ticket
EXP-20250528-005,REP-047,2025-05-28,Food,424,true,false,Dinner with HCP
EXP-20250527-003,REP-047,2025-05-27,Travel,473,true,true,Auto to clinic
EXP-20250602-009,REP-047,2025-06-02,Travel,1037,true,true,Fuel reimbursement
EXP-20250609-003,REP-047,2025-06-09,Food,282,true,true,Working lunch
EXP-20250614-006,REP-047,2025-06-14,Travel,761,true,true,Fuel reimbursement
EXP-20250613-006,REP-047,2025-06-13,Lodging,1639,true,true,Guest house — 2 nights
EXP-20250624-007,REP-047,2025-06-24,Conference,4607,true,true,Conference registration
EXP-20250623-008,REP-047,2025-06-23,Lodging,2771,true,true,Guest house — 2 nights
EXP-20250627-005,REP-047,2025-06-27,Mobile,110,true,true,Roaming charges
EXP-20250706-007,REP-047,2025-07-06,Lodging,2289,true,true,Guest house — 2 nights
EXP-20250717-006,REP-047,2025-07-17,Travel,648,true,true,Bus fare
EXP-20250714-005,REP-047,2025-07-14,Travel,400,true,true,Auto to clinic
EXP-20250724-008,REP-047,2025-07-24,Conference,4722,true,true,CME event fees
EXP-20250727-007,REP-047,2025-07-27,Travel,1911,true,true,Auto to clinic
EXP-20250727-008,REP-047,2025-07-27,Travel,1424,true,true,Fuel reimbursement
EXP-20250804-010,REP-047,2025-08-04,Samples,707,true,true,Demo kit refill
EXP-20250803-003,REP-047,2025-08-03,Food,544,true,true,Team lunch with HCP
EXP-20250813-007,REP-047,2025-08-13,Lodging,2939,true,true,Hotel stay — field trip
EXP-20250810-008,REP-047,2025-08-10,Travel,1102,true,false,Train ticket
EXP-20250815-007,REP-047,2025-08-15,Travel,1325,true,true,Cab to hospital
EXP-20250824-002,REP-047,2025-08-24,Travel,1330,true,true,Auto to clinic
EXP-20250904-007,REP-047,2025-09-04,Conference,717,true,true,CME event fees
EXP-20250909-006,REP-047,2025-09-09,Samples,1455,true,false,Demo kit refill
EXP-20250909-007,REP-047,2025-09-09,Lodging,2540,true,true,Guest house — 2 nights
EXP-20250915-008,REP-047,2025-09-15,Food,685,true,true,Coffee meeting
EXP-20250924-005,REP-047,2025-09-24,Travel,1431,true,true,Cab to hospital
EXP-20251001-006,REP-047,2025-10-01,Mobile,492,true,true,Roaming charges
EXP-20251003-003,REP-047,2025-10-03,Travel,1380,true,true,Cab to hospital
EXP-20251007-009,REP-047,2025-10-07,Travel,1115,true,true,Auto to clinic
EXP-20251014-007,REP-047,2025-10-14,Food,474,false,true,Team lunch with HCP
EXP-20251014-008,REP-047,2025-10-14,Lodging,1691,true,true,Guest house — 2 nights
EXP-20251017-004,REP-047,2025-10-17,Samples,411,true,true,Demo kit refill
EXP-20251026-010,REP-047,2025-10-26,Travel,981,true,true,Cab to hospital
EXP-20251028-006,REP-047,2025-10-28,Food,620,false,true,Coffee meeting
EXP-20251106-008,REP-047,2025-11-06,Travel,398,true,true,Auto to clinic
EXP-20251111-003,REP-047,2025-11-11,Mobile,631,true,true,Roaming charges
EXP-20251108-010,REP-047,2025-11-08,Food,279,false,true,Coffee meeting
EXP-20251116-005,REP-047,2025-11-16,Travel,1753,true,false,Fuel reimbursement
EXP-20251118-006,REP-047,2025-11-18,Food,465,false,true,Coffee meeting
EXP-20251122-005,REP-047,2025-11-22,Travel,1754,true,true,Cab to hospital
EXP-20251126-004,REP-047,2025-11-26,Travel,506,true,true,Bus fare
EXP-20251128-005,REP-047,2025-11-28,Travel,493,true,true,Auto to clinic
EXP-20251207-004,REP-047,2025-12-07,Food,353,false,true,Working lunch
EXP-20251210-008,REP-047,2025-12-10,Samples,325,true,true,Demo kit refill
EXP-20251213-003,REP-047,2025-12-13,Food,206,true,true,Dinner with HCP
EXP-20251217-004,REP-047,2025-12-17,Samples,976,true,true,Demo kit refill
EXP-20251225-005,REP-047,2025-12-25,Samples,1362,true,true,Demo kit refill
EXP-20251227-006,REP-047,2025-12-27,Food,379,true,true,Team lunch with HCP
EXP-20260108-008,REP-047,2026-01-08,Mobile,155,true,true,Mobile bill
EXP-20260109-002,REP-047,2026-01-09,Mobile,584,true,true,Internet recharge
EXP-20260113-007,REP-047,2026-01-13,Mobile,585,true,true,Mobile bill
EXP-20260118-010,REP-047,2026-01-18,Lodging,3675,true,true,Lodging — outstation visit
EXP-20260125-005,REP-047,2026-01-25,Food,730,true,true,Working lunch
EXP-20260128-005,REP-047,2026-01-28,Travel,1832,true,true,Bus fare
EXP-20260201-005,REP-047,2026-02-01,Food,119,true,true,Snacks for meeting
EXP-20260210-006,REP-047,2026-02-10,Travel,1994,true,true,Train ticket
EXP-20260212-006,REP-047,2026-02-12,Samples,836,true,false,Product samples drop
EXP-20260214-007,REP-047,2026-02-14,Travel,1174,true,true,Fuel reimbursement
EXP-20260222-006,REP-047,2026-02-22,Travel,276,true,true,Bus fare
EXP-20260305-004,REP-047,2026-03-05,Travel,1044,true,true,Cab to hospital
EXP-20260228-004,REP-047,2026-02-28,Lodging,2251,true,true,Guest house — 2 nights
EXP-20260310-007,REP-047,2026-03-10,Travel,1341,true,true,Auto to clinic
EXP-20260316-008,REP-047,2026-03-16,Food,718,true,true,Coffee meeting
EXP-20260319-005,REP-047,2026-03-19,Travel,316,false,true,Cab to hospital
EXP-20260325-005,REP-047,2026-03-25,Conference,4770,true,true,CME event fees
EXP-20260324-009,REP-047,2026-03-24,Travel,1813,true,true,Auto to clinic
EXP-20260328-006,REP-047,2026-03-28,Travel,1744,true,true,Cab to hospital
EXP-20230410-004,REP-048,2023-04-10,Food,491,true,true,Team lunch with HCP
EXP-20230416-004,REP-048,2023-04-16,Travel,1577,true,true,Cab to hospital
EXP-20230417-004,REP-048,2023-04-17,Lodging,2564,true,true,Hotel stay — field trip
EXP-20230422-006,REP-048,2023-04-22,Conference,2852,true,true,Conference registration
EXP-20230428-007,REP-048,2023-04-28,Food,605,false,true,Working lunch
EXP-20230428-008,REP-048,2023-04-28,Travel,1230,true,true,Train ticket
EXP-20230503-006,REP-048,2023-05-03,Samples,732,true,true,Demo kit refill
EXP-20230503-007,REP-048,2023-05-03,Travel,1750,false,true,Train ticket
EXP-20230511-005,REP-048,2023-05-11,Samples,1027,true,true,Sample packs for HCP
EXP-20230516-007,REP-048,2023-05-16,Travel,525,true,true,Cab to hospital
EXP-20230523-003,REP-048,2023-05-23,Travel,367,true,true,Train ticket
EXP-20230605-002,REP-048,2023-06-05,Lodging,3028,true,true,Lodging — outstation visit
EXP-20230602-005,REP-048,2023-06-02,Other,591,false,true,Stationery
EXP-20230609-004,REP-048,2023-06-09,Lodging,3396,true,true,Hotel stay — field trip
EXP-20230619-008,REP-048,2023-06-19,Travel,1683,true,true,Cab to hospital
EXP-20230615-008,REP-048,2023-06-15,Mobile,459,true,true,Mobile bill
EXP-20230623-003,REP-048,2023-06-23,Samples,773,true,true,Product samples drop
EXP-20230703-008,REP-048,2023-07-03,Food,669,true,true,Snacks for meeting
EXP-20230628-006,REP-048,2023-06-28,Travel,1482,true,true,Auto to clinic
EXP-20230709-008,REP-048,2023-07-09,Food,756,true,false,Snacks for meeting
EXP-20230716-008,REP-048,2023-07-16,Samples,456,true,true,Product samples drop
EXP-20230722-004,REP-048,2023-07-22,Food,269,true,false,Dinner with HCP
EXP-20230726-007,REP-048,2023-07-26,Conference,2310,true,true,CME event fees
EXP-20230731-008,REP-048,2023-07-31,Travel,1939,true,true,Train ticket
EXP-20230805-011,REP-048,2023-08-05,Food,360,true,true,Snacks for meeting
EXP-20230809-008,REP-048,2023-08-09,Travel,713,true,true,Cab to hospital
EXP-20230816-004,REP-048,2023-08-16,Lodging,2069,true,true,Guest house — 2 nights
EXP-20230816-005,REP-048,2023-08-16,Other,1858,true,true,Stationery
EXP-20230823-006,REP-048,2023-08-23,Food,411,true,true,Snacks for meeting
EXP-20230904-004,REP-048,2023-09-04,Travel,829,true,false,Cab to hospital
EXP-20230910-009,REP-048,2023-09-10,Travel,1182,true,true,Bus fare
EXP-20230918-004,REP-048,2023-09-18,Travel,1329,true,true,Bus fare
EXP-20230922-008,REP-048,2023-09-22,Lodging,3150,true,true,Hotel stay — field trip
EXP-20230925-007,REP-048,2023-09-25,Travel,954,true,true,Train ticket
EXP-20230927-007,REP-048,2023-09-27,Mobile,308,false,true,Roaming charges
EXP-20231005-008,REP-048,2023-10-05,Travel,991,true,true,Bus fare
EXP-20231009-004,REP-048,2023-10-09,Travel,530,true,true,Auto to clinic
EXP-20231012-006,REP-048,2023-10-12,Food,256,true,true,Working lunch
EXP-20231018-005,REP-048,2023-10-18,Other,908,true,true,Misc expense
EXP-20231018-006,REP-048,2023-10-18,Travel,1242,true,true,Fuel reimbursement
EXP-20231025-005,REP-048,2023-10-25,Samples,277,true,true,Demo kit refill
EXP-20231106-011,REP-048,2023-11-06,Travel,1451,true,true,Fuel reimbursement
EXP-20231107-005,REP-048,2023-11-07,Travel,411,true,true,Fuel reimbursement
EXP-20231110-008,REP-048,2023-11-10,Food,195,true,true,Working lunch
EXP-20231120-010,REP-048,2023-11-20,Travel,1407,false,true,Bus fare
EXP-20231117-008,REP-048,2023-11-17,Travel,1995,true,true,Auto to clinic
EXP-20231127-005,REP-048,2023-11-27,Travel,1023,true,true,Bus fare
EXP-20231121-006,REP-048,2023-11-21,Travel,592,false,true,Bus fare
EXP-20231130-014,REP-048,2023-11-30,Travel,1069,true,true,Bus fare
EXP-20231208-005,REP-048,2023-12-08,Travel,1195,true,true,Bus fare
EXP-20231213-006,REP-048,2023-12-13,Food,566,true,true,Dinner with HCP
EXP-20231214-008,REP-048,2023-12-14,Mobile,233,true,true,Roaming charges
EXP-20231220-008,REP-048,2023-12-20,Lodging,2531,true,true,Hotel stay — field trip
EXP-20231225-011,REP-048,2023-12-25,Food,532,true,true,Team lunch with HCP
EXP-20231230-010,REP-048,2023-12-30,Travel,1210,true,true,Auto to clinic
EXP-20240106-009,REP-048,2024-01-06,Travel,1834,false,true,Train ticket
EXP-20240111-007,REP-048,2024-01-11,Travel,1459,true,true,Train ticket
EXP-20240113-002,REP-048,2024-01-13,Lodging,3547,true,true,Lodging — outstation visit
EXP-20240122-007,REP-048,2024-01-22,Travel,845,true,true,Bus fare
EXP-20240123-007,REP-048,2024-01-23,Food,699,true,true,Working lunch
EXP-20240204-009,REP-048,2024-02-04,Food,285,true,true,Dinner with HCP
EXP-20240203-005,REP-048,2024-02-03,Travel,1893,true,true,Train ticket
EXP-20240208-005,REP-048,2024-02-08,Food,181,true,true,Snacks for meeting
EXP-20240206-008,REP-048,2024-02-06,Food,699,true,true,Team lunch with HCP
EXP-20240215-007,REP-048,2024-02-15,Travel,773,true,true,Fuel reimbursement
EXP-20240214-006,REP-048,2024-02-14,Travel,1621,true,true,Bus fare
EXP-20240225-008,REP-048,2024-02-25,Lodging,1574,true,true,Hotel stay — field trip
EXP-20240223-006,REP-048,2024-02-23,Samples,1370,true,true,Product samples drop
EXP-20240229-007,REP-048,2024-02-29,Food,394,false,true,Dinner with HCP
EXP-20240307-009,REP-048,2024-03-07,Travel,1926,false,true,Bus fare
EXP-20240315-011,REP-048,2024-03-15,Food,677,true,true,Team lunch with HCP
EXP-20240324-004,REP-048,2024-03-24,Travel,1847,true,true,Bus fare
EXP-20240328-008,REP-048,2024-03-28,Food,630,true,true,Coffee meeting
EXP-20240331-009,REP-048,2024-03-31,Travel,1414,true,true,Cab to hospital
EXP-20240407-009,REP-048,2024-04-07,Food,513,true,true,Snacks for meeting
EXP-20240414-010,REP-048,2024-04-14,Travel,1262,false,true,Fuel reimbursement
EXP-20240422-003,REP-048,2024-04-22,Samples,1425,true,true,Demo kit refill
EXP-20240418-003,REP-048,2024-04-18,Lodging,1545,true,true,Lodging — outstation visit
EXP-20240427-005,REP-048,2024-04-27,Travel,254,false,true,Auto to clinic
EXP-20240425-008,REP-048,2024-04-25,Travel,1373,true,true,Cab to hospital
EXP-20240504-008,REP-048,2024-05-04,Travel,1690,true,true,Bus fare
EXP-20240510-005,REP-048,2024-05-10,Travel,323,false,true,Fuel reimbursement
EXP-20240508-006,REP-048,2024-05-08,Travel,764,true,true,Auto to clinic
EXP-20240515-008,REP-048,2024-05-15,Food,512,true,true,Team lunch with HCP
EXP-20240519-006,REP-048,2024-05-19,Food,500,true,true,Working lunch
EXP-20240527-007,REP-048,2024-05-27,Travel,635,true,true,Fuel reimbursement
EXP-20240522-003,REP-048,2024-05-22,Travel,802,true,true,Fuel reimbursement
EXP-20240531-005,REP-048,2024-05-31,Food,262,true,true,Snacks for meeting
EXP-20240605-006,REP-048,2024-06-05,Mobile,756,true,true,Internet recharge
EXP-20240613-005,REP-048,2024-06-13,Travel,467,true,true,Fuel reimbursement
EXP-20240616-009,REP-048,2024-06-16,Conference,4637,true,true,Doctor meet sponsorship
EXP-20240620-006,REP-048,2024-06-20,Food,754,true,true,Dinner with HCP
EXP-20240620-007,REP-048,2024-06-20,Travel,1064,true,true,Train ticket
EXP-20240701-003,REP-048,2024-07-01,Mobile,503,true,true,Mobile bill
EXP-20240707-007,REP-048,2024-07-07,Food,795,true,true,Dinner with HCP
EXP-20240704-004,REP-048,2024-07-04,Travel,327,true,true,Cab to hospital
EXP-20240712-007,REP-048,2024-07-12,Samples,435,true,true,Product samples drop
EXP-20240709-008,REP-048,2024-07-09,Samples,670,true,true,Sample packs for HCP
EXP-20240716-006,REP-048,2024-07-16,Travel,638,true,true,Train ticket
EXP-20230406-008,REP-049,2023-04-06,Travel,985,true,true,Cab to hospital
EXP-20230410-005,REP-049,2023-04-10,Samples,1160,true,true,Sample packs for HCP
EXP-20230410-006,REP-049,2023-04-10,Travel,322,false,true,Auto to clinic
EXP-20230420-003,REP-049,2023-04-20,Food,293,true,true,Dinner with HCP
EXP-20230422-007,REP-049,2023-04-22,Travel,1226,true,true,Fuel reimbursement
EXP-20230428-009,REP-049,2023-04-28,Travel,1380,false,true,Cab to hospital
EXP-20230429-005,REP-049,2023-04-29,Food,501,true,true,Coffee meeting
EXP-20230501-005,REP-049,2023-05-01,Samples,1222,true,true,Product samples drop
EXP-20230505-006,REP-049,2023-05-05,Travel,494,true,true,Fuel reimbursement
EXP-20230513-006,REP-049,2023-05-13,Lodging,2134,true,true,Lodging — outstation visit
EXP-20230508-008,REP-049,2023-05-08,Travel,492,true,true,Bus fare
EXP-20230517-010,REP-049,2023-05-17,Samples,1083,true,false,Sample packs for HCP
EXP-20230525-005,REP-049,2023-05-25,Lodging,3175,false,true,Lodging — outstation visit
EXP-20230603-010,REP-049,2023-06-03,Food,191,true,true,Coffee meeting
EXP-20230531-007,REP-049,2023-05-31,Travel,1945,true,false,Train ticket
EXP-20230609-005,REP-049,2023-06-09,Conference,3722,true,true,Doctor meet sponsorship
EXP-20230613-008,REP-049,2023-06-13,Food,422,true,true,Snacks for meeting
EXP-20230617-009,REP-049,2023-06-17,Food,506,true,true,Coffee meeting
EXP-20230618-004,REP-049,2023-06-18,Lodging,3940,true,true,Guest house — 2 nights
EXP-20230623-004,REP-049,2023-06-23,Food,688,true,true,Dinner with HCP
EXP-20230701-008,REP-049,2023-07-01,Travel,1217,false,true,Train ticket
EXP-20230630-010,REP-049,2023-06-30,Samples,769,false,true,Sample packs for HCP
EXP-20230702-006,REP-049,2023-07-02,Conference,3837,false,true,CME event fees
EXP-20230703-009,REP-049,2023-07-03,Lodging,3102,true,true,Guest house — 2 nights
EXP-20230712-005,REP-049,2023-07-12,Food,183,true,true,Coffee meeting
EXP-20230721-003,REP-049,2023-07-21,Food,548,true,true,Snacks for meeting
EXP-20230729-006,REP-049,2023-07-29,Samples,938,true,true,Product samples drop
EXP-20230726-008,REP-049,2023-07-26,Travel,1228,true,true,Train ticket
EXP-20230804-006,REP-049,2023-08-04,Lodging,2411,true,true,Lodging — outstation visit
EXP-20230731-009,REP-049,2023-07-31,Food,751,true,true,Coffee meeting
EXP-20230811-004,REP-049,2023-08-11,Lodging,2404,true,true,Lodging — outstation visit
EXP-20230818-005,REP-049,2023-08-18,Mobile,154,true,true,Internet recharge
EXP-20230822-004,REP-049,2023-08-22,Mobile,446,true,true,Internet recharge
EXP-20230824-007,REP-049,2023-08-24,Other,843,true,true,Printing materials
EXP-20230902-009,REP-049,2023-09-02,Travel,367,true,true,Bus fare
EXP-20230908-007,REP-049,2023-09-08,Travel,574,false,true,Bus fare
EXP-20230908-008,REP-049,2023-09-08,Travel,272,true,true,Fuel reimbursement
EXP-20230916-003,REP-049,2023-09-16,Mobile,597,true,true,Roaming charges
EXP-20230919-012,REP-049,2023-09-19,Mobile,704,true,true,Roaming charges
EXP-20230925-008,REP-049,2023-09-25,Food,672,false,true,Team lunch with HCP
EXP-20230928-009,REP-049,2023-09-28,Food,107,true,true,Dinner with HCP
EXP-20231006-006,REP-049,2023-10-06,Samples,519,true,true,Demo kit refill
EXP-20231003-004,REP-049,2023-10-03,Lodging,3189,false,false,Guest house — 2 nights
EXP-20231014-012,REP-049,2023-10-14,Food,626,true,true,Coffee meeting
EXP-20231008-007,REP-049,2023-10-08,Lodging,2110,true,true,Lodging — outstation visit
EXP-20231020-004,REP-049,2023-10-20,Food,408,true,true,Team lunch with HCP
EXP-20231026-010,REP-049,2023-10-26,Travel,1142,true,true,Fuel reimbursement
EXP-20231024-008,REP-049,2023-10-24,Food,466,true,true,Dinner with HCP
EXP-20231103-006,REP-049,2023-11-03,Travel,361,true,true,Fuel reimbursement
EXP-20231031-007,REP-049,2023-10-31,Food,635,true,true,Team lunch with HCP
EXP-20231109-007,REP-049,2023-11-09,Travel,201,true,true,Cab to hospital
EXP-20231109-008,REP-049,2023-11-09,Samples,1442,true,true,Product samples drop
EXP-20231112-009,REP-049,2023-11-12,Samples,429,true,true,Demo kit refill
EXP-20231125-006,REP-049,2023-11-25,Conference,2509,true,true,CME event fees
EXP-20231121-007,REP-049,2023-11-21,Food,367,true,true,Coffee meeting
EXP-20231126-005,REP-049,2023-11-26,Food,141,true,true,Working lunch
EXP-20231127-006,REP-049,2023-11-27,Samples,1165,true,true,Sample packs for HCP
EXP-20231205-006,REP-049,2023-12-05,Food,504,true,true,Snacks for meeting
EXP-20231208-006,REP-049,2023-12-08,Food,166,false,true,Dinner with HCP
EXP-20231213-007,REP-049,2023-12-13,Travel,1854,true,true,Cab to hospital
EXP-20231215-013,REP-049,2023-12-15,Samples,388,true,true,Product samples drop
EXP-20231222-008,REP-049,2023-12-22,Food,758,true,true,Snacks for meeting
EXP-20231228-007,REP-049,2023-12-28,Travel,678,true,true,Auto to clinic
EXP-20231224-008,REP-049,2023-12-24,Travel,1512,true,true,Auto to clinic
EXP-20240104-004,REP-049,2024-01-04,Travel,1409,true,true,Cab to hospital
EXP-20240112-010,REP-049,2024-01-12,Food,509,true,true,Team lunch with HCP
EXP-20240117-005,REP-049,2024-01-17,Travel,1310,true,true,Bus fare
EXP-20240123-008,REP-049,2024-01-23,Other,235,true,true,Misc expense
EXP-20240123-009,REP-049,2024-01-23,Travel,359,true,true,Cab to hospital
EXP-20240203-006,REP-049,2024-02-03,Travel,518,true,true,Cab to hospital
EXP-20240208-006,REP-049,2024-02-08,Samples,1204,true,true,Sample packs for HCP
EXP-20240207-005,REP-049,2024-02-07,Samples,385,true,true,Product samples drop
EXP-20240214-007,REP-049,2024-02-14,Lodging,3665,true,true,Hotel stay — field trip
EXP-20240213-006,REP-049,2024-02-13,Other,507,true,true,Stationery
EXP-20240222-008,REP-049,2024-02-22,Lodging,3535,true,true,Guest house — 2 nights
EXP-20240220-006,REP-049,2024-02-20,Lodging,3117,true,true,Hotel stay — field trip
EXP-20240227-011,REP-049,2024-02-27,Other,835,true,true,Printing materials
EXP-20240225-009,REP-049,2024-02-25,Travel,741,true,true,Cab to hospital
EXP-20240308-006,REP-049,2024-03-08,Other,1933,true,true,Stationery
EXP-20240313-006,REP-049,2024-03-13,Mobile,670,true,true,Roaming charges
EXP-20240312-008,REP-049,2024-03-12,Lodging,1952,true,true,Hotel stay — field trip
EXP-20240317-005,REP-049,2024-03-17,Samples,1165,true,true,Sample packs for HCP
EXP-20240322-005,REP-049,2024-03-22,Food,117,true,true,Snacks for meeting
EXP-20240329-011,REP-049,2024-03-29,Food,422,true,true,Snacks for meeting
EXP-20240328-009,REP-049,2024-03-28,Travel,331,true,true,Fuel reimbursement
EXP-20240405-004,REP-049,2024-04-05,Food,120,true,true,Team lunch with HCP
EXP-20240408-006,REP-049,2024-04-08,Food,211,true,true,Snacks for meeting
EXP-20240415-006,REP-049,2024-04-15,Mobile,506,true,true,Roaming charges
EXP-20240422-004,REP-049,2024-04-22,Food,713,true,true,Team lunch with HCP
EXP-20240504-009,REP-049,2024-05-04,Food,316,true,true,Snacks for meeting
EXP-20240428-009,REP-049,2024-04-28,Food,347,true,true,Working lunch
EXP-20240507-007,REP-049,2024-05-07,Conference,4867,true,true,Conference registration
EXP-20240507-008,REP-049,2024-05-07,Conference,1515,true,true,Doctor meet sponsorship
EXP-20240513-007,REP-049,2024-05-13,Conference,4791,true,true,Doctor meet sponsorship
EXP-20240523-007,REP-049,2024-05-23,Lodging,2272,true,true,Lodging — outstation visit
EXP-20240528-005,REP-049,2024-05-28,Travel,624,true,true,Bus fare
EXP-20240603-012,REP-049,2024-06-03,Travel,934,true,true,Cab to hospital
EXP-20240607-011,REP-049,2024-06-07,Food,334,true,true,Working lunch
EXP-20240613-006,REP-049,2024-06-13,Lodging,2328,true,true,Hotel stay — field trip
EXP-20240610-009,REP-049,2024-06-10,Travel,1104,true,false,Cab to hospital
EXP-20240622-007,REP-049,2024-06-22,Travel,1600,true,true,Train ticket
EXP-20240623-008,REP-049,2024-06-23,Travel,403,true,true,Fuel reimbursement
EXP-20240624-006,REP-049,2024-06-24,Travel,840,true,true,Train ticket
EXP-20240705-007,REP-049,2024-07-05,Food,649,true,true,Team lunch with HCP
EXP-20240712-008,REP-049,2024-07-12,Other,1003,true,true,Misc expense
EXP-20240718-010,REP-049,2024-07-18,Travel,1148,true,true,Cab to hospital
EXP-20240725-010,REP-049,2024-07-25,Mobile,120,false,true,Internet recharge
EXP-20240803-010,REP-049,2024-08-03,Food,528,true,true,Coffee meeting
EXP-20240804-010,REP-049,2024-08-04,Travel,1672,true,true,Fuel reimbursement
EXP-20240813-007,REP-049,2024-08-13,Travel,1930,true,true,Fuel reimbursement
EXP-20240816-012,REP-049,2024-08-16,Travel,301,true,false,Cab to hospital
EXP-20240823-009,REP-049,2024-08-23,Travel,953,true,true,Train ticket
EXP-20240820-005,REP-049,2024-08-20,Food,334,true,true,Dinner with HCP
EXP-20240831-010,REP-049,2024-08-31,Food,498,false,true,Coffee meeting
EXP-20240905-008,REP-049,2024-09-05,Mobile,717,true,true,Roaming charges
EXP-20240911-012,REP-049,2024-09-11,Food,623,true,true,Snacks for meeting
EXP-20240912-007,REP-049,2024-09-12,Mobile,549,true,true,Roaming charges
EXP-20240917-005,REP-049,2024-09-17,Lodging,1859,true,true,Hotel stay — field trip
EXP-20240920-007,REP-049,2024-09-20,Lodging,1931,false,true,Hotel stay — field trip
EXP-20240926-012,REP-049,2024-09-26,Travel,1624,true,true,Fuel reimbursement
EXP-20241005-005,REP-049,2024-10-05,Food,614,true,true,Team lunch with HCP
EXP-20240929-008,REP-049,2024-09-29,Travel,1187,true,true,Auto to clinic
EXP-20241006-010,REP-049,2024-10-06,Mobile,362,true,true,Mobile bill
EXP-20241015-005,REP-049,2024-10-15,Travel,764,true,true,Train ticket
EXP-20241019-008,REP-049,2024-10-19,Travel,1375,true,true,Bus fare
EXP-20241023-008,REP-049,2024-10-23,Travel,1316,false,false,Train ticket
EXP-20241029-007,REP-049,2024-10-29,Travel,752,true,true,Bus fare
EXP-20241102-007,REP-049,2024-11-02,Food,371,true,true,Coffee meeting
EXP-20241103-006,REP-049,2024-11-03,Travel,1587,true,true,Cab to hospital
EXP-20241111-007,REP-049,2024-11-11,Travel,318,true,true,Fuel reimbursement
EXP-20241112-006,REP-049,2024-11-12,Travel,1447,true,true,Bus fare
EXP-20241117-004,REP-049,2024-11-17,Mobile,717,true,true,Roaming charges
EXP-20241129-010,REP-049,2024-11-29,Food,571,true,false,Working lunch
EXP-20241130-006,REP-049,2024-11-30,Samples,978,true,true,Sample packs for HCP
EXP-20241201-013,REP-049,2024-12-01,Travel,1146,true,true,Fuel reimbursement
EXP-20241210-008,REP-049,2024-12-10,Samples,1414,true,false,Sample packs for HCP
EXP-20241214-006,REP-049,2024-12-14,Lodging,2332,true,true,Lodging — outstation visit
EXP-20241220-009,REP-049,2024-12-20,Mobile,108,true,true,Roaming charges
EXP-20241220-010,REP-049,2024-12-20,Travel,1984,true,true,Fuel reimbursement
EXP-20241224-008,REP-049,2024-12-24,Travel,712,true,true,Train ticket
EXP-20250104-004,REP-049,2025-01-04,Food,393,true,true,Coffee meeting
EXP-20241230-014,REP-049,2024-12-30,Travel,1790,true,true,Cab to hospital
EXP-20250107-005,REP-049,2025-01-07,Conference,4356,true,true,Conference registration
EXP-20250108-009,REP-049,2025-01-08,Samples,1388,true,true,Demo kit refill
EXP-20250116-012,REP-049,2025-01-16,Lodging,2646,true,true,Hotel stay — field trip
EXP-20250116-013,REP-049,2025-01-16,Travel,646,true,true,Train ticket
EXP-20250121-005,REP-049,2025-01-21,Samples,492,true,true,Sample packs for HCP
EXP-20250129-007,REP-049,2025-01-29,Travel,1123,true,true,Train ticket
EXP-20250131-006,REP-049,2025-01-31,Travel,565,true,true,Bus fare
EXP-20250206-007,REP-049,2025-02-06,Travel,1728,false,true,Auto to clinic
EXP-20250214-010,REP-049,2025-02-14,Lodging,1609,true,true,Guest house — 2 nights
EXP-20250217-007,REP-049,2025-02-17,Mobile,446,true,false,Roaming charges
EXP-20250223-005,REP-049,2025-02-23,Samples,1472,true,true,Demo kit refill
EXP-20250227-008,REP-049,2025-02-27,Travel,1231,true,true,Bus fare
EXP-20250304-007,REP-049,2025-03-04,Conference,4741,true,true,Conference registration
EXP-20250310-006,REP-049,2025-03-10,Travel,576,true,true,Train ticket
EXP-20250320-009,REP-049,2025-03-20,Food,258,true,true,Dinner with HCP
EXP-20250323-006,REP-049,2025-03-23,Lodging,2390,true,true,Hotel stay — field trip
EXP-20250403-009,REP-049,2025-04-03,Samples,682,true,true,Sample packs for HCP
EXP-20250403-010,REP-049,2025-04-03,Food,161,true,true,Team lunch with HCP
EXP-20250410-010,REP-049,2025-04-10,Travel,959,true,true,Fuel reimbursement
EXP-20250414-009,REP-049,2025-04-14,Food,685,true,true,Working lunch
EXP-20250413-010,REP-049,2025-04-13,Travel,1579,true,false,Auto to clinic
EXP-20250421-007,REP-049,2025-04-21,Food,280,true,true,Working lunch
EXP-20250503-007,REP-049,2025-05-03,Mobile,180,true,true,Mobile bill
EXP-20250509-008,REP-049,2025-05-09,Mobile,647,true,true,Internet recharge
EXP-20250514-006,REP-049,2025-05-14,Food,376,false,true,Working lunch
EXP-20250517-008,REP-049,2025-05-17,Food,538,true,false,Coffee meeting
EXP-20250524-007,REP-049,2025-05-24,Food,568,true,true,Coffee meeting
EXP-20250519-005,REP-049,2025-05-19,Travel,594,true,true,Fuel reimbursement
EXP-20250525-007,REP-049,2025-05-25,Mobile,680,true,true,Mobile bill
EXP-20250605-008,REP-049,2025-06-05,Food,262,true,true,Snacks for meeting
EXP-20250611-008,REP-049,2025-06-11,Travel,745,false,true,Cab to hospital
EXP-20250617-007,REP-049,2025-06-17,Lodging,3086,true,false,Guest house — 2 nights
EXP-20250615-009,REP-049,2025-06-15,Other,740,true,true,Stationery
EXP-20250623-009,REP-049,2025-06-23,Lodging,2007,true,true,Hotel stay — field trip
EXP-20250622-009,REP-049,2025-06-22,Samples,77,true,true,Demo kit refill
EXP-20250629-006,REP-049,2025-06-29,Travel,754,true,true,Bus fare
EXP-20250704-004,REP-049,2025-07-04,Lodging,2471,true,true,Hotel stay — field trip
EXP-20250708-007,REP-049,2025-07-08,Travel,594,true,true,Cab to hospital
EXP-20250714-006,REP-049,2025-07-14,Mobile,317,true,true,Mobile bill
EXP-20250717-007,REP-049,2025-07-17,Travel,1807,true,true,Bus fare
EXP-20250726-005,REP-049,2025-07-26,Travel,1434,true,true,Fuel reimbursement
EXP-20250721-005,REP-049,2025-07-21,Other,165,true,true,Misc expense
EXP-20250727-009,REP-049,2025-07-27,Travel,690,true,true,Fuel reimbursement
EXP-20250807-010,REP-049,2025-08-07,Travel,1493,true,true,Bus fare
EXP-20250816-008,REP-049,2025-08-16,Travel,1693,true,true,Fuel reimbursement
EXP-20250812-003,REP-049,2025-08-12,Food,376,true,true,Dinner with HCP
EXP-20250821-003,REP-049,2025-08-21,Lodging,1648,true,true,Guest house — 2 nights
EXP-20250819-007,REP-049,2025-08-19,Food,575,true,true,Dinner with HCP
EXP-20250825-008,REP-049,2025-08-25,Travel,1293,true,true,Train ticket
EXP-20250905-011,REP-049,2025-09-05,Lodging,4590,true,false,Guest house — 2 nights
EXP-20250909-008,REP-049,2025-09-09,Samples,317,true,true,Demo kit refill
EXP-20250915-009,REP-049,2025-09-15,Travel,1549,true,true,Cab to hospital
EXP-20250927-007,REP-049,2025-09-27,Mobile,191,true,true,Mobile bill
EXP-20251001-007,REP-049,2025-10-01,Travel,1142,true,true,Cab to hospital
EXP-20251008-009,REP-049,2025-10-08,Food,533,true,true,Team lunch with HCP
EXP-20251006-008,REP-049,2025-10-06,Food,725,true,true,Dinner with HCP
EXP-20251013-006,REP-049,2025-10-13,Food,349,true,true,Team lunch with HCP
EXP-20251014-009,REP-049,2025-10-14,Travel,1902,false,true,Cab to hospital
EXP-20251022-010,REP-049,2025-10-22,Food,480,true,true,Snacks for meeting
EXP-20251101-009,REP-049,2025-11-01,Travel,1042,true,true,Cab to hospital
EXP-20251031-007,REP-049,2025-10-31,Conference,2793,false,true,Doctor meet sponsorship
EXP-20251106-009,REP-049,2025-11-06,Lodging,3906,true,true,Hotel stay — field trip
EXP-20251102-005,REP-049,2025-11-02,Travel,1893,true,true,Fuel reimbursement
EXP-20251109-006,REP-049,2025-11-09,Food,326,true,true,Dinner with HCP
EXP-20251121-004,REP-049,2025-11-21,Food,779,true,true,Dinner with HCP
EXP-20251129-003,REP-049,2025-11-29,Lodging,3042,true,true,Hotel stay — field trip
EXP-20251123-006,REP-049,2025-11-23,Lodging,1833,true,true,Hotel stay — field trip
EXP-20251205-006,REP-049,2025-12-05,Lodging,3877,true,true,Lodging — outstation visit
EXP-20251208-010,REP-049,2025-12-08,Samples,1084,true,true,Demo kit refill
EXP-20251210-009,REP-049,2025-12-10,Travel,752,true,true,Auto to clinic
EXP-20251220-004,REP-049,2025-12-20,Food,413,true,true,Working lunch
EXP-20251226-004,REP-049,2025-12-26,Other,407,true,true,Misc expense
EXP-20251222-008,REP-049,2025-12-22,Samples,1105,true,true,Product samples drop
EXP-20251228-006,REP-049,2025-12-28,Lodging,2245,false,true,Guest house — 2 nights
EXP-20260108-009,REP-049,2026-01-08,Travel,337,true,true,Cab to hospital
EXP-20260109-003,REP-049,2026-01-09,Mobile,712,true,true,Internet recharge
EXP-20260111-005,REP-049,2026-01-11,Travel,1926,true,true,Auto to clinic
EXP-20260119-007,REP-049,2026-01-19,Lodging,2879,true,true,Guest house — 2 nights
EXP-20260121-004,REP-049,2026-01-21,Food,446,true,true,Dinner with HCP
EXP-20260128-006,REP-049,2026-01-28,Samples,481,true,true,Sample packs for HCP
EXP-20260125-006,REP-049,2026-01-25,Travel,565,true,true,Cab to hospital
EXP-20260201-006,REP-049,2026-02-01,Food,348,true,true,Working lunch
EXP-20260207-004,REP-049,2026-02-07,Lodging,2480,true,true,Hotel stay — field trip
EXP-20260210-007,REP-049,2026-02-10,Travel,321,true,true,Cab to hospital
EXP-20260210-008,REP-049,2026-02-10,Food,192,true,true,Working lunch
EXP-20260215-005,REP-049,2026-02-15,Travel,1987,true,false,Auto to clinic
EXP-20260217-004,REP-049,2026-02-17,Food,123,true,true,Team lunch with HCP
EXP-20260226-007,REP-049,2026-02-26,Travel,1337,true,true,Bus fare
EXP-20260304-005,REP-049,2026-03-04,Samples,124,false,true,Sample packs for HCP
EXP-20260307-006,REP-049,2026-03-07,Travel,695,true,true,Train ticket
EXP-20260313-006,REP-049,2026-03-13,Travel,1190,true,true,Cab to hospital
EXP-20260308-008,REP-049,2026-03-08,Lodging,2489,true,true,Lodging — outstation visit
EXP-20260316-009,REP-049,2026-03-16,Travel,1167,true,true,Fuel reimbursement
EXP-20260324-010,REP-049,2026-03-24,Travel,332,true,true,Cab to hospital
EXP-20260329-007,REP-049,2026-03-29,Other,112,true,true,Misc expense
EXP-20230404-006,REP-050,2023-04-04,Travel,1716,false,true,Bus fare
EXP-20230407-005,REP-050,2023-04-07,Travel,887,true,true,Train ticket
EXP-20230417-005,REP-050,2023-04-17,Travel,938,false,true,Fuel reimbursement
EXP-20230414-003,REP-050,2023-04-14,Travel,1313,true,true,Auto to clinic
EXP-20230423-009,REP-050,2023-04-23,Lodging,3905,true,true,Hotel stay — field trip
EXP-20230430-007,REP-050,2023-04-30,Food,341,true,true,Coffee meeting
EXP-20230429-006,REP-050,2023-04-29,Food,328,false,true,Dinner with HCP
EXP-20230509-009,REP-050,2023-05-09,Food,777,true,true,Snacks for meeting
EXP-20230514-003,REP-050,2023-05-14,Samples,559,true,true,Sample packs for HCP
EXP-20230521-008,REP-050,2023-05-21,Mobile,281,true,true,Internet recharge
EXP-20230525-006,REP-050,2023-05-25,Samples,592,true,true,Demo kit refill
EXP-20230528-006,REP-050,2023-05-28,Food,604,true,true,Snacks for meeting
EXP-20230603-011,REP-050,2023-06-03,Food,586,true,true,Snacks for meeting
EXP-20230614-007,REP-050,2023-06-14,Lodging,2607,true,true,Lodging — outstation visit
EXP-20230615-009,REP-050,2023-06-15,Samples,1242,true,true,Product samples drop
EXP-20230625-005,REP-050,2023-06-25,Travel,1357,true,true,Bus fare
EXP-20230629-005,REP-050,2023-06-29,Lodging,3858,true,true,Guest house — 2 nights
EXP-20230706-006,REP-050,2023-07-06,Travel,1463,true,true,Fuel reimbursement
EXP-20230719-004,REP-050,2023-07-19,Lodging,3212,true,true,Guest house — 2 nights
EXP-20230726-009,REP-050,2023-07-26,Food,627,true,false,Working lunch
EXP-20230730-008,REP-050,2023-07-30,Lodging,2649,true,true,Hotel stay — field trip
EXP-20230801-003,REP-050,2023-08-01,Food,423,true,true,Coffee meeting
EXP-20230803-009,REP-050,2023-08-03,Food,338,true,true,Working lunch
EXP-20230816-006,REP-050,2023-08-16,Other,1798,true,true,Misc expense
EXP-20230818-006,REP-050,2023-08-18,Samples,1237,true,true,Demo kit refill
EXP-20230822-005,REP-050,2023-08-22,Lodging,2853,true,true,Guest house — 2 nights
EXP-20230830-007,REP-050,2023-08-30,Food,759,false,true,Snacks for meeting
EXP-20230906-006,REP-050,2023-09-06,Lodging,2046,true,true,Hotel stay — field trip
EXP-20230903-007,REP-050,2023-09-03,Travel,738,true,true,Cab to hospital
EXP-20230907-007,REP-050,2023-09-07,Food,153,true,true,Dinner with HCP
EXP-20230914-005,REP-050,2023-09-14,Travel,999,true,true,Train ticket
EXP-20230925-009,REP-050,2023-09-25,Travel,1518,true,true,Fuel reimbursement
EXP-20230926-005,REP-050,2023-09-26,Samples,1270,true,true,Product samples drop
EXP-20231003-005,REP-050,2023-10-03,Travel,257,true,true,Auto to clinic
EXP-20230929-011,REP-050,2023-09-29,Travel,921,true,true,Train ticket
EXP-20231008-008,REP-050,2023-10-08,Lodging,2987,true,true,Guest house — 2 nights
EXP-20231009-005,REP-050,2023-10-09,Samples,897,true,true,Demo kit refill
EXP-20231017-008,REP-050,2023-10-17,Travel,502,true,true,Train ticket
EXP-20231012-007,REP-050,2023-10-12,Travel,313,true,true,Fuel reimbursement
EXP-20231024-009,REP-050,2023-10-24,Food,480,true,true,Team lunch with HCP
EXP-20231029-005,REP-050,2023-10-29,Lodging,1592,true,true,Hotel stay — field trip
EXP-20231027-006,REP-050,2023-10-27,Travel,1720,false,true,Bus fare
EXP-20231108-005,REP-050,2023-11-08,Travel,1630,true,true,Fuel reimbursement
EXP-20231111-005,REP-050,2023-11-11,Travel,1546,true,true,Auto to clinic
EXP-20231117-009,REP-050,2023-11-17,Travel,647,true,true,Bus fare
EXP-20231128-008,REP-050,2023-11-28,Travel,1159,true,true,Train ticket
EXP-20231205-007,REP-050,2023-12-05,Mobile,606,true,false,Roaming charges
EXP-20231213-008,REP-050,2023-12-13,Travel,892,true,true,Auto to clinic
EXP-20231218-005,REP-050,2023-12-18,Lodging,2343,true,true,Lodging — outstation visit
EXP-20231223-008,REP-050,2023-12-23,Mobile,334,true,true,Mobile bill
EXP-20231225-012,REP-050,2023-12-25,Lodging,3709,true,true,Hotel stay — field trip
EXP-20231228-008,REP-050,2023-12-28,Food,632,true,true,Working lunch
EXP-20240110-005,REP-050,2024-01-10,Travel,1339,true,true,Fuel reimbursement
EXP-20240108-006,REP-050,2024-01-08,Lodging,1943,true,true,Guest house — 2 nights
EXP-20240117-006,REP-050,2024-01-17,Samples,1079,true,true,Product samples drop
EXP-20240123-010,REP-050,2024-01-23,Travel,827,true,true,Fuel reimbursement
EXP-20240131-008,REP-050,2024-01-31,Food,144,true,true,Team lunch with HCP
EXP-20240207-006,REP-050,2024-02-07,Food,103,true,true,Working lunch
EXP-20240206-009,REP-050,2024-02-06,Samples,129,true,true,Demo kit refill
EXP-20240209-008,REP-050,2024-02-09,Food,212,true,true,Coffee meeting
EXP-20240215-008,REP-050,2024-02-15,Travel,713,true,true,Train ticket
EXP-20240222-009,REP-050,2024-02-22,Mobile,248,true,true,Mobile bill
EXP-20240226-008,REP-050,2024-02-26,Food,266,true,true,Working lunch
EXP-20240302-007,REP-050,2024-03-02,Other,952,true,true,Printing materials
EXP-20240305-006,REP-050,2024-03-05,Lodging,2966,true,true,Hotel stay — field trip
EXP-20240311-007,REP-050,2024-03-11,Lodging,3308,true,true,Lodging — outstation visit
EXP-20240310-011,REP-050,2024-03-10,Food,281,false,true,Dinner with HCP
EXP-20240319-005,REP-050,2024-03-19,Food,554,false,true,Working lunch
EXP-20240324-005,REP-050,2024-03-24,Food,594,true,true,Dinner with HCP
EXP-20240331-010,REP-050,2024-03-31,Food,459,false,true,Working lunch
EXP-20240330-012,REP-050,2024-03-30,Travel,1253,true,true,Fuel reimbursement
EXP-20240404-004,REP-050,2024-04-04,Travel,1065,false,true,Train ticket
EXP-20240411-004,REP-050,2024-04-11,Travel,1803,true,true,Auto to clinic
EXP-20240422-005,REP-050,2024-04-22,Lodging,3242,true,false,Guest house — 2 nights
EXP-20240422-006,REP-050,2024-04-22,Travel,1054,true,true,Cab to hospital
EXP-20240426-007,REP-050,2024-04-26,Food,620,true,true,Dinner with HCP
EXP-20240503-007,REP-050,2024-05-03,Food,626,true,true,Coffee meeting
EXP-20240504-010,REP-050,2024-05-04,Lodging,1531,false,true,Hotel stay — field trip
EXP-20240515-009,REP-050,2024-05-15,Other,1279,true,true,Stationery
EXP-20240520-006,REP-050,2024-05-20,Travel,790,true,true,Train ticket
EXP-20240525-010,REP-050,2024-05-25,Conference,4880,true,true,Conference registration
EXP-20240527-008,REP-050,2024-05-27,Travel,1941,false,true,Cab to hospital
EXP-20240605-007,REP-050,2024-06-05,Samples,1409,true,true,Sample packs for HCP
EXP-20240604-005,REP-050,2024-06-04,Food,705,true,true,Coffee meeting
EXP-20240609-007,REP-050,2024-06-09,Travel,1344,true,true,Fuel reimbursement
EXP-20240613-007,REP-050,2024-06-13,Travel,251,true,true,Train ticket
EXP-20240619-007,REP-050,2024-06-19,Food,549,true,true,Coffee meeting
EXP-20240623-009,REP-050,2024-06-23,Samples,375,true,true,Product samples drop
EXP-20240630-011,REP-050,2024-06-30,Travel,903,true,true,Auto to clinic
EXP-20240628-005,REP-050,2024-06-28,Travel,1564,true,true,Train ticket
EXP-20240708-008,REP-050,2024-07-08,Travel,571,true,false,Cab to hospital
EXP-20240710-005,REP-050,2024-07-10,Travel,509,true,true,Fuel reimbursement
EXP-20240712-009,REP-050,2024-07-12,Food,725,true,true,Team lunch with HCP
EXP-20240711-008,REP-050,2024-07-11,Travel,1503,true,true,Train ticket
EXP-20240723-006,REP-050,2024-07-23,Lodging,3268,true,true,Hotel stay — field trip
EXP-20240719-012,REP-050,2024-07-19,Samples,224,true,true,Sample packs for HCP
EXP-20240728-010,REP-050,2024-07-28,Lodging,2080,true,true,Lodging — outstation visit
EXP-20240727-008,REP-050,2024-07-27,Travel,1708,true,true,Bus fare
EXP-20240801-006,REP-050,2024-08-01,Food,116,true,true,Snacks for meeting
EXP-20240812-009,REP-050,2024-08-12,Travel,1550,true,true,Bus fare
EXP-20240813-008,REP-050,2024-08-13,Food,688,true,true,Coffee meeting
EXP-20240817-002,REP-050,2024-08-17,Lodging,2372,true,true,Lodging — outstation visit
EXP-20240819-008,REP-050,2024-08-19,Travel,1471,true,true,Bus fare
EXP-20240825-005,REP-050,2024-08-25,Lodging,1977,true,true,Lodging — outstation visit
EXP-20240827-006,REP-050,2024-08-27,Samples,326,true,true,Demo kit refill
EXP-20240904-008,REP-050,2024-09-04,Travel,893,true,true,Auto to clinic
EXP-20240911-013,REP-050,2024-09-11,Travel,624,true,true,Fuel reimbursement
EXP-20240918-010,REP-050,2024-09-18,Travel,540,true,true,Cab to hospital
EXP-20240919-007,REP-050,2024-09-19,Travel,621,true,true,Auto to clinic
EXP-20240926-013,REP-050,2024-09-26,Food,374,false,true,Working lunch
EXP-20240930-004,REP-050,2024-09-30,Travel,1296,true,true,Auto to clinic
EXP-20241003-010,REP-050,2024-10-03,Conference,1494,true,true,Conference registration
EXP-20241003-011,REP-050,2024-10-03,Other,1539,true,true,Printing materials
EXP-20241016-006,REP-050,2024-10-16,Travel,902,true,true,Fuel reimbursement
EXP-20241011-008,REP-050,2024-10-11,Lodging,1726,true,true,Guest house — 2 nights
EXP-20241021-007,REP-050,2024-10-21,Travel,434,true,true,Cab to hospital
EXP-20241027-006,REP-050,2024-10-27,Travel,949,true,true,Cab to hospital
EXP-20241025-008,REP-050,2024-10-25,Travel,1180,true,true,Fuel reimbursement
EXP-20241105-010,REP-050,2024-11-05,Food,487,true,true,Snacks for meeting
EXP-20241103-007,REP-050,2024-11-03,Food,542,true,true,Working lunch
EXP-20241110-006,REP-050,2024-11-10,Food,127,true,true,Coffee meeting
EXP-20241117-005,REP-050,2024-11-17,Samples,920,true,true,Sample packs for HCP
EXP-20241125-007,REP-050,2024-11-25,Mobile,457,true,true,Mobile bill
EXP-20241123-006,REP-050,2024-11-23,Samples,1461,true,true,Sample packs for HCP
EXP-20241201-014,REP-050,2024-12-01,Travel,1403,true,true,Bus fare
EXP-20241128-008,REP-050,2024-11-28,Food,165,true,true,Coffee meeting
EXP-20241208-005,REP-050,2024-12-08,Food,753,true,true,Team lunch with HCP
EXP-20241213-008,REP-050,2024-12-13,Lodging,1847,true,true,Lodging — outstation visit
EXP-20241218-008,REP-050,2024-12-18,Travel,1859,true,true,Bus fare
EXP-20241224-009,REP-050,2024-12-24,Mobile,529,true,true,Roaming charges
EXP-20241228-003,REP-050,2024-12-28,Travel,1701,true,true,Bus fare
EXP-20241226-007,REP-050,2024-12-26,Travel,1584,true,true,Train ticket
EXP-20250105-012,REP-050,2025-01-05,Mobile,292,true,true,Roaming charges
EXP-20250105-013,REP-050,2025-01-05,Travel,462,true,true,Cab to hospital
EXP-20250114-011,REP-050,2025-01-14,Mobile,319,true,true,Internet recharge
EXP-20250116-014,REP-050,2025-01-16,Lodging,2626,true,true,Lodging — outstation visit
EXP-20250127-006,REP-050,2025-01-27,Samples,566,true,true,Sample packs for HCP
EXP-20250203-008,REP-050,2025-02-03,Travel,891,false,true,Fuel reimbursement
EXP-20250212-008,REP-050,2025-02-12,Food,150,true,true,Snacks for meeting
EXP-20250216-010,REP-050,2025-02-16,Food,257,true,true,Team lunch with HCP
EXP-20250224-007,REP-050,2025-02-24,Lodging,3932,true,true,Lodging — outstation visit
EXP-20250222-008,REP-050,2025-02-22,Samples,410,true,true,Sample packs for HCP
EXP-20250305-009,REP-050,2025-03-05,Travel,745,true,true,Bus fare
EXP-20250301-004,REP-050,2025-03-01,Food,794,true,true,Working lunch
EXP-20250307-009,REP-050,2025-03-07,Food,538,true,true,Team lunch with HCP
EXP-20250311-009,REP-050,2025-03-11,Mobile,551,true,true,Roaming charges
EXP-20250319-005,REP-050,2025-03-19,Lodging,3392,true,true,Guest house — 2 nights
EXP-20250315-010,REP-050,2025-03-15,Lodging,1921,true,true,Hotel stay — field trip
EXP-20250326-008,REP-050,2025-03-26,Lodging,2943,true,true,Guest house — 2 nights
EXP-20250323-007,REP-050,2025-03-23,Food,279,false,true,Snacks for meeting
EXP-20250328-007,REP-050,2025-03-28,Lodging,3052,true,true,Guest house — 2 nights
EXP-20250328-008,REP-050,2025-03-28,Travel,1845,true,true,Train ticket
EXP-20250406-011,REP-050,2025-04-06,Travel,1231,true,true,Fuel reimbursement
EXP-20250407-007,REP-050,2025-04-07,Food,501,true,true,Dinner with HCP
EXP-20250414-010,REP-050,2025-04-14,Travel,714,true,true,Auto to clinic
EXP-20250414-011,REP-050,2025-04-14,Travel,1774,false,true,Fuel reimbursement
EXP-20250422-009,REP-050,2025-04-22,Other,1277,true,true,Printing materials
EXP-20250417-008,REP-050,2025-04-17,Lodging,3371,true,true,Guest house — 2 nights
EXP-20250427-008,REP-050,2025-04-27,Lodging,1920,true,true,Guest house — 2 nights
EXP-20250502-007,REP-050,2025-05-02,Mobile,576,true,false,Roaming charges
EXP-20250508-008,REP-050,2025-05-08,Travel,498,true,true,Auto to clinic
EXP-20250512-007,REP-050,2025-05-12,Travel,1664,true,true,Auto to clinic
EXP-20250521-008,REP-050,2025-05-21,Other,1297,true,true,Stationery
EXP-20250519-006,REP-050,2025-05-19,Mobile,444,true,true,Mobile bill
EXP-20250528-006,REP-050,2025-05-28,Travel,1057,true,true,Fuel reimbursement
EXP-20250528-007,REP-050,2025-05-28,Lodging,3781,true,true,Guest house — 2 nights
EXP-20250603-013,REP-050,2025-06-03,Lodging,2898,true,true,Guest house — 2 nights
EXP-20250606-008,REP-050,2025-06-06,Travel,284,true,true,Train ticket
EXP-20250609-004,REP-050,2025-06-09,Food,106,true,true,Dinner with HCP
EXP-20250618-008,REP-050,2025-06-18,Food,613,true,true,Team lunch with HCP
EXP-20250625-006,REP-050,2025-06-25,Travel,824,true,true,Fuel reimbursement
EXP-20250619-007,REP-050,2025-06-19,Food,701,true,true,Coffee meeting
EXP-20250628-007,REP-050,2025-06-28,Samples,1172,true,true,Product samples drop
EXP-20250702-005,REP-050,2025-07-02,Mobile,443,true,true,Mobile bill
EXP-20250709-008,REP-050,2025-07-09,Travel,1095,true,true,Auto to clinic
EXP-20250709-009,REP-050,2025-07-09,Travel,1308,true,true,Fuel reimbursement
EXP-20250713-006,REP-050,2025-07-13,Travel,315,true,true,Cab to hospital
EXP-20250720-007,REP-050,2025-07-20,Samples,367,true,true,Product samples drop
EXP-20250724-009,REP-050,2025-07-24,Travel,1076,true,true,Fuel reimbursement
EXP-20250725-010,REP-050,2025-07-25,Food,351,false,false,Coffee meeting
EXP-20250802-009,REP-050,2025-08-02,Food,790,true,true,Snacks for meeting
EXP-20250802-010,REP-050,2025-08-02,Food,377,true,true,Team lunch with HCP
EXP-20250809-008,REP-050,2025-08-09,Travel,1148,true,true,Fuel reimbursement
EXP-20250813-008,REP-050,2025-08-13,Travel,1699,true,true,Fuel reimbursement
EXP-20250820-008,REP-050,2025-08-20,Travel,933,true,true,Bus fare
EXP-20250815-008,REP-050,2025-08-15,Lodging,3254,true,true,Lodging — outstation visit
EXP-20250827-007,REP-050,2025-08-27,Lodging,3103,true,true,Guest house — 2 nights
EXP-20250825-009,REP-050,2025-08-25,Travel,237,true,false,Bus fare
EXP-20250901-006,REP-050,2025-09-01,Food,772,true,true,Coffee meeting
EXP-20250830-007,REP-050,2025-08-30,Travel,1342,true,true,Fuel reimbursement
EXP-20250906-007,REP-050,2025-09-06,Food,217,false,true,Dinner with HCP
EXP-20250917-003,REP-050,2025-09-17,Travel,1875,true,true,Bus fare
EXP-20250912-008,REP-050,2025-09-12,Travel,1792,true,true,Cab to hospital
EXP-20250923-008,REP-050,2025-09-23,Travel,868,true,true,Bus fare
EXP-20250925-006,REP-050,2025-09-25,Food,136,true,true,Dinner with HCP
EXP-20251004-008,REP-050,2025-10-04,Mobile,361,true,true,Roaming charges
EXP-20251009-007,REP-050,2025-10-09,Food,244,true,true,Coffee meeting
EXP-20251017-005,REP-050,2025-10-17,Travel,1942,true,true,Bus fare
EXP-20251024-005,REP-050,2025-10-24,Food,130,true,true,Working lunch
EXP-20251027-008,REP-050,2025-10-27,Travel,780,true,true,Bus fare
EXP-20251103-004,REP-050,2025-11-03,Travel,1747,true,true,Fuel reimbursement
EXP-20251101-010,REP-050,2025-11-01,Lodging,3662,true,true,Hotel stay — field trip
EXP-20251110-006,REP-050,2025-11-10,Samples,874,true,true,Demo kit refill
EXP-20251112-006,REP-050,2025-11-12,Food,703,true,true,Team lunch with HCP
EXP-20251118-007,REP-050,2025-11-18,Mobile,434,true,true,Mobile bill
EXP-20251119-010,REP-050,2025-11-19,Lodging,3381,true,true,Lodging — outstation visit
EXP-20251123-007,REP-050,2025-11-23,Food,444,true,true,Dinner with HCP
EXP-20251123-008,REP-050,2025-11-23,Samples,1297,true,true,Product samples drop
EXP-20251203-004,REP-050,2025-12-03,Travel,1078,true,true,Bus fare
EXP-20251127-006,REP-050,2025-11-27,Lodging,3854,true,true,Guest house — 2 nights
EXP-20251207-005,REP-050,2025-12-07,Travel,1368,true,true,Cab to hospital
EXP-20251215-008,REP-050,2025-12-15,Travel,1694,true,true,Auto to clinic
EXP-20251218-006,REP-050,2025-12-18,Samples,672,true,true,Demo kit refill
EXP-20251229-005,REP-050,2025-12-29,Food,657,true,true,Working lunch
EXP-20251228-007,REP-050,2025-12-28,Food,359,true,true,Coffee meeting
EXP-20260104-007,REP-050,2026-01-04,Samples,1006,true,true,Product samples drop
EXP-20260113-008,REP-050,2026-01-13,Other,1395,true,true,Printing materials
EXP-20260120-009,REP-050,2026-01-20,Travel,544,true,true,Train ticket
EXP-20260119-008,REP-050,2026-01-19,Travel,1820,true,true,Train ticket
EXP-20260127-006,REP-050,2026-01-27,Travel,1874,true,true,Train ticket
EXP-20260125-007,REP-050,2026-01-25,Travel,904,true,true,Bus fare
EXP-20260203-004,REP-050,2026-02-03,Samples,359,true,false,Product samples drop
EXP-20260203-005,REP-050,2026-02-03,Lodging,3071,false,true,Guest house — 2 nights
EXP-20260211-008,REP-050,2026-02-11,Food,696,true,true,Dinner with HCP
EXP-20260213-005,REP-050,2026-02-13,Samples,793,false,true,Product samples drop
EXP-20260221-006,REP-050,2026-02-21,Food,713,true,true,Working lunch
EXP-20260301-007,REP-050,2026-03-01,Food,748,true,true,Team lunch with HCP
EXP-20260227-008,REP-050,2026-02-27,Food,725,false,true,Working lunch
EXP-20260310-008,REP-050,2026-03-10,Samples,1451,true,true,Demo kit refill
EXP-20260306-006,REP-050,2026-03-06,Food,265,true,true,Team lunch with HCP
EXP-20260318-006,REP-050,2026-03-18,Food,402,true,true,Dinner with HCP
EXP-20260319-006,REP-050,2026-03-19,Travel,1622,true,true,Bus fare
EXP-20260331-004,REP-050,2026-03-31,Conference,4680,false,true,CME event fees
EXP-20250116-015,REP-055,2025-01-16,Lodging,2959,true,true,Lodging — outstation visit
EXP-20250113-008,REP-055,2025-01-13,Food,664,true,true,Snacks for meeting
EXP-20250117-008,REP-055,2025-01-17,Lodging,3397,true,true,Hotel stay — field trip
EXP-20250128-008,REP-055,2025-01-28,Lodging,3937,true,true,Hotel stay — field trip
EXP-20250131-007,REP-055,2025-01-31,Travel,605,true,true,Bus fare
EXP-20250212-009,REP-055,2025-02-12,Travel,1859,false,true,Fuel reimbursement
EXP-20250211-006,REP-055,2025-02-11,Samples,1321,true,true,Product samples drop
EXP-20250215-005,REP-055,2025-02-15,Food,257,true,true,Snacks for meeting
EXP-20250224-008,REP-055,2025-02-24,Travel,1982,true,true,Bus fare
EXP-20250223-006,REP-055,2025-02-23,Travel,1769,true,true,Cab to hospital
EXP-20250302-009,REP-055,2025-03-02,Travel,1245,true,true,Auto to clinic
EXP-20250305-010,REP-055,2025-03-05,Travel,954,true,true,Train ticket
EXP-20250311-010,REP-055,2025-03-11,Food,665,true,true,Snacks for meeting
EXP-20250315-011,REP-055,2025-03-15,Travel,991,true,true,Auto to clinic
EXP-20250316-010,REP-055,2025-03-16,Travel,864,true,true,Fuel reimbursement
EXP-20250322-011,REP-055,2025-03-22,Samples,253,true,true,Sample packs for HCP
EXP-20250403-011,REP-055,2025-04-03,Lodging,3892,true,true,Lodging — outstation visit
EXP-20250401-005,REP-055,2025-04-01,Food,661,true,true,Coffee meeting
EXP-20250408-010,REP-055,2025-04-08,Travel,1059,true,true,Train ticket
EXP-20250407-008,REP-055,2025-04-07,Travel,839,true,true,Fuel reimbursement
EXP-20250415-004,REP-055,2025-04-15,Food,449,true,true,Coffee meeting
EXP-20250420-007,REP-055,2025-04-20,Travel,476,true,true,Auto to clinic
EXP-20250421-008,REP-055,2025-04-21,Conference,4098,true,true,Doctor meet sponsorship
EXP-20250429-007,REP-055,2025-04-29,Conference,2399,true,true,CME event fees
EXP-20250428-005,REP-055,2025-04-28,Travel,1145,true,true,Fuel reimbursement
EXP-20250507-006,REP-055,2025-05-07,Other,642,true,true,Stationery
EXP-20250512-008,REP-055,2025-05-12,Samples,289,true,true,Demo kit refill
EXP-20250513-005,REP-055,2025-05-13,Lodging,2989,true,true,Lodging — outstation visit
EXP-20250517-009,REP-055,2025-05-17,Conference,1030,true,true,Conference registration
EXP-20250516-013,REP-055,2025-05-16,Lodging,2492,false,true,Lodging — outstation visit
EXP-20250523-011,REP-055,2025-05-23,Food,683,true,false,Coffee meeting
EXP-20250528-008,REP-055,2025-05-28,Food,728,true,true,Working lunch
EXP-20250604-007,REP-055,2025-06-04,Travel,992,true,true,Fuel reimbursement
EXP-20250610-010,REP-055,2025-06-10,Travel,585,true,true,Auto to clinic
EXP-20250611-009,REP-055,2025-06-11,Travel,995,true,false,Auto to clinic
EXP-20250613-007,REP-055,2025-06-13,Travel,217,true,true,Fuel reimbursement
EXP-20250621-008,REP-055,2025-06-21,Travel,1880,true,true,Fuel reimbursement
EXP-20250627-006,REP-055,2025-06-27,Samples,699,true,true,Product samples drop
EXP-20250702-006,REP-055,2025-07-02,Food,521,true,true,Team lunch with HCP
EXP-20250705-012,REP-055,2025-07-05,Food,716,true,false,Coffee meeting
EXP-20250717-008,REP-055,2025-07-17,Travel,1105,true,true,Fuel reimbursement
EXP-20250716-012,REP-055,2025-07-16,Food,569,true,true,Snacks for meeting
EXP-20250720-008,REP-055,2025-07-20,Lodging,2556,true,true,Lodging — outstation visit
EXP-20250725-011,REP-055,2025-07-25,Lodging,3121,true,true,Guest house — 2 nights
EXP-20250802-011,REP-055,2025-08-02,Lodging,2599,true,true,Guest house — 2 nights
EXP-20250802-012,REP-055,2025-08-02,Lodging,3863,true,true,Guest house — 2 nights
EXP-20250811-007,REP-055,2025-08-11,Food,770,true,true,Working lunch
EXP-20250810-009,REP-055,2025-08-10,Mobile,565,true,true,Roaming charges
EXP-20250819-008,REP-055,2025-08-19,Other,595,true,true,Printing materials
EXP-20250824-003,REP-055,2025-08-24,Travel,1622,true,true,Auto to clinic
EXP-20250825-010,REP-055,2025-08-25,Other,1489,true,true,Stationery
EXP-20250901-007,REP-055,2025-09-01,Travel,364,true,true,Auto to clinic
EXP-20250903-006,REP-055,2025-09-03,Mobile,385,true,true,Roaming charges
EXP-20250911-006,REP-055,2025-09-11,Food,690,true,true,Snacks for meeting
EXP-20250907-006,REP-055,2025-09-07,Conference,1357,true,true,CME event fees
EXP-20250918-006,REP-055,2025-09-18,Lodging,3787,true,true,Lodging — outstation visit
EXP-20250924-006,REP-055,2025-09-24,Food,532,true,true,Team lunch with HCP
EXP-20250924-007,REP-055,2025-09-24,Travel,833,true,true,Auto to clinic
EXP-20250929-007,REP-055,2025-09-29,Food,552,true,true,Working lunch
EXP-20251002-010,REP-055,2025-10-02,Food,383,true,true,Team lunch with HCP
EXP-20251009-008,REP-055,2025-10-09,Lodging,3540,true,true,Lodging — outstation visit
EXP-20251014-010,REP-055,2025-10-14,Food,329,true,true,Snacks for meeting
EXP-20251015-006,REP-055,2025-10-15,Lodging,2114,true,true,Hotel stay — field trip
EXP-20251023-008,REP-055,2025-10-23,Travel,592,true,true,Bus fare
EXP-20251022-011,REP-055,2025-10-22,Food,467,true,true,Dinner with HCP
EXP-20251024-006,REP-055,2025-10-24,Travel,1316,true,true,Auto to clinic
EXP-20251102-006,REP-055,2025-11-02,Samples,94,true,true,Product samples drop
EXP-20251104-005,REP-055,2025-11-04,Mobile,681,true,true,Mobile bill
EXP-20251108-011,REP-055,2025-11-08,Lodging,2320,true,true,Hotel stay — field trip
EXP-20251107-009,REP-055,2025-11-07,Mobile,432,true,false,Internet recharge
EXP-20251114-004,REP-055,2025-11-14,Food,405,true,true,Team lunch with HCP
EXP-20251119-011,REP-055,2025-11-19,Travel,321,true,true,Cab to hospital
EXP-20251126-005,REP-055,2025-11-26,Food,101,true,true,Dinner with HCP
EXP-20251121-005,REP-055,2025-11-21,Samples,1389,true,true,Product samples drop
EXP-20251204-008,REP-055,2025-12-04,Travel,355,true,true,Auto to clinic
EXP-20251209-003,REP-055,2025-12-09,Food,678,true,true,Team lunch with HCP
EXP-20251210-010,REP-055,2025-12-10,Food,207,true,true,Dinner with HCP
EXP-20251213-004,REP-055,2025-12-13,Travel,1147,true,true,Bus fare
EXP-20251222-009,REP-055,2025-12-22,Lodging,3102,true,true,Guest house — 2 nights
EXP-20251219-003,REP-055,2025-12-19,Travel,1800,true,true,Fuel reimbursement
EXP-20251227-007,REP-055,2025-12-27,Travel,792,true,true,Auto to clinic
EXP-20260108-010,REP-055,2026-01-08,Travel,917,true,true,Cab to hospital
EXP-20260102-010,REP-055,2026-01-02,Travel,226,true,true,Fuel reimbursement
EXP-20260112-006,REP-055,2026-01-12,Travel,284,true,true,Fuel reimbursement
EXP-20260118-011,REP-055,2026-01-18,Samples,1027,true,true,Demo kit refill
EXP-20260120-010,REP-055,2026-01-20,Travel,1650,true,true,Cab to hospital
EXP-20260127-007,REP-055,2026-01-27,Other,1007,true,true,Misc expense
EXP-20260123-004,REP-055,2026-01-23,Food,559,true,true,Dinner with HCP
EXP-20260202-007,REP-055,2026-02-02,Travel,1653,false,true,Train ticket
EXP-20260130-006,REP-055,2026-01-30,Travel,1733,true,true,Train ticket
EXP-20260206-009,REP-055,2026-02-06,Food,728,false,true,Dinner with HCP
EXP-20260217-005,REP-055,2026-02-17,Travel,1733,true,true,Fuel reimbursement
EXP-20260219-006,REP-055,2026-02-19,Food,171,false,true,Working lunch
EXP-20260224-008,REP-055,2026-02-24,Food,253,true,false,Coffee meeting
EXP-20260303-006,REP-055,2026-03-03,Travel,271,true,true,Bus fare
EXP-20260306-007,REP-055,2026-03-06,Travel,931,false,false,Train ticket
EXP-20260317-006,REP-055,2026-03-17,Lodging,2934,true,true,Hotel stay — field trip
EXP-20260320-005,REP-055,2026-03-20,Lodging,3323,true,true,Hotel stay — field trip
EXP-20241021-008,REP-056,2024-10-21,Food,158,false,true,Working lunch
EXP-20241016-007,REP-056,2024-10-16,Travel,279,true,true,Fuel reimbursement
EXP-20241027-007,REP-056,2024-10-27,Lodging,1974,true,true,Lodging — outstation visit
EXP-20241028-008,REP-056,2024-10-28,Food,524,false,true,Snacks for meeting
EXP-20241101-008,REP-056,2024-11-01,Lodging,2892,true,true,Lodging — outstation visit
EXP-20241031-006,REP-056,2024-10-31,Lodging,1667,true,true,Hotel stay — field trip
EXP-20241110-007,REP-056,2024-11-10,Food,722,true,true,Coffee meeting
EXP-20241116-007,REP-056,2024-11-16,Travel,1852,true,true,Fuel reimbursement
EXP-20241122-007,REP-056,2024-11-22,Travel,1710,false,true,Auto to clinic
EXP-20241122-008,REP-056,2024-11-22,Food,116,false,true,Snacks for meeting
EXP-20241127-008,REP-056,2024-11-27,Conference,689,true,true,CME event fees
EXP-20241128-009,REP-056,2024-11-28,Lodging,2726,true,true,Guest house — 2 nights
EXP-20241208-006,REP-056,2024-12-08,Food,171,true,true,Coffee meeting
EXP-20241206-008,REP-056,2024-12-06,Travel,944,true,true,Fuel reimbursement
EXP-20241214-007,REP-056,2024-12-14,Travel,1620,true,true,Auto to clinic
EXP-20241219-010,REP-056,2024-12-19,Lodging,1746,true,true,Lodging — outstation visit
EXP-20241221-008,REP-056,2024-12-21,Lodging,3643,true,true,Guest house — 2 nights
EXP-20241224-010,REP-056,2024-12-24,Travel,1357,true,true,Fuel reimbursement
EXP-20250106-008,REP-056,2025-01-06,Food,256,true,true,Dinner with HCP
EXP-20250102-005,REP-056,2025-01-02,Food,720,false,true,Coffee meeting
EXP-20250108-010,REP-056,2025-01-08,Travel,1005,true,true,Bus fare
EXP-20250118-010,REP-056,2025-01-18,Lodging,3941,true,true,Lodging — outstation visit
EXP-20250119-008,REP-056,2025-01-19,Food,710,true,true,Coffee meeting
EXP-20250124-004,REP-056,2025-01-24,Lodging,1994,true,true,Guest house — 2 nights
EXP-20250130-007,REP-056,2025-01-30,Travel,1952,true,true,Bus fare
EXP-20250130-008,REP-056,2025-01-30,Food,592,true,true,Coffee meeting
EXP-20250208-013,REP-056,2025-02-08,Travel,1529,true,true,Fuel reimbursement
EXP-20250205-006,REP-056,2025-02-05,Travel,1275,true,true,Train ticket
EXP-20250217-008,REP-056,2025-02-17,Travel,323,true,true,Cab to hospital
EXP-20250212-010,REP-056,2025-02-12,Food,324,false,true,Snacks for meeting
EXP-20250221-006,REP-056,2025-02-21,Food,686,true,true,Dinner with HCP
EXP-20250219-011,REP-056,2025-02-19,Food,266,true,true,Team lunch with HCP
EXP-20250227-009,REP-056,2025-02-27,Food,523,true,true,Dinner with HCP
EXP-20250226-006,REP-056,2025-02-26,Lodging,3188,false,true,Guest house — 2 nights
EXP-20250306-007,REP-056,2025-03-06,Food,184,true,true,Coffee meeting
EXP-20250317-009,REP-056,2025-03-17,Travel,1132,true,true,Fuel reimbursement
EXP-20250323-008,REP-056,2025-03-23,Food,486,true,true,Working lunch
EXP-20250330-008,REP-056,2025-03-30,Food,530,true,true,Coffee meeting
EXP-20250326-009,REP-056,2025-03-26,Travel,1556,true,true,Fuel reimbursement
EXP-20250401-006,REP-056,2025-04-01,Samples,823,true,true,Sample packs for HCP
EXP-20250411-007,REP-056,2025-04-11,Lodging,2530,true,true,Hotel stay — field trip
EXP-20250421-009,REP-056,2025-04-21,Lodging,3005,true,true,Hotel stay — field trip
EXP-20250422-010,REP-056,2025-04-22,Travel,1662,true,true,Auto to clinic
EXP-20250426-008,REP-056,2025-04-26,Conference,4285,true,true,Conference registration
EXP-20250501-009,REP-056,2025-05-01,Food,388,true,true,Dinner with HCP
EXP-20250430-005,REP-056,2025-04-30,Conference,3380,false,true,Doctor meet sponsorship
EXP-20250509-009,REP-056,2025-05-09,Travel,1527,true,true,Train ticket
EXP-20250517-010,REP-056,2025-05-17,Food,760,false,true,Working lunch
EXP-20250526-009,REP-056,2025-05-26,Lodging,4231,true,false,Lodging — outstation visit
EXP-20250522-005,REP-056,2025-05-22,Food,619,true,true,Coffee meeting
EXP-20250530-007,REP-056,2025-05-30,Travel,789,true,true,Cab to hospital
EXP-20250602-010,REP-056,2025-06-02,Travel,1098,true,true,Fuel reimbursement
EXP-20250607-013,REP-056,2025-06-07,Food,112,true,true,Snacks for meeting
EXP-20250611-010,REP-056,2025-06-11,Food,585,true,true,Snacks for meeting
EXP-20250615-010,REP-056,2025-06-15,Travel,1844,true,true,Cab to hospital
EXP-20250618-009,REP-056,2025-06-18,Samples,1042,false,true,Demo kit refill
EXP-20250628-008,REP-056,2025-06-28,Travel,862,true,true,Fuel reimbursement
EXP-20250701-008,REP-056,2025-07-01,Food,169,true,true,Working lunch
EXP-20250714-007,REP-056,2025-07-14,Travel,911,false,true,Auto to clinic
EXP-20250708-008,REP-056,2025-07-08,Food,495,true,true,Team lunch with HCP
EXP-20250715-009,REP-056,2025-07-15,Food,322,true,true,Snacks for meeting
EXP-20250719-009,REP-056,2025-07-19,Travel,1184,false,true,Train ticket
EXP-20250725-012,REP-056,2025-07-25,Food,462,true,true,Dinner with HCP
EXP-20250722-006,REP-056,2025-07-22,Food,370,true,false,Team lunch with HCP
EXP-20250804-011,REP-056,2025-08-04,Travel,460,true,true,Cab to hospital
EXP-20250731-005,REP-056,2025-07-31,Travel,1379,true,true,Auto to clinic
EXP-20250810-010,REP-056,2025-08-10,Food,294,true,true,Coffee meeting
EXP-20250817-006,REP-056,2025-08-17,Lodging,1765,false,true,Lodging — outstation visit
EXP-20250818-010,REP-056,2025-08-18,Mobile,246,true,false,Roaming charges
EXP-20250823-008,REP-056,2025-08-23,Mobile,443,true,true,Internet recharge
EXP-20250827-008,REP-056,2025-08-27,Travel,1922,false,true,Bus fare
EXP-20250905-012,REP-056,2025-09-05,Travel,1053,false,true,Auto to clinic
EXP-20250905-013,REP-056,2025-09-05,Travel,341,true,true,Fuel reimbursement
EXP-20250910-012,REP-056,2025-09-10,Travel,1227,true,true,Cab to hospital
EXP-20250917-004,REP-056,2025-09-17,Food,298,true,true,Dinner with HCP
EXP-20250917-005,REP-056,2025-09-17,Other,943,true,true,Stationery
EXP-20250929-008,REP-056,2025-09-29,Lodging,2334,true,true,Lodging — outstation visit
EXP-20251001-008,REP-056,2025-10-01,Travel,1127,true,true,Bus fare
EXP-20251001-009,REP-056,2025-10-01,Mobile,451,true,true,Roaming charges
EXP-20251012-006,REP-056,2025-10-12,Lodging,3414,true,true,Lodging — outstation visit
EXP-20251018-008,REP-056,2025-10-18,Travel,1884,true,true,Auto to clinic
EXP-20251016-009,REP-056,2025-10-16,Lodging,2861,true,true,Lodging — outstation visit
EXP-20251021-007,REP-056,2025-10-21,Lodging,1600,false,true,Guest house — 2 nights
EXP-20251021-008,REP-056,2025-10-21,Travel,336,true,true,Auto to clinic
EXP-20251101-011,REP-056,2025-11-01,Samples,1245,true,true,Demo kit refill
EXP-20251031-008,REP-056,2025-10-31,Travel,377,true,true,Cab to hospital
EXP-20251109-007,REP-056,2025-11-09,Travel,359,true,true,Fuel reimbursement
EXP-20251116-006,REP-056,2025-11-16,Lodging,2315,true,true,Hotel stay — field trip
EXP-20251122-006,REP-056,2025-11-22,Travel,1827,true,true,Fuel reimbursement
EXP-20251123-009,REP-056,2025-11-23,Samples,956,true,true,Demo kit refill
EXP-20251126-006,REP-056,2025-11-26,Travel,1681,true,true,Bus fare
EXP-20251128-006,REP-056,2025-11-28,Travel,1203,true,true,Train ticket
EXP-20251206-008,REP-056,2025-12-06,Travel,364,true,true,Cab to hospital
EXP-20251208-011,REP-056,2025-12-08,Travel,632,true,true,Cab to hospital
EXP-20251212-006,REP-056,2025-12-12,Samples,840,false,true,Sample packs for HCP
EXP-20251219-004,REP-056,2025-12-19,Samples,1308,false,true,Sample packs for HCP
EXP-20251223-005,REP-056,2025-12-23,Travel,1937,true,true,Fuel reimbursement
EXP-20251223-006,REP-056,2025-12-23,Samples,1216,true,true,Product samples drop
EXP-20251230-003,REP-056,2025-12-30,Travel,1735,true,true,Fuel reimbursement
EXP-20260101-006,REP-056,2026-01-01,Mobile,575,true,true,Mobile bill
EXP-20260106-008,REP-056,2026-01-06,Food,430,true,true,Snacks for meeting
EXP-20260119-009,REP-056,2026-01-19,Mobile,667,true,true,Internet recharge
EXP-20260124-007,REP-056,2026-01-24,Travel,1963,true,true,Auto to clinic
EXP-20260120-011,REP-056,2026-01-20,Food,454,true,true,Working lunch
EXP-20260130-007,REP-056,2026-01-30,Food,482,true,true,Dinner with HCP
EXP-20260202-008,REP-056,2026-02-02,Lodging,2259,true,true,Hotel stay — field trip
EXP-20260205-007,REP-056,2026-02-05,Food,320,true,true,Team lunch with HCP
EXP-20260204-006,REP-056,2026-02-04,Travel,1182,false,true,Fuel reimbursement
EXP-20260211-009,REP-056,2026-02-11,Lodging,1894,true,true,Hotel stay — field trip
EXP-20260214-008,REP-056,2026-02-14,Travel,1342,true,true,Cab to hospital
EXP-20260217-006,REP-056,2026-02-17,Travel,1040,true,true,Cab to hospital
EXP-20260218-007,REP-056,2026-02-18,Travel,641,true,true,Auto to clinic
EXP-20260301-008,REP-056,2026-03-01,Travel,1426,true,true,Train ticket
EXP-20260301-009,REP-056,2026-03-01,Food,231,false,true,Working lunch
EXP-20260307-007,REP-056,2026-03-07,Food,654,true,true,Coffee meeting
EXP-20260313-007,REP-056,2026-03-13,Lodging,1572,true,true,Hotel stay — field trip
EXP-20260321-007,REP-056,2026-03-21,Food,109,true,true,Snacks for meeting
EXP-20260318-007,REP-056,2026-03-18,Food,281,true,true,Coffee meeting
EXP-20260329-008,REP-056,2026-03-29,Travel,1270,true,true,Train ticket
EXP-20260327-005,REP-056,2026-03-27,Food,544,true,true,Working lunch
EXP-20241201-015,REP-057,2024-12-01,Travel,1143,true,true,Train ticket
EXP-20241206-009,REP-057,2024-12-06,Food,158,true,true,Dinner with HCP
EXP-20241212-010,REP-057,2024-12-12,Food,485,true,true,Snacks for meeting
EXP-20241221-009,REP-057,2024-12-21,Food,686,true,true,Team lunch with HCP
EXP-20241216-010,REP-057,2024-12-16,Travel,850,false,true,Cab to hospital
EXP-20241222-004,REP-057,2024-12-22,Samples,1225,true,true,Demo kit refill
EXP-20241224-011,REP-057,2024-12-24,Samples,236,true,true,Demo kit refill
EXP-20241231-005,REP-057,2024-12-31,Travel,725,true,true,Fuel reimbursement
EXP-20241229-008,REP-057,2024-12-29,Travel,755,true,true,Train ticket
EXP-20250109-004,REP-057,2025-01-09,Mobile,395,true,true,Mobile bill
EXP-20250107-006,REP-057,2025-01-07,Travel,1860,true,true,Fuel reimbursement
EXP-20250118-011,REP-057,2025-01-18,Mobile,331,false,true,Mobile bill
EXP-20250112-007,REP-057,2025-01-12,Food,598,true,true,Coffee meeting
EXP-20250120-008,REP-057,2025-01-20,Travel,767,true,true,Cab to hospital
EXP-20250131-008,REP-057,2025-01-31,Samples,1369,true,true,Demo kit refill
EXP-20250206-008,REP-057,2025-02-06,Lodging,2634,true,true,Hotel stay — field trip
EXP-20250208-014,REP-057,2025-02-08,Travel,1508,true,true,Bus fare
EXP-20250211-007,REP-057,2025-02-11,Food,561,true,true,Dinner with HCP
EXP-20250211-008,REP-057,2025-02-11,Food,630,true,true,Snacks for meeting
EXP-20250221-007,REP-057,2025-02-21,Travel,1131,true,true,Train ticket
EXP-20250226-007,REP-057,2025-02-26,Travel,487,true,true,Cab to hospital
EXP-20250301-005,REP-057,2025-03-01,Lodging,3731,true,true,Hotel stay — field trip
EXP-20250306-008,REP-057,2025-03-06,Travel,878,true,true,Bus fare
EXP-20250311-011,REP-057,2025-03-11,Travel,867,true,true,Auto to clinic
EXP-20250321-004,REP-057,2025-03-21,Travel,1693,true,true,Train ticket
EXP-20250327-003,REP-057,2025-03-27,Food,113,true,true,Team lunch with HCP
EXP-20250402-008,REP-057,2025-04-02,Conference,3084,true,true,Doctor meet sponsorship
EXP-20250402-009,REP-057,2025-04-02,Travel,661,true,true,Auto to clinic
EXP-20250410-011,REP-057,2025-04-10,Travel,711,true,true,Train ticket
EXP-20250415-005,REP-057,2025-04-15,Food,141,true,true,Team lunch with HCP
EXP-20250419-007,REP-057,2025-04-19,Samples,815,true,true,Demo kit refill
EXP-20250425-010,REP-057,2025-04-25,Food,749,true,true,Dinner with HCP
EXP-20250501-010,REP-057,2025-05-01,Travel,1548,true,true,Bus fare
EXP-20250427-009,REP-057,2025-04-27,Lodging,3914,true,true,Hotel stay — field trip
EXP-20250509-010,REP-057,2025-05-09,Samples,884,true,true,Sample packs for HCP
EXP-20250507-007,REP-057,2025-05-07,Lodging,1769,true,true,Guest house — 2 nights
EXP-20250512-009,REP-057,2025-05-12,Food,143,true,true,Team lunch with HCP
EXP-20250523-012,REP-057,2025-05-23,Lodging,3879,true,true,Hotel stay — field trip
EXP-20250520-006,REP-057,2025-05-20,Samples,906,true,true,Sample packs for HCP
EXP-20250531-006,REP-057,2025-05-31,Travel,535,true,true,Bus fare
EXP-20250527-004,REP-057,2025-05-27,Food,183,true,true,Coffee meeting
EXP-20250602-011,REP-057,2025-06-02,Travel,1604,true,true,Auto to clinic
EXP-20250609-005,REP-057,2025-06-09,Mobile,738,true,true,Internet recharge
EXP-20250614-007,REP-057,2025-06-14,Food,108,true,true,Team lunch with HCP
EXP-20250617-008,REP-057,2025-06-17,Other,76,false,true,Misc expense
EXP-20250624-008,REP-057,2025-06-24,Samples,811,true,true,Sample packs for HCP
EXP-20250623-010,REP-057,2025-06-23,Travel,324,true,true,Bus fare
EXP-20250704-005,REP-057,2025-07-04,Lodging,3918,true,true,Hotel stay — field trip
EXP-20250704-006,REP-057,2025-07-04,Travel,281,false,true,Fuel reimbursement
EXP-20250711-006,REP-057,2025-07-11,Lodging,3914,true,true,Hotel stay — field trip
EXP-20250712-008,REP-057,2025-07-12,Samples,381,true,true,Demo kit refill
EXP-20250713-007,REP-057,2025-07-13,Travel,550,true,true,Fuel reimbursement
EXP-20250718-003,REP-057,2025-07-18,Food,704,true,true,Snacks for meeting
EXP-20250722-007,REP-057,2025-07-22,Lodging,3730,true,true,Hotel stay — field trip
EXP-20250726-006,REP-057,2025-07-26,Samples,735,true,true,Sample packs for HCP
EXP-20250727-010,REP-057,2025-07-27,Travel,636,true,true,Train ticket
EXP-20250806-009,REP-057,2025-08-06,Lodging,2682,false,true,Hotel stay — field trip
EXP-20250814-007,REP-057,2025-08-14,Samples,1241,true,true,Sample packs for HCP
EXP-20250820-009,REP-057,2025-08-20,Food,330,true,true,Coffee meeting
EXP-20250820-010,REP-057,2025-08-20,Travel,1722,true,true,Auto to clinic
EXP-20250828-008,REP-057,2025-08-28,Travel,1058,true,true,Auto to clinic
EXP-20250904-008,REP-057,2025-09-04,Samples,573,true,true,Product samples drop
EXP-20250903-007,REP-057,2025-09-03,Food,359,true,true,Snacks for meeting
EXP-20250911-007,REP-057,2025-09-11,Other,1325,true,true,Printing materials
EXP-20250909-009,REP-057,2025-09-09,Travel,1705,true,true,Fuel reimbursement
EXP-20250918-007,REP-057,2025-09-18,Travel,1772,true,true,Auto to clinic
EXP-20250915-010,REP-057,2025-09-15,Travel,1975,true,true,Cab to hospital
EXP-20250922-009,REP-057,2025-09-22,Travel,1655,true,true,Auto to clinic
EXP-20250923-009,REP-057,2025-09-23,Other,1555,true,true,Misc expense
EXP-20250929-009,REP-057,2025-09-29,Lodging,2819,true,true,Guest house — 2 nights
EXP-20251004-009,REP-057,2025-10-04,Samples,654,true,true,Product samples drop
EXP-20251007-010,REP-057,2025-10-07,Travel,1770,true,true,Cab to hospital
EXP-20251012-007,REP-057,2025-10-12,Samples,638,true,true,Demo kit refill
EXP-20251017-006,REP-057,2025-10-17,Travel,947,true,true,Train ticket
EXP-20251025-006,REP-057,2025-10-25,Conference,3706,true,true,CME event fees
EXP-20251028-007,REP-057,2025-10-28,Lodging,3336,false,true,Lodging — outstation visit
EXP-20251031-009,REP-057,2025-10-31,Food,658,true,true,Snacks for meeting
EXP-20251102-007,REP-057,2025-11-02,Lodging,3988,true,true,Guest house — 2 nights
EXP-20251105-009,REP-057,2025-11-05,Lodging,2829,true,true,Guest house — 2 nights
EXP-20251112-007,REP-057,2025-11-12,Travel,1281,true,false,Bus fare
EXP-20251122-007,REP-057,2025-11-22,Mobile,310,true,true,Roaming charges
EXP-20251126-007,REP-057,2025-11-26,Food,575,true,true,Snacks for meeting
EXP-20251204-009,REP-057,2025-12-04,Travel,1686,true,true,Fuel reimbursement
EXP-20251208-012,REP-057,2025-12-08,Food,632,true,true,Team lunch with HCP
EXP-20251219-005,REP-057,2025-12-19,Food,765,true,true,Dinner with HCP
EXP-20251225-006,REP-057,2025-12-25,Food,775,true,true,Coffee meeting
EXP-20251225-007,REP-057,2025-12-25,Food,537,true,true,Snacks for meeting
EXP-20260102-011,REP-057,2026-01-02,Food,608,true,true,Working lunch
EXP-20251231-007,REP-057,2025-12-31,Lodging,2177,true,true,Lodging — outstation visit
EXP-20260108-011,REP-057,2026-01-08,Travel,1037,true,true,Train ticket
EXP-20260113-009,REP-057,2026-01-13,Travel,1071,true,true,Auto to clinic
EXP-20260112-007,REP-057,2026-01-12,Mobile,333,true,true,Mobile bill
EXP-20260121-005,REP-057,2026-01-21,Food,218,true,true,Dinner with HCP
EXP-20260120-012,REP-057,2026-01-20,Travel,1099,true,true,Bus fare
EXP-20260131-006,REP-057,2026-01-31,Travel,1382,false,true,Auto to clinic
EXP-20260202-009,REP-057,2026-02-02,Mobile,639,true,true,Roaming charges
EXP-20260202-010,REP-057,2026-02-02,Samples,1190,true,true,Sample packs for HCP
EXP-20260212-007,REP-057,2026-02-12,Travel,1324,true,true,Train ticket
EXP-20260208-005,REP-057,2026-02-08,Food,475,true,true,Team lunch with HCP
EXP-20260215-006,REP-057,2026-02-15,Food,190,true,true,Team lunch with HCP
EXP-20260225-004,REP-057,2026-02-25,Travel,1788,true,true,Bus fare
EXP-20260307-008,REP-057,2026-03-07,Food,499,true,true,Dinner with HCP
EXP-20260303-007,REP-057,2026-03-03,Food,680,true,true,Coffee meeting
EXP-20260311-004,REP-057,2026-03-11,Travel,1294,true,true,Cab to hospital
EXP-20260316-010,REP-057,2026-03-16,Travel,1185,true,true,Cab to hospital
EXP-20260317-007,REP-057,2026-03-17,Lodging,2270,true,true,Lodging — outstation visit
EXP-20260324-011,REP-057,2026-03-24,Travel,213,true,false,Fuel reimbursement
EXP-20260325-006,REP-057,2026-03-25,Lodging,3314,true,true,Hotel stay — field trip
EXP-20240621-006,REP-058,2024-06-21,Travel,1872,true,true,Bus fare
EXP-20240622-008,REP-058,2024-06-22,Travel,1544,true,true,Fuel reimbursement
EXP-20240629-010,REP-058,2024-06-29,Travel,1686,false,true,Auto to clinic
EXP-20240702-010,REP-058,2024-07-02,Travel,1628,true,true,Auto to clinic
EXP-20240710-006,REP-058,2024-07-10,Food,207,false,true,Working lunch
EXP-20240721-010,REP-058,2024-07-21,Travel,993,true,true,Train ticket
EXP-20240716-007,REP-058,2024-07-16,Food,627,true,true,Team lunch with HCP
EXP-20240722-006,REP-058,2024-07-22,Food,572,true,true,Working lunch
EXP-20240729-006,REP-058,2024-07-29,Other,54,true,true,Printing materials
EXP-20240808-007,REP-058,2024-08-08,Lodging,2624,true,true,Guest house — 2 nights
EXP-20240805-006,REP-058,2024-08-05,Lodging,2345,true,true,Guest house — 2 nights
EXP-20240813-009,REP-058,2024-08-13,Food,238,true,true,Working lunch
EXP-20240820-006,REP-058,2024-08-20,Food,230,true,true,Working lunch
EXP-20240824-009,REP-058,2024-08-24,Food,209,true,true,Snacks for meeting
EXP-20240826-008,REP-058,2024-08-26,Travel,861,true,true,Cab to hospital
EXP-20240904-009,REP-058,2024-09-04,Mobile,795,true,true,Mobile bill
EXP-20240905-009,REP-058,2024-09-05,Lodging,3639,false,true,Lodging — outstation visit
EXP-20240909-007,REP-058,2024-09-09,Lodging,2174,true,true,Lodging — outstation visit
EXP-20240920-008,REP-058,2024-09-20,Food,721,true,true,Snacks for meeting
EXP-20240928-010,REP-058,2024-09-28,Lodging,1537,true,true,Hotel stay — field trip
EXP-20240927-003,REP-058,2024-09-27,Samples,576,false,true,Sample packs for HCP
EXP-20241005-006,REP-058,2024-10-05,Food,752,true,true,Team lunch with HCP
EXP-20241006-011,REP-058,2024-10-06,Travel,895,true,true,Cab to hospital
EXP-20241013-007,REP-058,2024-10-13,Travel,1422,true,true,Train ticket
EXP-20241016-008,REP-058,2024-10-16,Travel,1188,true,true,Auto to clinic
EXP-20241016-009,REP-058,2024-10-16,Travel,1054,true,true,Bus fare
EXP-20241023-009,REP-058,2024-10-23,Food,597,true,true,Snacks for meeting
EXP-20241023-010,REP-058,2024-10-23,Mobile,307,true,true,Roaming charges
EXP-20241030-009,REP-058,2024-10-30,Other,1705,true,true,Misc expense
EXP-20241103-008,REP-058,2024-11-03,Samples,529,true,true,Product samples drop
EXP-20241104-006,REP-058,2024-11-04,Travel,881,false,true,Auto to clinic
EXP-20241115-008,REP-058,2024-11-15,Samples,443,true,true,Product samples drop
EXP-20241122-009,REP-058,2024-11-22,Travel,1134,true,true,Cab to hospital
EXP-20241124-010,REP-058,2024-11-24,Lodging,3781,true,true,Guest house — 2 nights
EXP-20241129-011,REP-058,2024-11-29,Mobile,400,true,true,Mobile bill
EXP-20241208-007,REP-058,2024-12-08,Lodging,1509,true,true,Hotel stay — field trip
EXP-20241206-010,REP-058,2024-12-06,Food,147,false,true,Working lunch
EXP-20241210-009,REP-058,2024-12-10,Conference,3839,true,true,Conference registration
EXP-20241214-008,REP-058,2024-12-14,Lodging,1925,true,true,Guest house — 2 nights
EXP-20241220-011,REP-058,2024-12-20,Mobile,118,true,true,Internet recharge
EXP-20241224-012,REP-058,2024-12-24,Lodging,2915,true,true,Lodging — outstation visit
EXP-20250102-006,REP-058,2025-01-02,Samples,539,true,true,Product samples drop
EXP-20241230-015,REP-058,2024-12-30,Lodging,3744,false,true,Lodging — outstation visit
EXP-20250106-009,REP-058,2025-01-06,Mobile,671,true,true,Mobile bill
EXP-20250107-007,REP-058,2025-01-07,Lodging,3840,true,true,Guest house — 2 nights
EXP-20250113-009,REP-058,2025-01-13,Travel,891,true,true,Cab to hospital
EXP-20250121-006,REP-058,2025-01-21,Travel,224,true,true,Cab to hospital
EXP-20250126-006,REP-058,2025-01-26,Travel,564,true,true,Auto to clinic
EXP-20250130-009,REP-058,2025-01-30,Travel,1485,true,true,Cab to hospital
EXP-20250205-007,REP-058,2025-02-05,Other,1203,true,true,Misc expense
EXP-20250212-011,REP-058,2025-02-12,Travel,621,true,true,Cab to hospital
EXP-20250214-011,REP-058,2025-02-14,Conference,2248,true,true,Conference registration
EXP-20250221-008,REP-058,2025-02-21,Travel,1337,true,true,Auto to clinic
EXP-20250217-009,REP-058,2025-02-17,Travel,1132,true,true,Bus fare
EXP-20250226-008,REP-058,2025-02-26,Food,682,true,true,Working lunch
EXP-20250307-010,REP-058,2025-03-07,Lodging,3690,true,true,Guest house — 2 nights
EXP-20250304-008,REP-058,2025-03-04,Samples,529,true,true,Sample packs for HCP
EXP-20250313-008,REP-058,2025-03-13,Travel,667,true,true,Bus fare
EXP-20250316-011,REP-058,2025-03-16,Travel,268,true,true,Bus fare
EXP-20250319-006,REP-058,2025-03-19,Travel,1772,true,true,Fuel reimbursement
EXP-20250324-006,REP-058,2025-03-24,Lodging,2577,true,true,Hotel stay — field trip
EXP-20250329-007,REP-058,2025-03-29,Samples,572,false,true,Demo kit refill
EXP-20250406-012,REP-058,2025-04-06,Food,521,true,true,Team lunch with HCP
EXP-20250412-009,REP-058,2025-04-12,Lodging,3800,true,false,Lodging — outstation visit
EXP-20250416-006,REP-058,2025-04-16,Samples,1491,true,true,Product samples drop
EXP-20250415-006,REP-058,2025-04-15,Travel,881,true,true,Bus fare
EXP-20250426-009,REP-058,2025-04-26,Lodging,3927,true,true,Hotel stay — field trip
EXP-20250422-011,REP-058,2025-04-22,Other,1802,false,true,Stationery
EXP-20250429-008,REP-058,2025-04-29,Samples,97,true,false,Product samples drop
EXP-20250509-011,REP-058,2025-05-09,Food,315,true,true,Working lunch
EXP-20250505-008,REP-058,2025-05-05,Travel,1772,false,true,Fuel reimbursement
EXP-20250512-010,REP-058,2025-05-12,Travel,1066,true,true,Bus fare
EXP-20250520-007,REP-058,2025-05-20,Travel,1813,true,true,Fuel reimbursement
EXP-20250521-009,REP-058,2025-05-21,Travel,633,true,true,Auto to clinic
EXP-20250529-007,REP-058,2025-05-29,Travel,1234,true,true,Train ticket
EXP-20250526-010,REP-058,2025-05-26,Travel,1068,true,true,Fuel reimbursement
EXP-20250605-009,REP-058,2025-06-05,Travel,1163,true,true,Auto to clinic
EXP-20250603-014,REP-058,2025-06-03,Food,111,true,true,Dinner with HCP
EXP-20250613-008,REP-058,2025-06-13,Food,127,true,true,Coffee meeting
EXP-20250609-006,REP-058,2025-06-09,Travel,1875,true,true,Fuel reimbursement
EXP-20250618-010,REP-058,2025-06-18,Food,598,true,true,Snacks for meeting
EXP-20250618-011,REP-058,2025-06-18,Conference,1741,false,true,Conference registration
EXP-20250627-007,REP-058,2025-06-27,Travel,444,false,true,Fuel reimbursement
EXP-20250627-008,REP-058,2025-06-27,Food,643,true,true,Dinner with HCP
EXP-20250701-009,REP-058,2025-07-01,Travel,1806,true,true,Auto to clinic
EXP-20250704-007,REP-058,2025-07-04,Samples,546,true,true,Product samples drop
EXP-20250710-007,REP-058,2025-07-10,Food,619,true,true,Dinner with HCP
EXP-20250718-004,REP-058,2025-07-18,Samples,1421,true,false,Demo kit refill
EXP-20250723-006,REP-058,2025-07-23,Lodging,2921,true,true,Guest house — 2 nights
EXP-20250723-007,REP-058,2025-07-23,Samples,187,true,true,Sample packs for HCP
EXP-20250803-004,REP-058,2025-08-03,Lodging,3920,true,true,Lodging — outstation visit
EXP-20250807-011,REP-058,2025-08-07,Travel,521,true,true,Fuel reimbursement
EXP-20250816-009,REP-058,2025-08-16,Other,370,true,true,Printing materials
EXP-20250812-004,REP-058,2025-08-12,Travel,1393,true,true,Train ticket
EXP-20250824-004,REP-058,2025-08-24,Travel,833,false,true,Train ticket
EXP-20250821-004,REP-058,2025-08-21,Food,537,true,true,Snacks for meeting
EXP-20250828-009,REP-058,2025-08-28,Travel,1006,true,true,Cab to hospital
EXP-20250902-005,REP-058,2025-09-02,Travel,1545,true,true,Cab to hospital
EXP-20250912-009,REP-058,2025-09-12,Travel,656,true,true,Fuel reimbursement
EXP-20250913-005,REP-058,2025-09-13,Travel,357,true,true,Fuel reimbursement
EXP-20250915-011,REP-058,2025-09-15,Mobile,463,false,true,Internet recharge
EXP-20250923-010,REP-058,2025-09-23,Mobile,779,true,true,Internet recharge
EXP-20251003-004,REP-058,2025-10-03,Travel,1821,true,true,Auto to clinic
EXP-20251008-010,REP-058,2025-10-08,Lodging,3578,true,true,Hotel stay — field trip
EXP-20251007-011,REP-058,2025-10-07,Lodging,2531,false,true,Hotel stay — field trip
EXP-20251013-007,REP-058,2025-10-13,Food,775,true,true,Snacks for meeting
EXP-20251018-009,REP-058,2025-10-18,Samples,60,true,true,Sample packs for HCP
EXP-20251024-007,REP-058,2025-10-24,Lodging,2663,true,true,Hotel stay — field trip
EXP-20251101-012,REP-058,2025-11-01,Lodging,3808,true,true,Hotel stay — field trip
EXP-20251105-010,REP-058,2025-11-05,Travel,826,true,true,Fuel reimbursement
EXP-20251113-007,REP-058,2025-11-13,Lodging,3608,true,true,Guest house — 2 nights
EXP-20251122-008,REP-058,2025-11-22,Travel,239,true,true,Train ticket
EXP-20251121-006,REP-058,2025-11-21,Travel,1915,true,true,Auto to clinic
EXP-20251129-004,REP-058,2025-11-29,Food,539,true,true,Coffee meeting
EXP-20251125-007,REP-058,2025-11-25,Lodging,2936,true,true,Lodging — outstation visit
EXP-20251201-005,REP-058,2025-12-01,Other,1207,true,true,Stationery
EXP-20251202-007,REP-058,2025-12-02,Samples,454,true,true,Demo kit refill
EXP-20251210-011,REP-058,2025-12-10,Samples,562,true,true,Demo kit refill
EXP-20251210-012,REP-058,2025-12-10,Food,673,true,true,Team lunch with HCP
EXP-20251219-006,REP-058,2025-12-19,Samples,243,true,true,Product samples drop
EXP-20251223-007,REP-058,2025-12-23,Lodging,3725,true,true,Guest house — 2 nights
EXP-20251226-005,REP-058,2025-12-26,Travel,1513,true,true,Train ticket
EXP-20251230-004,REP-058,2025-12-30,Food,418,true,true,Snacks for meeting
EXP-20251231-008,REP-058,2025-12-31,Travel,1340,true,true,Fuel reimbursement
EXP-20260111-006,REP-058,2026-01-11,Food,516,true,true,Working lunch
EXP-20260107-005,REP-058,2026-01-07,Samples,100,true,true,Product samples drop
EXP-20260112-008,REP-058,2026-01-12,Lodging,1807,true,true,Guest house — 2 nights
EXP-20260122-005,REP-058,2026-01-22,Conference,2865,true,true,Conference registration
EXP-20260120-013,REP-058,2026-01-20,Lodging,2673,false,true,Guest house — 2 nights
EXP-20260128-007,REP-058,2026-01-28,Travel,400,true,true,Cab to hospital
EXP-20260201-007,REP-058,2026-02-01,Travel,604,true,true,Auto to clinic
EXP-20260206-010,REP-058,2026-02-06,Travel,508,true,true,Bus fare
EXP-20260207-005,REP-058,2026-02-07,Other,1286,true,true,Misc expense
EXP-20260210-009,REP-058,2026-02-10,Mobile,363,true,true,Internet recharge
EXP-20260222-007,REP-058,2026-02-22,Food,546,true,true,Dinner with HCP
EXP-20260222-008,REP-058,2026-02-22,Food,703,true,true,Working lunch
EXP-20260227-009,REP-058,2026-02-27,Travel,1922,true,true,Auto to clinic
EXP-20260308-009,REP-058,2026-03-08,Lodging,3791,true,true,Hotel stay — field trip
EXP-20260305-005,REP-058,2026-03-05,Lodging,1844,true,true,Guest house — 2 nights
EXP-20260313-008,REP-058,2026-03-13,Mobile,408,true,true,Mobile bill
EXP-20260309-007,REP-058,2026-03-09,Mobile,343,true,true,Internet recharge
EXP-20260316-011,REP-058,2026-03-16,Travel,1435,true,true,Fuel reimbursement
EXP-20260316-012,REP-058,2026-03-16,Travel,980,true,true,Auto to clinic
EXP-20260323-008,REP-058,2026-03-23,Travel,1066,true,true,Bus fare
EXP-20240802-010,REP-059,2024-08-02,Food,428,true,true,Dinner with HCP
EXP-20240805-007,REP-059,2024-08-05,Food,678,true,true,Coffee meeting
EXP-20240811-008,REP-059,2024-08-11,Travel,1973,true,true,Auto to clinic
EXP-20240822-007,REP-059,2024-08-22,Travel,266,true,true,Train ticket
EXP-20240829-006,REP-059,2024-08-29,Travel,1786,true,false,Train ticket
EXP-20240902-008,REP-059,2024-09-02,Conference,2634,true,true,Doctor meet sponsorship
EXP-20240904-010,REP-059,2024-09-04,Food,515,true,true,Snacks for meeting
EXP-20240912-008,REP-059,2024-09-12,Food,398,true,true,Coffee meeting
EXP-20240908-005,REP-059,2024-09-08,Food,605,true,true,Snacks for meeting
EXP-20240915-010,REP-059,2024-09-15,Lodging,1529,true,true,Lodging — outstation visit
EXP-20240926-014,REP-059,2024-09-26,Travel,1199,false,true,Train ticket
EXP-20240927-004,REP-059,2024-09-27,Other,1602,true,true,Misc expense
EXP-20241003-012,REP-059,2024-10-03,Travel,1785,false,true,Fuel reimbursement
EXP-20241006-012,REP-059,2024-10-06,Samples,411,true,true,Sample packs for HCP
EXP-20241009-009,REP-059,2024-10-09,Travel,510,true,true,Cab to hospital
EXP-20241017-007,REP-059,2024-10-17,Travel,579,true,true,Fuel reimbursement
EXP-20241021-009,REP-059,2024-10-21,Travel,713,true,true,Train ticket
EXP-20241028-009,REP-059,2024-10-28,Travel,621,true,true,Auto to clinic
EXP-20241102-008,REP-059,2024-11-02,Travel,301,true,true,Fuel reimbursement
EXP-20241104-007,REP-059,2024-11-04,Travel,528,true,true,Auto to clinic
EXP-20241114-013,REP-059,2024-11-14,Travel,991,true,true,Fuel reimbursement
EXP-20241112-007,REP-059,2024-11-12,Travel,944,true,true,Cab to hospital
EXP-20241118-006,REP-059,2024-11-18,Travel,1623,true,true,Bus fare
EXP-20241124-011,REP-059,2024-11-24,Travel,1344,true,true,Auto to clinic
EXP-20241130-007,REP-059,2024-11-30,Travel,1981,true,true,Auto to clinic
EXP-20241130-008,REP-059,2024-11-30,Food,581,true,true,Working lunch
EXP-20241207-007,REP-059,2024-12-07,Samples,449,true,true,Product samples drop
EXP-20241213-009,REP-059,2024-12-13,Lodging,3476,true,true,Lodging — outstation visit
EXP-20241215-007,REP-059,2024-12-15,Lodging,1549,true,true,Lodging — outstation visit
EXP-20241224-013,REP-059,2024-12-24,Food,313,true,true,Team lunch with HCP
EXP-20241228-004,REP-059,2024-12-28,Travel,1809,true,true,Train ticket
EXP-20250109-005,REP-059,2025-01-09,Lodging,1713,true,true,Hotel stay — field trip
EXP-20250116-016,REP-059,2025-01-16,Food,688,true,true,Team lunch with HCP
EXP-20250116-017,REP-059,2025-01-16,Lodging,2363,true,true,Guest house — 2 nights
EXP-20250119-009,REP-059,2025-01-19,Travel,411,true,true,Auto to clinic
EXP-20250122-007,REP-059,2025-01-22,Food,704,true,true,Team lunch with HCP
EXP-20250130-010,REP-059,2025-01-30,Food,495,true,true,Snacks for meeting
EXP-20250131-009,REP-059,2025-01-31,Food,787,true,true,Snacks for meeting
EXP-20250212-012,REP-059,2025-02-12,Mobile,752,true,true,Roaming charges
EXP-20250211-009,REP-059,2025-02-11,Food,526,true,true,Snacks for meeting
EXP-20250215-006,REP-059,2025-02-15,Lodging,2775,true,true,Hotel stay — field trip
EXP-20250218-005,REP-059,2025-02-18,Travel,1171,true,true,Train ticket
EXP-20250222-009,REP-059,2025-02-22,Food,739,true,true,Coffee meeting
EXP-20250223-007,REP-059,2025-02-23,Travel,1071,true,true,Auto to clinic
EXP-20250228-004,REP-059,2025-02-28,Food,555,true,true,Working lunch
EXP-20250313-009,REP-059,2025-03-13,Food,638,true,true,Coffee meeting
EXP-20250315-012,REP-059,2025-03-15,Travel,259,true,true,Fuel reimbursement
EXP-20250323-009,REP-059,2025-03-23,Travel,222,true,true,Fuel reimbursement
EXP-20250402-010,REP-059,2025-04-02,Travel,320,true,true,Auto to clinic
EXP-20250402-011,REP-059,2025-04-02,Travel,687,true,true,Bus fare
EXP-20250410-012,REP-059,2025-04-10,Mobile,557,true,true,Mobile bill
EXP-20250417-009,REP-059,2025-04-17,Travel,1999,true,true,Auto to clinic
EXP-20250415-007,REP-059,2025-04-15,Food,551,true,true,Dinner with HCP
EXP-20250422-012,REP-059,2025-04-22,Samples,700,true,true,Sample packs for HCP
EXP-20250425-011,REP-059,2025-04-25,Travel,497,true,true,Train ticket
EXP-20250508-009,REP-059,2025-05-08,Travel,942,true,true,Fuel reimbursement
EXP-20250509-012,REP-059,2025-05-09,Food,453,true,true,Snacks for meeting
EXP-20250515-008,REP-059,2025-05-15,Travel,1058,true,true,Auto to clinic
EXP-20250518-009,REP-059,2025-05-18,Travel,1861,true,true,Cab to hospital
EXP-20250518-010,REP-059,2025-05-18,Lodging,2586,true,true,Guest house — 2 nights
EXP-20250524-008,REP-059,2025-05-24,Travel,404,true,true,Cab to hospital
EXP-20250524-009,REP-059,2025-05-24,Travel,1093,true,true,Bus fare
EXP-20250530-008,REP-059,2025-05-30,Mobile,304,true,true,Internet recharge
EXP-20250605-010,REP-059,2025-06-05,Lodging,2353,false,true,Lodging — outstation visit
EXP-20250611-011,REP-059,2025-06-11,Travel,1694,true,true,Train ticket
EXP-20250610-011,REP-059,2025-06-10,Lodging,2009,true,true,Lodging — outstation visit
EXP-20250613-009,REP-059,2025-06-13,Other,1270,true,true,Printing materials
EXP-20250621-009,REP-059,2025-06-21,Other,1309,true,true,Misc expense
EXP-20250624-009,REP-059,2025-06-24,Food,208,true,true,Team lunch with HCP
EXP-20250630-010,REP-059,2025-06-30,Travel,1451,true,true,Train ticket
EXP-20250705-013,REP-059,2025-07-05,Samples,1495,true,true,Product samples drop
EXP-20250707-005,REP-059,2025-07-07,Lodging,1877,true,true,Lodging — outstation visit
EXP-20250713-008,REP-059,2025-07-13,Food,267,true,true,Dinner with HCP
EXP-20250719-010,REP-059,2025-07-19,Mobile,727,true,true,Internet recharge
EXP-20250721-006,REP-059,2025-07-21,Food,725,true,true,Working lunch
EXP-20250727-011,REP-059,2025-07-27,Lodging,2089,true,true,Guest house — 2 nights
EXP-20250730-008,REP-059,2025-07-30,Mobile,301,false,true,Roaming charges
EXP-20250807-012,REP-059,2025-08-07,Food,426,true,true,Working lunch
EXP-20250813-009,REP-059,2025-08-13,Food,251,true,true,Coffee meeting
EXP-20250808-003,REP-059,2025-08-08,Food,178,true,true,Team lunch with HCP
EXP-20250821-005,REP-059,2025-08-21,Travel,560,true,true,Auto to clinic
EXP-20250821-006,REP-059,2025-08-21,Food,767,true,true,Dinner with HCP
EXP-20250827-009,REP-059,2025-08-27,Food,131,false,true,Coffee meeting
EXP-20250902-006,REP-059,2025-09-02,Mobile,604,true,true,Mobile bill
EXP-20250902-007,REP-059,2025-09-02,Travel,1538,true,true,Auto to clinic
EXP-20250909-010,REP-059,2025-09-09,Samples,152,true,true,Product samples drop
EXP-20250909-011,REP-059,2025-09-09,Food,520,true,true,Coffee meeting
EXP-20250913-006,REP-059,2025-09-13,Travel,837,true,true,Auto to clinic
EXP-20250923-011,REP-059,2025-09-23,Lodging,3099,true,true,Lodging — outstation visit
EXP-20250928-007,REP-059,2025-09-28,Samples,525,true,true,Product samples drop
EXP-20251006-009,REP-059,2025-10-06,Food,639,true,false,Working lunch
EXP-20251012-008,REP-059,2025-10-12,Travel,1310,true,true,Auto to clinic
EXP-20251014-011,REP-059,2025-10-14,Travel,1005,true,true,Fuel reimbursement
EXP-20251022-012,REP-059,2025-10-22,Food,639,true,true,Team lunch with HCP
EXP-20251024-008,REP-059,2025-10-24,Conference,2011,true,true,CME event fees
EXP-20251101-013,REP-059,2025-11-01,Travel,297,true,true,Fuel reimbursement
EXP-20251110-007,REP-059,2025-11-10,Mobile,778,false,true,Mobile bill
EXP-20251117-011,REP-059,2025-11-17,Travel,1537,true,true,Auto to clinic
EXP-20251123-010,REP-059,2025-11-23,Food,351,true,true,Team lunch with HCP
EXP-20251202-008,REP-059,2025-12-02,Lodging,3179,true,true,Guest house — 2 nights
EXP-20251129-005,REP-059,2025-11-29,Other,1085,true,true,Printing materials
EXP-20251207-006,REP-059,2025-12-07,Samples,677,true,true,Product samples drop
EXP-20251217-005,REP-059,2025-12-17,Travel,1203,true,true,Train ticket
EXP-20251223-008,REP-059,2025-12-23,Travel,948,true,true,Fuel reimbursement
EXP-20251224-006,REP-059,2025-12-24,Conference,1752,true,true,Doctor meet sponsorship
EXP-20260101-007,REP-059,2026-01-01,Samples,123,true,true,Demo kit refill
EXP-20260104-008,REP-059,2026-01-04,Travel,1316,true,true,Cab to hospital
EXP-20260115-002,REP-059,2026-01-15,Other,1727,false,true,Printing materials
EXP-20260122-006,REP-059,2026-01-22,Lodging,1792,false,true,Guest house — 2 nights
EXP-20260126-007,REP-059,2026-01-26,Travel,1038,true,true,Bus fare
EXP-20260202-011,REP-059,2026-02-02,Travel,1757,true,true,Bus fare
EXP-20260206-011,REP-059,2026-02-06,Samples,351,true,true,Sample packs for HCP
EXP-20260212-008,REP-059,2026-02-12,Food,505,true,true,Coffee meeting
EXP-20260213-006,REP-059,2026-02-13,Food,650,true,true,Snacks for meeting
EXP-20260226-008,REP-059,2026-02-26,Travel,1127,true,true,Fuel reimbursement
EXP-20260224-009,REP-059,2026-02-24,Travel,495,true,true,Cab to hospital
EXP-20260301-010,REP-059,2026-03-01,Lodging,3457,true,true,Guest house — 2 nights
EXP-20260307-009,REP-059,2026-03-07,Travel,534,true,true,Cab to hospital
EXP-20260309-008,REP-059,2026-03-09,Food,193,true,true,Dinner with HCP
EXP-20260315-008,REP-059,2026-03-15,Travel,1421,true,true,Train ticket
EXP-20260313-009,REP-059,2026-03-13,Travel,896,false,true,Fuel reimbursement
EXP-20260321-008,REP-059,2026-03-21,Food,313,true,true,Coffee meeting
EXP-20260330-007,REP-059,2026-03-30,Samples,922,true,true,Sample packs for HCP
EXP-20260327-006,REP-059,2026-03-27,Travel,1296,true,true,Auto to clinic
EXP-20251205-007,REP-060,2025-12-05,Lodging,2026,true,true,Guest house — 2 nights
EXP-20251214-005,REP-060,2025-12-14,Travel,1279,true,true,Fuel reimbursement
EXP-20251221-008,REP-060,2025-12-21,Food,370,true,true,Coffee meeting
EXP-20251225-008,REP-060,2025-12-25,Samples,927,false,true,Sample packs for HCP
EXP-20260106-009,REP-060,2026-01-06,Lodging,3957,true,true,Guest house — 2 nights
EXP-20260110-009,REP-060,2026-01-10,Lodging,2405,true,true,Lodging — outstation visit
EXP-20260113-010,REP-060,2026-01-13,Food,784,true,true,Dinner with HCP
EXP-20260115-003,REP-060,2026-01-15,Food,259,true,true,Working lunch
EXP-20260116-008,REP-060,2026-01-16,Travel,411,true,true,Cab to hospital
EXP-20260122-007,REP-060,2026-01-22,Samples,348,true,true,Sample packs for HCP
EXP-20260125-008,REP-060,2026-01-25,Samples,1304,true,true,Product samples drop
EXP-20260129-006,REP-060,2026-01-29,Travel,524,true,true,Bus fare
EXP-20260206-012,REP-060,2026-02-06,Food,345,true,true,Snacks for meeting
EXP-20260209-004,REP-060,2026-02-09,Travel,956,true,true,Cab to hospital
EXP-20260215-007,REP-060,2026-02-15,Travel,1307,true,true,Auto to clinic
EXP-20260213-007,REP-060,2026-02-13,Samples,947,true,true,Demo kit refill
EXP-20260219-007,REP-060,2026-02-19,Other,1398,true,true,Stationery
EXP-20260219-008,REP-060,2026-02-19,Lodging,3144,false,true,Lodging — outstation visit
EXP-20260226-009,REP-060,2026-02-26,Travel,1661,true,true,Bus fare
EXP-20260304-006,REP-060,2026-03-04,Food,335,true,true,Team lunch with HCP
EXP-20260309-009,REP-060,2026-03-09,Travel,1895,true,true,Auto to clinic
EXP-20260310-009,REP-060,2026-03-10,Food,623,true,true,Dinner with HCP
EXP-20260312-003,REP-060,2026-03-12,Travel,1644,true,true,Auto to clinic
EXP-20260323-009,REP-060,2026-03-23,Travel,1357,true,true,Cab to hospital
EXP-20260327-007,REP-060,2026-03-27,Food,656,true,true,Dinner with HCP
EXP-20260326-004,REP-060,2026-03-26,Travel,1899,true,true,Fuel reimbursement
EXP-20250805-008,REP-061,2025-08-05,Food,584,true,true,Snacks for meeting
EXP-20250809-009,REP-061,2025-08-09,Lodging,2778,true,true,Guest house — 2 nights
EXP-20250811-008,REP-061,2025-08-11,Food,282,true,true,Team lunch with HCP
EXP-20250814-008,REP-061,2025-08-14,Mobile,678,true,true,Mobile bill
EXP-20250820-011,REP-061,2025-08-20,Travel,1099,true,true,Fuel reimbursement
EXP-20250827-010,REP-061,2025-08-27,Food,494,false,true,Working lunch
EXP-20250903-008,REP-061,2025-09-03,Travel,678,true,true,Train ticket
EXP-20250908-005,REP-061,2025-09-08,Lodging,2023,true,true,Hotel stay — field trip
EXP-20250909-012,REP-061,2025-09-09,Food,512,true,true,Coffee meeting
EXP-20250913-007,REP-061,2025-09-13,Food,636,true,true,Dinner with HCP
EXP-20250918-008,REP-061,2025-09-18,Lodging,1719,true,true,Lodging — outstation visit
EXP-20250919-012,REP-061,2025-09-19,Travel,494,true,true,Bus fare
EXP-20251001-010,REP-061,2025-10-01,Travel,1958,true,true,Cab to hospital
EXP-20251008-011,REP-061,2025-10-08,Lodging,3186,true,true,Hotel stay — field trip
EXP-20251007-012,REP-061,2025-10-07,Travel,243,true,true,Auto to clinic
EXP-20251010-002,REP-061,2025-10-10,Food,700,true,true,Dinner with HCP
EXP-20251010-003,REP-061,2025-10-10,Travel,1814,true,true,Train ticket
EXP-20251017-007,REP-061,2025-10-17,Lodging,1620,true,true,Guest house — 2 nights
EXP-20251026-011,REP-061,2025-10-26,Travel,1490,true,true,Bus fare
EXP-20251101-014,REP-061,2025-11-01,Mobile,622,true,true,Mobile bill
EXP-20251112-008,REP-061,2025-11-12,Travel,584,true,true,Auto to clinic
EXP-20251110-008,REP-061,2025-11-10,Travel,698,true,true,Fuel reimbursement
EXP-20251118-008,REP-061,2025-11-18,Travel,1746,true,true,Auto to clinic
EXP-20251114-005,REP-061,2025-11-14,Travel,1186,false,true,Cab to hospital
EXP-20251123-011,REP-061,2025-11-23,Lodging,2619,true,true,Lodging — outstation visit
EXP-20251201-006,REP-061,2025-12-01,Mobile,347,true,true,Roaming charges
EXP-20251208-013,REP-061,2025-12-08,Travel,599,true,true,Bus fare
EXP-20251213-005,REP-061,2025-12-13,Travel,1268,true,true,Bus fare
EXP-20251213-006,REP-061,2025-12-13,Travel,367,true,true,Cab to hospital
EXP-20251219-007,REP-061,2025-12-19,Travel,252,true,true,Bus fare
EXP-20251226-006,REP-061,2025-12-26,Lodging,1839,true,true,Guest house — 2 nights
EXP-20260104-009,REP-061,2026-01-04,Food,536,true,true,Coffee meeting
EXP-20260112-009,REP-061,2026-01-12,Travel,404,true,true,Cab to hospital
EXP-20260111-007,REP-061,2026-01-11,Travel,568,true,true,Bus fare
EXP-20260115-004,REP-061,2026-01-15,Travel,1906,true,true,Cab to hospital
EXP-20260121-006,REP-061,2026-01-21,Samples,301,true,true,Product samples drop
EXP-20260122-008,REP-061,2026-01-22,Travel,282,true,true,Train ticket
EXP-20260204-007,REP-061,2026-02-04,Food,113,true,true,Coffee meeting
EXP-20260131-007,REP-061,2026-01-31,Samples,1214,true,true,Sample packs for HCP
EXP-20260206-013,REP-061,2026-02-06,Food,279,true,true,Working lunch
EXP-20260216-008,REP-061,2026-02-16,Mobile,246,true,true,Internet recharge
EXP-20260218-008,REP-061,2026-02-18,Food,446,true,true,Team lunch with HCP
EXP-20260225-005,REP-061,2026-02-25,Lodging,2728,true,true,Guest house — 2 nights
EXP-20260220-010,REP-061,2026-02-20,Travel,737,true,true,Auto to clinic
EXP-20260301-011,REP-061,2026-03-01,Conference,4209,true,true,CME event fees
EXP-20260228-005,REP-061,2026-02-28,Food,789,true,true,Working lunch
EXP-20260305-006,REP-061,2026-03-05,Food,603,true,true,Coffee meeting
EXP-20260306-008,REP-061,2026-03-06,Food,423,true,true,Team lunch with HCP
EXP-20260316-013,REP-061,2026-03-16,Food,475,true,true,Snacks for meeting
EXP-20260313-010,REP-061,2026-03-13,Food,215,true,true,Working lunch
EXP-20260321-009,REP-061,2026-03-21,Lodging,1625,true,true,Guest house — 2 nights
EXP-20260326-005,REP-061,2026-03-26,Food,555,true,true,Working lunch
EXP-20250728-005,REP-062,2025-07-28,Travel,234,true,true,Cab to hospital
EXP-20250804-012,REP-062,2025-08-04,Lodging,2257,true,true,Guest house — 2 nights
EXP-20250814-009,REP-062,2025-08-14,Lodging,1550,true,true,Hotel stay — field trip
EXP-20250817-007,REP-062,2025-08-17,Lodging,2728,true,true,Hotel stay — field trip
EXP-20250823-009,REP-062,2025-08-23,Travel,223,true,true,Fuel reimbursement
EXP-20250831-002,REP-062,2025-08-31,Travel,273,true,true,Cab to hospital
EXP-20250903-009,REP-062,2025-09-03,Conference,4774,true,true,Doctor meet sponsorship
EXP-20250911-008,REP-062,2025-09-11,Food,364,true,true,Working lunch
EXP-20250917-006,REP-062,2025-09-17,Lodging,2129,true,true,Lodging — outstation visit
EXP-20250925-007,REP-062,2025-09-25,Lodging,3022,true,true,Guest house — 2 nights
EXP-20250922-010,REP-062,2025-09-22,Food,588,true,true,Snacks for meeting
EXP-20250929-010,REP-062,2025-09-29,Lodging,3197,true,true,Lodging — outstation visit
EXP-20251001-011,REP-062,2025-10-01,Food,643,true,true,Team lunch with HCP
EXP-20251006-010,REP-062,2025-10-06,Travel,1805,true,true,Fuel reimbursement
EXP-20251009-009,REP-062,2025-10-09,Travel,1118,true,true,Bus fare
EXP-20251011-004,REP-062,2025-10-11,Food,665,true,true,Snacks for meeting
EXP-20251019-005,REP-062,2025-10-19,Travel,1098,true,true,Cab to hospital
EXP-20251022-013,REP-062,2025-10-22,Lodging,3432,false,true,Hotel stay — field trip
EXP-20251025-007,REP-062,2025-10-25,Travel,580,true,true,Train ticket
EXP-20251105-011,REP-062,2025-11-05,Food,604,true,true,Dinner with HCP
EXP-20251102-008,REP-062,2025-11-02,Mobile,344,true,true,Roaming charges
EXP-20251110-009,REP-062,2025-11-10,Lodging,2967,true,true,Guest house — 2 nights
EXP-20251108-012,REP-062,2025-11-08,Travel,1782,true,true,Bus fare
EXP-20251118-009,REP-062,2025-11-18,Lodging,2964,false,true,Guest house — 2 nights
EXP-20251128-007,REP-062,2025-11-28,Food,119,true,true,Dinner with HCP
EXP-20251126-008,REP-062,2025-11-26,Travel,376,true,true,Cab to hospital
EXP-20251201-007,REP-062,2025-12-01,Travel,1205,true,true,Auto to clinic
EXP-20251130-009,REP-062,2025-11-30,Food,157,true,true,Working lunch
EXP-20251212-007,REP-062,2025-12-12,Samples,577,true,true,Product samples drop
EXP-20251213-007,REP-062,2025-12-13,Food,251,true,true,Team lunch with HCP
EXP-20251217-006,REP-062,2025-12-17,Travel,639,true,false,Cab to hospital
EXP-20251224-007,REP-062,2025-12-24,Lodging,2695,true,true,Guest house — 2 nights
EXP-20251231-009,REP-062,2025-12-31,Travel,1816,true,true,Train ticket
EXP-20260103-005,REP-062,2026-01-03,Travel,1588,true,true,Cab to hospital
EXP-20260104-010,REP-062,2026-01-04,Travel,811,true,true,Auto to clinic
EXP-20260115-005,REP-062,2026-01-15,Samples,349,true,true,Sample packs for HCP
EXP-20260117-005,REP-062,2026-01-17,Samples,795,true,true,Demo kit refill
EXP-20260117-006,REP-062,2026-01-17,Food,260,true,true,Team lunch with HCP
EXP-20260127-008,REP-062,2026-01-27,Other,1635,true,true,Printing materials
EXP-20260128-008,REP-062,2026-01-28,Travel,884,true,true,Cab to hospital
EXP-20260206-014,REP-062,2026-02-06,Food,796,true,true,Dinner with HCP
EXP-20260204-008,REP-062,2026-02-04,Food,633,true,true,Dinner with HCP
EXP-20260209-005,REP-062,2026-02-09,Samples,685,false,true,Sample packs for HCP
EXP-20260220-011,REP-062,2026-02-20,Samples,94,true,true,Product samples drop
EXP-20260221-007,REP-062,2026-02-21,Food,641,true,true,Coffee meeting
EXP-20260304-007,REP-062,2026-03-04,Samples,111,true,true,Product samples drop
EXP-20260228-006,REP-062,2026-02-28,Travel,1195,true,true,Bus fare
EXP-20260313-011,REP-062,2026-03-13,Conference,4606,true,true,Conference registration
EXP-20260310-010,REP-062,2026-03-10,Mobile,458,true,true,Roaming charges
EXP-20260317-008,REP-062,2026-03-17,Travel,285,false,true,Train ticket
EXP-20260327-008,REP-062,2026-03-27,Samples,352,true,true,Sample packs for HCP
EXP-20260322-004,REP-062,2026-03-22,Food,700,true,true,Working lunch
EXP-20260331-005,REP-062,2026-03-31,Food,144,true,true,Working lunch
EXP-20251230-005,REP-063,2025-12-30,Travel,777,true,true,Auto to clinic
EXP-20251225-009,REP-063,2025-12-25,Samples,245,true,true,Demo kit refill
EXP-20260101-008,REP-063,2026-01-01,Lodging,2486,true,true,Lodging — outstation visit
EXP-20251231-010,REP-063,2025-12-31,Travel,1865,true,true,Train ticket
EXP-20260107-006,REP-063,2026-01-07,Travel,1899,true,true,Fuel reimbursement
EXP-20260120-014,REP-063,2026-01-20,Lodging,4246,true,false,Lodging — outstation visit
EXP-20260121-007,REP-063,2026-01-21,Food,549,true,true,Snacks for meeting
EXP-20260202-012,REP-063,2026-02-02,Travel,717,true,true,Cab to hospital
EXP-20260206-015,REP-063,2026-02-06,Food,324,true,true,Snacks for meeting
EXP-20260204-009,REP-063,2026-02-04,Travel,495,true,true,Cab to hospital
EXP-20260217-007,REP-063,2026-02-17,Travel,463,true,true,Auto to clinic
EXP-20260214-009,REP-063,2026-02-14,Lodging,3883,false,true,Guest house — 2 nights
EXP-20260219-009,REP-063,2026-02-19,Samples,752,false,true,Demo kit refill
EXP-20260224-010,REP-063,2026-02-24,Travel,1854,true,true,Bus fare
EXP-20260301-012,REP-063,2026-03-01,Food,195,true,true,Team lunch with HCP
EXP-20260309-010,REP-063,2026-03-09,Food,697,false,true,Snacks for meeting
EXP-20260305-007,REP-063,2026-03-05,Food,563,true,true,Snacks for meeting
EXP-20260311-005,REP-063,2026-03-11,Food,613,true,true,Coffee meeting
EXP-20260320-006,REP-063,2026-03-20,Lodging,2564,true,true,Hotel stay — field trip
EXP-20260326-006,REP-063,2026-03-26,Food,568,true,false,Snacks for meeting
EXP-20260327-009,REP-063,2026-03-27,Food,761,true,true,Snacks for meeting
EXP-20250608-004,REP-064,2025-06-08,Travel,341,true,true,Auto to clinic
EXP-20250609-007,REP-064,2025-06-09,Food,202,true,true,Snacks for meeting
EXP-20250619-008,REP-064,2025-06-19,Food,551,true,true,Dinner with HCP
EXP-20250616-007,REP-064,2025-06-16,Travel,983,true,true,Train ticket
EXP-20250625-007,REP-064,2025-06-25,Conference,3619,true,true,Doctor meet sponsorship
EXP-20250703-004,REP-064,2025-07-03,Travel,1334,true,true,Train ticket
EXP-20250709-010,REP-064,2025-07-09,Travel,1711,true,true,Bus fare
EXP-20250709-011,REP-064,2025-07-09,Lodging,2701,true,true,Hotel stay — field trip
EXP-20250714-008,REP-064,2025-07-14,Travel,204,true,true,Cab to hospital
EXP-20250713-009,REP-064,2025-07-13,Other,1926,false,true,Misc expense
EXP-20250724-010,REP-064,2025-07-24,Mobile,356,true,true,Internet recharge
EXP-20250726-007,REP-064,2025-07-26,Travel,866,true,true,Fuel reimbursement
EXP-20250729-006,REP-064,2025-07-29,Food,535,true,true,Coffee meeting
EXP-20250808-004,REP-064,2025-08-08,Food,118,true,true,Working lunch
EXP-20250807-013,REP-064,2025-08-07,Travel,732,true,false,Cab to hospital
EXP-20250811-009,REP-064,2025-08-11,Travel,525,true,true,Auto to clinic
EXP-20250810-011,REP-064,2025-08-10,Lodging,3066,true,true,Hotel stay — field trip
EXP-20250816-010,REP-064,2025-08-16,Travel,1780,true,true,Fuel reimbursement
EXP-20250820-012,REP-064,2025-08-20,Food,688,true,true,Coffee meeting
EXP-20250826-008,REP-064,2025-08-26,Food,242,true,true,Snacks for meeting
EXP-20250904-009,REP-064,2025-09-04,Conference,1323,true,true,CME event fees
EXP-20250904-010,REP-064,2025-09-04,Mobile,745,false,true,Mobile bill
EXP-20250911-009,REP-064,2025-09-11,Food,372,true,true,Team lunch with HCP
EXP-20250907-007,REP-064,2025-09-07,Travel,1318,true,true,Train ticket
EXP-20250915-012,REP-064,2025-09-15,Food,756,true,true,Coffee meeting
EXP-20250922-011,REP-064,2025-09-22,Lodging,3054,true,true,Hotel stay — field trip
EXP-20250927-008,REP-064,2025-09-27,Food,184,true,false,Working lunch
EXP-20250929-011,REP-064,2025-09-29,Food,210,true,true,Team lunch with HCP
EXP-20251007-013,REP-064,2025-10-07,Travel,333,true,true,Train ticket
EXP-20251010-004,REP-064,2025-10-10,Travel,888,true,true,Auto to clinic
EXP-20251013-008,REP-064,2025-10-13,Travel,1638,true,true,Auto to clinic
EXP-20251012-009,REP-064,2025-10-12,Travel,1332,true,true,Fuel reimbursement
EXP-20251020-003,REP-064,2025-10-20,Travel,1115,true,false,Train ticket
EXP-20251028-008,REP-064,2025-10-28,Food,619,true,true,Working lunch
EXP-20251102-009,REP-064,2025-11-02,Travel,558,true,false,Fuel reimbursement
EXP-20251111-004,REP-064,2025-11-11,Food,134,true,true,Dinner with HCP
EXP-20251108-013,REP-064,2025-11-08,Travel,883,true,true,Fuel reimbursement
EXP-20251115-005,REP-064,2025-11-15,Mobile,133,true,true,Mobile bill
EXP-20251128-008,REP-064,2025-11-28,Other,460,true,true,Printing materials
EXP-20251202-009,REP-064,2025-12-02,Lodging,2089,true,true,Lodging — outstation visit
EXP-20251207-007,REP-064,2025-12-07,Travel,1665,true,true,Fuel reimbursement
EXP-20251210-013,REP-064,2025-12-10,Travel,1226,true,true,Cab to hospital
EXP-20251217-007,REP-064,2025-12-17,Travel,1753,true,true,Auto to clinic
EXP-20251217-008,REP-064,2025-12-17,Food,508,true,true,Working lunch
EXP-20251224-008,REP-064,2025-12-24,Mobile,261,false,true,Roaming charges
EXP-20251230-006,REP-064,2025-12-30,Travel,703,true,true,Bus fare
EXP-20260105-005,REP-064,2026-01-05,Mobile,472,true,true,Roaming charges
EXP-20260110-010,REP-064,2026-01-10,Food,763,true,true,Coffee meeting
EXP-20260123-005,REP-064,2026-01-23,Samples,1345,false,true,Product samples drop
EXP-20260118-012,REP-064,2026-01-18,Food,691,true,true,Dinner with HCP
EXP-20260124-008,REP-064,2026-01-24,Travel,900,true,true,Fuel reimbursement
EXP-20260127-009,REP-064,2026-01-27,Lodging,3232,true,true,Guest house — 2 nights
EXP-20260203-006,REP-064,2026-02-03,Travel,1483,true,true,Cab to hospital
EXP-20260206-016,REP-064,2026-02-06,Food,628,true,true,Working lunch
EXP-20260210-010,REP-064,2026-02-10,Food,316,true,true,Working lunch
EXP-20260220-012,REP-064,2026-02-20,Lodging,3353,true,true,Lodging — outstation visit
EXP-20260225-006,REP-064,2026-02-25,Samples,1228,true,true,Sample packs for HCP
EXP-20260225-007,REP-064,2026-02-25,Food,484,true,true,Dinner with HCP
EXP-20260305-008,REP-064,2026-03-05,Samples,682,true,true,Sample packs for HCP
EXP-20260311-006,REP-064,2026-03-11,Travel,884,true,true,Cab to hospital
EXP-20260312-004,REP-064,2026-03-12,Other,842,true,true,Misc expense
EXP-20260320-007,REP-064,2026-03-20,Food,206,true,true,Dinner with HCP
EXP-20260315-009,REP-064,2026-03-15,Travel,882,true,true,Cab to hospital
EXP-20260325-007,REP-064,2026-03-25,Lodging,2364,true,true,Guest house — 2 nights
EXP-20260324-012,REP-064,2026-03-24,Travel,1540,true,true,Fuel reimbursement
EXP-20251112-009,REP-065,2025-11-12,Lodging,3198,true,true,Guest house — 2 nights
EXP-20251120-003,REP-065,2025-11-20,Lodging,3139,true,true,Lodging — outstation visit
EXP-20251127-007,REP-065,2025-11-27,Samples,256,true,true,Demo kit refill
EXP-20251207-008,REP-065,2025-12-07,Food,637,true,true,Snacks for meeting
EXP-20251201-008,REP-065,2025-12-01,Travel,1147,false,true,Train ticket
EXP-20251214-006,REP-065,2025-12-14,Samples,1079,false,true,Demo kit refill
EXP-20251220-005,REP-065,2025-12-20,Lodging,4308,true,false,Lodging — outstation visit
EXP-20251217-009,REP-065,2025-12-17,Travel,1289,true,true,Auto to clinic
EXP-20251225-010,REP-065,2025-12-25,Travel,415,true,false,Train ticket
EXP-20251229-006,REP-065,2025-12-29,Conference,888,true,true,CME event fees
EXP-20260102-012,REP-065,2026-01-02,Travel,978,true,true,Auto to clinic
EXP-20260108-012,REP-065,2026-01-08,Travel,542,true,true,Train ticket
EXP-20260109-004,REP-065,2026-01-09,Travel,813,true,true,Fuel reimbursement
EXP-20260113-011,REP-065,2026-01-13,Samples,566,true,true,Sample packs for HCP
EXP-20260116-009,REP-065,2026-01-16,Food,441,false,true,Coffee meeting
EXP-20260120-015,REP-065,2026-01-20,Mobile,578,true,true,Mobile bill
EXP-20260119-010,REP-065,2026-01-19,Travel,343,true,true,Cab to hospital
EXP-20260127-010,REP-065,2026-01-27,Travel,448,true,true,Auto to clinic
EXP-20260204-010,REP-065,2026-02-04,Samples,193,true,true,Demo kit refill
EXP-20260211-010,REP-065,2026-02-11,Food,261,true,true,Snacks for meeting
EXP-20260221-008,REP-065,2026-02-21,Food,766,true,true,Snacks for meeting
EXP-20260226-010,REP-065,2026-02-26,Travel,908,true,true,Fuel reimbursement
EXP-20260307-010,REP-065,2026-03-07,Travel,1175,true,true,Fuel reimbursement
EXP-20260302-008,REP-065,2026-03-02,Food,456,true,true,Team lunch with HCP
EXP-20260310-011,REP-065,2026-03-10,Food,746,true,true,Dinner with HCP
EXP-20260317-009,REP-065,2026-03-17,Food,100,true,true,Team lunch with HCP
EXP-20260319-007,REP-065,2026-03-19,Travel,1173,true,true,Auto to clinic
EXP-20260324-013,REP-065,2026-03-24,Mobile,495,true,true,Internet recharge
EXP-20260324-014,REP-065,2026-03-24,Food,493,true,true,Team lunch with HCP
EXP-20260331-006,REP-065,2026-03-31,Samples,1289,true,true,Sample packs for HCP
EXP-20260330-008,REP-065,2026-03-30,Travel,1603,true,true,Bus fare
