hcp_id,first_name,last_name,specialty,tier,decile,city,state,zone,hospital,years_practicing,preferred_contact,npi_like_id
HCP-0001,Parth,Brar,Gastroenterologist,B,4,Mumbai,Maharashtra,West,AIIMS,33,Hospital,MCI-10001
HCP-0002,Lavanya,Khosla,Consultant_Physician,B,6,Kolkata,West Bengal,East,,29,Clinic,MCI-10002
HCP-0003,Widisha,Dhar,Pulmonist,A,1,Mumbai,Maharashtra,West,Manipal Hospital,33,Clinic,MCI-10003
HCP-0004,Vincent,Shenoy,Cardiologist,C,7,Bengaluru,Karnataka,South,Lilavati Hospital,5,Clinic,MCI-10004
HCP-0005,Aachal,Sharaf,Consultant_Physician,A,1,Mumbai,Maharashtra,West,AIIMS,39,Hospital,MCI-10005
HCP-0006,Aadhya,Andra,Diabetologist,A,4,Hyderabad,Telangana,South,Artemis Hospital,30,Clinic,MCI-10006
HCP-0007,Udyati,Mani,GP,C,6,Jaipur,Rajasthan,North,Global Hospital,40,Clinic,MCI-10007
HCP-0008,Nakul,Borah,GP,B,5,Bhopal,Madhya Pradesh,West,,25,Phone,MCI-10008
HCP-0009,Riya,Pai,GP,C,9,Mumbai,Maharashtra,West,Max Healthcare,11,Hospital,MCI-10009
HCP-0010,Chandani,Samra,Cardiologist,B,5,Bengaluru,Karnataka,South,Max Healthcare,9,Clinic,MCI-10010
HCP-0011,Zashil,Shan,Cardiologist,C,10,Mumbai,Maharashtra,West,,36,Hospital,MCI-10011
HCP-0012,Chasmum,Issac,Gastroenterologist,C,10,Lucknow,Uttar Pradesh,North,,4,Clinic,MCI-10012
HCP-0013,Leena,Subramanian,Diabetologist,C,8,Delhi,Delhi,North,Sunrise Clinic,39,Hospital,MCI-10013
HCP-0014,Hredhaan,Khalsa,GP,B,3,Ahmedabad,Gujarat,West,Narayana Health,5,Hospital,MCI-10014
HCP-0015,Lakshmi,Parmer,GP,B,4,Kochi,Kerala,South,Sunrise Clinic,26,Clinic,MCI-10015
HCP-0016,Chakrika,Merchant,Pulmonist,A,1,Chennai,Tamil Nadu,South,AIIMS,18,Clinic,MCI-10016
HCP-0017,Anthony,Randhawa,Cardiologist,B,4,Chennai,Tamil Nadu,South,Aster Medcity,28,Clinic,MCI-10017
HCP-0018,Anvi,Anand,Pulmonist,A,2,Chennai,Tamil Nadu,South,Kokilaben Hospital,36,Hospital,MCI-10018
HCP-0019,Chandran,Taneja,GP,A,1,Pune,Maharashtra,West,Kokilaben Hospital,6,Hospital,MCI-10019
HCP-0020,Bhavini,Karpe,Diabetologist,B,3,Bengaluru,Karnataka,South,Max Healthcare,30,Clinic,MCI-10020
HCP-0021,Indira,Kanda,Pulmonist,B,7,Chennai,Tamil Nadu,South,,37,Hospital,MCI-10021
HCP-0022,Ranveer,Krishna,GP,B,6,Pune,Maharashtra,West,Max Healthcare,3,Hospital,MCI-10022
HCP-0023,Laksh,Chatterjee,GP,B,4,Ahmedabad,Gujarat,West,,14,WhatsApp,MCI-10023
HCP-0024,Balveer,More,Consultant_Physician,C,8,Hyderabad,Telangana,South,City Hospital,28,Clinic,MCI-10024
HCP-0025,Ridhi,Bandi,Diabetologist,B,5,Bengaluru,Karnataka,South,Artemis Hospital,25,Clinic,MCI-10025
HCP-0026,Janya,Deep,Diabetologist,C,8,Bengaluru,Karnataka,South,,31,Clinic,MCI-10026
HCP-0027,Gautam,Merchant,Consultant_Physician,B,7,Bengaluru,Karnataka,South,Fortis Hospital,21,Phone,MCI-10027
HCP-0028,Eta,Sagar,Pulmonist,B,4,Ahmedabad,Gujarat,West,,14,Clinic,MCI-10028
HCP-0029,Parth,Iyer,GP,C,7,Chennai,Tamil Nadu,South,AIIMS,34,Clinic,MCI-10029
HCP-0030,Kevin,Zacharia,Cardiologist,B,6,Mumbai,Maharashtra,West,,38,Hospital,MCI-10030
HCP-0031,Jasmit,Wali,Pulmonist,B,5,Bengaluru,Karnataka,South,City Hospital,8,Clinic,MCI-10031
HCP-0032,Yachana,Mahajan,Gastroenterologist,B,3,Pune,Maharashtra,West,Narayana Health,7,Hospital,MCI-10032
HCP-0033,Nitesh,Kurian,Diabetologist,B,8,Kolkata,West Bengal,East,Lilavati Hospital,4,Clinic,MCI-10033
HCP-0034,Vasatika,Merchant,Consultant_Physician,B,3,Kolkata,West Bengal,East,Artemis Hospital,28,Hospital,MCI-10034
HCP-0035,Hamsini,Contractor,GP,B,4,Mumbai,Maharashtra,West,Narayana Health,17,Clinic,MCI-10035
HCP-0036,Upadhriti,Borra,Diabetologist,C,7,Bengaluru,Karnataka,South,Aster Medcity,27,Hospital,MCI-10036
HCP-0037,Lohit,Kara,Gastroenterologist,B,5,Ahmedabad,Gujarat,West,,28,Hospital,MCI-10037
HCP-0038,Mekhala,Pau,GP,B,4,Chennai,Tamil Nadu,South,City Hospital,35,Phone,MCI-10038
HCP-0039,Gautam,Rana,Cardiologist,A,2,Delhi,Delhi,North,,30,Clinic,MCI-10039
HCP-0040,Akshay,Lalla,GP,A,4,Mumbai,Maharashtra,West,,35,Clinic,MCI-10040
HCP-0041,Jatin,Sha,Cardiologist,C,7,Chennai,Tamil Nadu,South,Sunrise Clinic,2,WhatsApp,MCI-10041
HCP-0042,Jyoti,Lala,Diabetologist,B,7,Hyderabad,Telangana,South,Lilavati Hospital,8,Hospital,MCI-10042
HCP-0043,Lakshmi,Prabhu,Gastroenterologist,C,10,Lucknow,Uttar Pradesh,North,Artemis Hospital,29,Hospital,MCI-10043
HCP-0044,Hritik,Kaur,Gastroenterologist,C,6,Chennai,Tamil Nadu,South,Apollo Hospital,18,Phone,MCI-10044
HCP-0045,Urishilla,Bakshi,Diabetologist,A,2,Kolkata,West Bengal,East,Sunrise Clinic,19,Phone,MCI-10045
HCP-0046,Falak,Kant,Diabetologist,A,3,Mumbai,Maharashtra,West,Care Clinic,38,Hospital,MCI-10046
HCP-0047,Dev,Shetty,Gastroenterologist,B,6,Lucknow,Uttar Pradesh,North,AIIMS,29,Hospital,MCI-10047
HCP-0048,Chasmum,Rege,Cardiologist,B,5,Delhi,Delhi,North,Care Clinic,22,Clinic,MCI-10048
HCP-0049,Jackson,Dey,GP,C,8,Mumbai,Maharashtra,West,,32,Phone,MCI-10049
HCP-0050,Chakradev,Barad,Consultant_Physician,B,7,Ahmedabad,Gujarat,West,,4,Clinic,MCI-10050
HCP-0051,Daksha,Tailor,Cardiologist,A,1,Ahmedabad,Gujarat,West,Artemis Hospital,40,Hospital,MCI-10051
HCP-0052,Jack,Chatterjee,Diabetologist,B,5,Lucknow,Uttar Pradesh,North,Artemis Hospital,2,Hospital,MCI-10052
HCP-0053,Wahab,Yogi,Consultant_Physician,A,1,Kolkata,West Bengal,East,,9,Hospital,MCI-10053
HCP-0054,Krishna,Rama,Diabetologist,B,6,Pune,Maharashtra,West,Lilavati Hospital,13,Hospital,MCI-10054
HCP-0055,Sudiksha,Prabhakar,Pulmonist,C,10,Bhopal,Madhya Pradesh,West,Medanta Hospital,40,Clinic,MCI-10055
HCP-0056,Oni,Dubey,GP,B,8,Ahmedabad,Gujarat,West,Wellness Clinic,7,Hospital,MCI-10056
HCP-0057,Oeshi,Chaudhary,Diabetologist,A,1,Chennai,Tamil Nadu,South,Care Clinic,19,Clinic,MCI-10057
HCP-0058,Vrishti,Reddy,Diabetologist,C,9,Delhi,Delhi,North,Global Hospital,39,Clinic,MCI-10058
HCP-0059,Ati,Bali,GP,C,10,Ahmedabad,Gujarat,West,Wellness Clinic,2,Clinic,MCI-10059
HCP-0060,Kamala,Kalla,Consultant_Physician,B,4,Lucknow,Uttar Pradesh,North,Sunrise Clinic,16,Hospital,MCI-10060
HCP-0061,Sachi,Saxena,Consultant_Physician,B,4,Bengaluru,Karnataka,South,AIIMS,22,Clinic,MCI-10061
HCP-0062,Warinder,Patil,Pulmonist,B,5,Mumbai,Maharashtra,West,Sunrise Clinic,4,Phone,MCI-10062
HCP-0063,Hardik,Pillai,Diabetologist,C,6,Bengaluru,Karnataka,South,AIIMS,10,WhatsApp,MCI-10063
HCP-0064,Jagrati,Bhat,Cardiologist,C,9,Lucknow,Uttar Pradesh,North,,35,Clinic,MCI-10064
HCP-0065,Mitali,Majumdar,Diabetologist,C,8,Ahmedabad,Gujarat,West,,33,Hospital,MCI-10065
HCP-0066,Ranveer,Das,Consultant_Physician,B,7,Jaipur,Rajasthan,North,Global Hospital,7,Hospital,MCI-10066
HCP-0067,Suhani,Chand,GP,C,8,Bengaluru,Karnataka,South,Lilavati Hospital,5,Clinic,MCI-10067
HCP-0068,Simon,Bail,Cardiologist,A,2,Bengaluru,Karnataka,South,,40,Hospital,MCI-10068
HCP-0069,Chandresh,Nath,GP,B,6,Mumbai,Maharashtra,West,Aster Medcity,37,Clinic,MCI-10069
HCP-0070,Yagnesh,Dass,Gastroenterologist,B,4,Bengaluru,Karnataka,South,AIIMS,4,Hospital,MCI-10070
HCP-0071,Samesh,Biswas,Diabetologist,B,6,Jaipur,Rajasthan,North,Wellness Clinic,23,Clinic,MCI-10071
HCP-0072,Sarthak,Kalita,GP,B,6,Jaipur,Rajasthan,North,Global Hospital,35,Phone,MCI-10072
HCP-0073,Viraj,Narasimhan,Diabetologist,B,7,Bengaluru,Karnataka,South,,10,Clinic,MCI-10073
HCP-0074,Manbir,Agate,Consultant_Physician,C,8,Ahmedabad,Gujarat,West,,12,Hospital,MCI-10074
HCP-0075,Aradhana,Dhillon,GP,A,2,Kolkata,West Bengal,East,,35,Clinic,MCI-10075
HCP-0076,Kalpit,Zachariah,Pulmonist,B,6,Jaipur,Rajasthan,North,Wellness Clinic,7,Clinic,MCI-10076
HCP-0077,Zashil,Ghosh,Diabetologist,C,10,Kolkata,West Bengal,East,Medanta Hospital,33,Clinic,MCI-10077
HCP-0078,Imaran,Bal,Cardiologist,B,5,Mumbai,Maharashtra,West,,21,Hospital,MCI-10078
HCP-0079,Karan,Aurora,GP,B,4,Kochi,Kerala,South,Kokilaben Hospital,15,WhatsApp,MCI-10079
HCP-0080,Ishita,Khanna,Diabetologist,B,7,Mumbai,Maharashtra,West,Wellness Clinic,18,Phone,MCI-10080
HCP-0081,Ekiya,Babu,Consultant_Physician,A,3,Mumbai,Maharashtra,West,Artemis Hospital,15,Clinic,MCI-10081
HCP-0082,Owen,Lanka,Consultant_Physician,C,9,Ahmedabad,Gujarat,West,Medanta Hospital,18,Hospital,MCI-10082
HCP-0083,Charles,Date,Gastroenterologist,A,2,Hyderabad,Telangana,South,Narayana Health,9,Hospital,MCI-10083
HCP-0084,Oviya,Vora,GP,B,7,Pune,Maharashtra,West,,26,Clinic,MCI-10084
HCP-0085,Ishaan,Bhatt,Pulmonist,A,4,Mumbai,Maharashtra,West,Fortis Hospital,31,Phone,MCI-10085
HCP-0086,Vamakshi,Sen,Diabetologist,C,8,Pune,Maharashtra,West,Aster Medcity,26,Clinic,MCI-10086
HCP-0087,Janaki,Varghese,GP,C,7,Bengaluru,Karnataka,South,,19,Hospital,MCI-10087
HCP-0088,Ikbal,Seth,Diabetologist,B,3,Delhi,Delhi,North,Apollo Hospital,39,Hospital,MCI-10088
HCP-0089,Yahvi,Kant,Pulmonist,B,6,Delhi,Delhi,North,Apollo Hospital,34,Clinic,MCI-10089
HCP-0090,Caleb,Verma,GP,B,6,Bengaluru,Karnataka,South,Medanta Hospital,16,Phone,MCI-10090
HCP-0091,Charvi,Shanker,Cardiologist,C,7,Bengaluru,Karnataka,South,Wellness Clinic,10,Hospital,MCI-10091
HCP-0092,Azaan,Bhat,Gastroenterologist,C,8,Delhi,Delhi,North,,28,Clinic,MCI-10092
HCP-0093,Varenya,Ratti,Pulmonist,C,9,Kolkata,West Bengal,East,Care Clinic,39,Clinic,MCI-10093
HCP-0094,Pooja,Chokshi,Diabetologist,B,8,Mumbai,Maharashtra,West,Aster Medcity,34,Phone,MCI-10094
HCP-0095,Vritti,Sawhney,GP,C,9,Bengaluru,Karnataka,South,,12,Hospital,MCI-10095
HCP-0096,Ethan,Buch,GP,C,8,Bengaluru,Karnataka,South,Artemis Hospital,5,Clinic,MCI-10096
HCP-0097,Ekanta,Divan,Consultant_Physician,B,6,Mumbai,Maharashtra,West,,19,Hospital,MCI-10097
HCP-0098,Dominic,Date,GP,C,10,Pune,Maharashtra,West,AIIMS,39,Hospital,MCI-10098
HCP-0099,Anvi,Nair,Pulmonist,C,8,Kolkata,West Bengal,East,Kokilaben Hospital,40,Hospital,MCI-10099
HCP-0100,Lakshmi,Wali,Cardiologist,A,4,Mumbai,Maharashtra,West,Manipal Hospital,7,Hospital,MCI-10100
HCP-0101,Chaitaly,Setty,Cardiologist,A,1,Chennai,Tamil Nadu,South,,4,Hospital,MCI-10101
HCP-0102,Yashasvi,Sani,Diabetologist,B,4,Delhi,Delhi,North,Artemis Hospital,28,Phone,MCI-10102
HCP-0103,Hardik,Contractor,GP,B,7,Jaipur,Rajasthan,North,Manipal Hospital,36,Clinic,MCI-10103
HCP-0104,Tanveer,Sani,Gastroenterologist,C,8,Bengaluru,Karnataka,South,Aster Medcity,27,Hospital,MCI-10104
HCP-0105,Siya,Kari,Diabetologist,B,4,Lucknow,Uttar Pradesh,North,,9,Hospital,MCI-10105
HCP-0106,Odika,Nori,Pulmonist,C,8,Bhopal,Madhya Pradesh,West,Fortis Hospital,30,Clinic,MCI-10106
HCP-0107,Sudiksha,Rastogi,Pulmonist,C,7,Bengaluru,Karnataka,South,Medanta Hospital,36,Clinic,MCI-10107
HCP-0108,Ojasvi,Chandran,Pulmonist,B,6,Bengaluru,Karnataka,South,,3,Hospital,MCI-10108
HCP-0109,Dhriti,Sane,Consultant_Physician,B,7,Jaipur,Rajasthan,North,Lilavati Hospital,2,Phone,MCI-10109
HCP-0110,Dhriti,Kumer,Gastroenterologist,A,3,Hyderabad,Telangana,South,,32,Hospital,MCI-10110
HCP-0111,Kavya,Dua,GP,A,2,Lucknow,Uttar Pradesh,North,Artemis Hospital,7,Hospital,MCI-10111
HCP-0112,Urvi,Bhavsar,Cardiologist,B,3,Mumbai,Maharashtra,West,Medanta Hospital,21,Clinic,MCI-10112
HCP-0113,Gavin,Chada,Gastroenterologist,A,2,Chennai,Tamil Nadu,South,Artemis Hospital,40,Hospital,MCI-10113
HCP-0114,Girik,Sankaran,Cardiologist,C,7,Mumbai,Maharashtra,West,,17,Clinic,MCI-10114
HCP-0115,Gopal,Pradhan,GP,B,7,Kolkata,West Bengal,East,,34,Clinic,MCI-10115
HCP-0116,Kalpit,Bhasin,GP,B,4,Kochi,Kerala,South,City Hospital,18,Clinic,MCI-10116
HCP-0117,Forum,Das,Gastroenterologist,B,5,Pune,Maharashtra,West,Apollo Hospital,28,Phone,MCI-10117
HCP-0118,Nirja,Pandya,Pulmonist,C,9,Bengaluru,Karnataka,South,Sunrise Clinic,35,Hospital,MCI-10118
HCP-0119,Pallavi,Behl,Cardiologist,B,5,Chennai,Tamil Nadu,South,City Hospital,2,Clinic,MCI-10119
HCP-0120,Bhavna,Muni,Consultant_Physician,C,7,Bengaluru,Karnataka,South,AIIMS,33,Clinic,MCI-10120
HCP-0121,Indira,Chawla,Diabetologist,B,4,Mumbai,Maharashtra,West,City Hospital,31,Phone,MCI-10121
HCP-0122,Yashica,Kala,GP,A,3,Ahmedabad,Gujarat,West,,40,Hospital,MCI-10122
HCP-0123,Mohammed,Subramaniam,Consultant_Physician,C,8,Jaipur,Rajasthan,North,,7,WhatsApp,MCI-10123
HCP-0124,Udarsh,Chokshi,Cardiologist,C,8,Kolkata,West Bengal,East,Sunrise Clinic,40,Hospital,MCI-10124
HCP-0125,Inaya,Pillai,Cardiologist,B,7,Chennai,Tamil Nadu,South,Kokilaben Hospital,20,Phone,MCI-10125
HCP-0126,Ishwar,Mallick,Cardiologist,B,6,Pune,Maharashtra,West,Narayana Health,37,Clinic,MCI-10126
HCP-0127,Upkaar,Sanghvi,Diabetologist,C,9,Bhopal,Madhya Pradesh,West,,5,Clinic,MCI-10127
HCP-0128,Atharv,Loke,Consultant_Physician,A,2,Lucknow,Uttar Pradesh,North,Narayana Health,7,Phone,MCI-10128
HCP-0129,Ayush,Gole,Consultant_Physician,B,5,Lucknow,Uttar Pradesh,North,Global Hospital,32,WhatsApp,MCI-10129
HCP-0130,Anjali,More,Cardiologist,B,4,Chennai,Tamil Nadu,South,Fortis Hospital,31,WhatsApp,MCI-10130
HCP-0131,Harinakshi,Panchal,Gastroenterologist,C,8,Lucknow,Uttar Pradesh,North,,22,Phone,MCI-10131
HCP-0132,Abeer,Golla,Gastroenterologist,B,8,Bengaluru,Karnataka,South,AIIMS,31,Clinic,MCI-10132
HCP-0133,Luke,Rattan,Gastroenterologist,C,8,Pune,Maharashtra,West,Apollo Hospital,25,Phone,MCI-10133
HCP-0134,Ekaraj,Dhar,GP,A,1,Hyderabad,Telangana,South,,30,Clinic,MCI-10134
HCP-0135,Azaan,Chand,GP,A,1,Hyderabad,Telangana,South,Sunrise Clinic,5,Clinic,MCI-10135
HCP-0136,Tanveer,Puri,Diabetologist,C,8,Mumbai,Maharashtra,West,,7,Hospital,MCI-10136
HCP-0137,Oni,Setty,Diabetologist,C,8,Jaipur,Rajasthan,North,Manipal Hospital,10,Hospital,MCI-10137
HCP-0138,Harita,Dugar,GP,B,7,Kolkata,West Bengal,East,Wellness Clinic,35,Hospital,MCI-10138
HCP-0139,Kala,Muni,Gastroenterologist,C,9,Bengaluru,Karnataka,South,Max Healthcare,7,Hospital,MCI-10139
HCP-0140,Ekta,Chad,Pulmonist,C,10,Delhi,Delhi,North,Global Hospital,9,Clinic,MCI-10140
HCP-0141,Charles,Dugal,Diabetologist,B,4,Kolkata,West Bengal,East,Narayana Health,25,Hospital,MCI-10141
HCP-0142,Nakul,Bawa,GP,B,6,Mumbai,Maharashtra,West,Wellness Clinic,20,WhatsApp,MCI-10142
HCP-0143,Finn,Magar,Cardiologist,C,8,Ahmedabad,Gujarat,West,,26,Phone,MCI-10143
HCP-0144,Saanvi,Samra,Diabetologist,C,9,Delhi,Delhi,North,Wellness Clinic,10,Clinic,MCI-10144
HCP-0145,Vedika,Sathe,GP,A,1,Pune,Maharashtra,West,AIIMS,27,WhatsApp,MCI-10145
HCP-0146,Oeshi,Mahajan,Pulmonist,C,7,Mumbai,Maharashtra,West,Artemis Hospital,24,Phone,MCI-10146
HCP-0147,Tanveer,Vala,Diabetologist,B,4,Mumbai,Maharashtra,West,City Hospital,8,Hospital,MCI-10147
HCP-0148,Ishaan,Pai,Consultant_Physician,B,6,Chennai,Tamil Nadu,South,AIIMS,36,Phone,MCI-10148
HCP-0149,Qushi,Choudhry,Consultant_Physician,A,3,Kochi,Kerala,South,Sunrise Clinic,12,WhatsApp,MCI-10149
HCP-0150,Bhanumati,Sur,Diabetologist,B,4,Pune,Maharashtra,West,AIIMS,13,Clinic,MCI-10150
HCP-0151,Darika,Bath,GP,C,8,Delhi,Delhi,North,Global Hospital,9,Hospital,MCI-10151
HCP-0152,Thomas,Rana,Pulmonist,C,7,Delhi,Delhi,North,Wellness Clinic,17,Hospital,MCI-10152
HCP-0153,Christopher,Amble,Diabetologist,A,2,Hyderabad,Telangana,South,,2,WhatsApp,MCI-10153
HCP-0154,Samarth,Mitra,GP,B,6,Bhopal,Madhya Pradesh,West,Manipal Hospital,28,WhatsApp,MCI-10154
HCP-0155,Siddharth,Devan,GP,B,5,Hyderabad,Telangana,South,Artemis Hospital,34,WhatsApp,MCI-10155
HCP-0156,Aadhya,Mann,GP,A,2,Chennai,Tamil Nadu,South,AIIMS,39,Hospital,MCI-10156
HCP-0157,Falak,Dar,Diabetologist,C,10,Kochi,Kerala,South,,19,Hospital,MCI-10157
HCP-0158,Abhimanyu,Tank,Diabetologist,C,8,Bengaluru,Karnataka,South,Narayana Health,6,Hospital,MCI-10158
HCP-0159,Qushi,Gill,Gastroenterologist,A,3,Ahmedabad,Gujarat,West,Manipal Hospital,11,Clinic,MCI-10159
HCP-0160,Kai,Rai,Gastroenterologist,B,8,Ahmedabad,Gujarat,West,Care Clinic,8,Clinic,MCI-10160
HCP-0161,Victor,Tella,Cardiologist,B,5,Pune,Maharashtra,West,Care Clinic,19,Clinic,MCI-10161
HCP-0162,Irya,Bora,Diabetologist,C,8,Mumbai,Maharashtra,West,Medanta Hospital,36,Clinic,MCI-10162
HCP-0163,Mekhala,Basak,Pulmonist,A,1,Pune,Maharashtra,West,,30,Phone,MCI-10163
HCP-0164,Rajata,Bahl,Gastroenterologist,B,6,Mumbai,Maharashtra,West,Aster Medcity,28,Phone,MCI-10164
HCP-0165,Tripti,Brahmbhatt,GP,B,4,Chennai,Tamil Nadu,South,Care Clinic,7,Clinic,MCI-10165
HCP-0166,Dhriti,Sanghvi,Consultant_Physician,A,1,Jaipur,Rajasthan,North,City Hospital,24,WhatsApp,MCI-10166
HCP-0167,Nidhi,Sahni,Diabetologist,B,7,Pune,Maharashtra,West,Global Hospital,38,Clinic,MCI-10167
HCP-0168,Bimala,Contractor,Diabetologist,A,1,Chennai,Tamil Nadu,South,Kokilaben Hospital,29,Hospital,MCI-10168
HCP-0169,Nidhi,Bail,Gastroenterologist,A,3,Chennai,Tamil Nadu,South,,35,Clinic,MCI-10169
HCP-0170,Ekta,Garg,Diabetologist,C,9,Mumbai,Maharashtra,West,Medanta Hospital,6,Clinic,MCI-10170
HCP-0171,Triveni,Pathak,Diabetologist,A,1,Mumbai,Maharashtra,West,Sunrise Clinic,30,Hospital,MCI-10171
HCP-0172,Gaurang,Sarkar,Cardiologist,C,8,Kochi,Kerala,South,,3,Phone,MCI-10172
HCP-0173,Hitesh,Kohli,Diabetologist,C,8,Lucknow,Uttar Pradesh,North,,22,Hospital,MCI-10173
HCP-0174,Rajata,Rattan,Consultant_Physician,B,8,Chennai,Tamil Nadu,South,City Hospital,15,Hospital,MCI-10174
HCP-0175,Farhan,Randhawa,GP,B,6,Kochi,Kerala,South,,30,Clinic,MCI-10175
HCP-0176,Dayita,Nori,Diabetologist,B,5,Jaipur,Rajasthan,North,Max Healthcare,35,WhatsApp,MCI-10176
HCP-0177,Timothy,Nath,Consultant_Physician,C,9,Kolkata,West Bengal,East,Narayana Health,39,Phone,MCI-10177
HCP-0178,Om,Bose,Diabetologist,B,8,Lucknow,Uttar Pradesh,North,,23,WhatsApp,MCI-10178
HCP-0179,Yashvi,Comar,Consultant_Physician,B,6,Mumbai,Maharashtra,West,Care Clinic,16,Clinic,MCI-10179
HCP-0180,Yashvi,Hari,GP,C,10,Ahmedabad,Gujarat,West,Manipal Hospital,40,Hospital,MCI-10180
HCP-0181,Ikshita,Panchal,Consultant_Physician,C,8,Bengaluru,Karnataka,South,,17,Clinic,MCI-10181
HCP-0182,Manbir,Keer,GP,A,3,Kolkata,West Bengal,East,Narayana Health,11,Phone,MCI-10182
HCP-0183,Harshil,Dhingra,GP,C,9,Lucknow,Uttar Pradesh,North,Max Healthcare,13,Clinic,MCI-10183
HCP-0184,Aahana,Hora,Consultant_Physician,A,2,Delhi,Delhi,North,Apollo Hospital,9,Hospital,MCI-10184
HCP-0185,Oscar,Dua,Diabetologist,A,2,Hyderabad,Telangana,South,,17,Phone,MCI-10185
HCP-0186,Faqid,Goel,Diabetologist,B,7,Bengaluru,Karnataka,South,,11,Clinic,MCI-10186
HCP-0187,Wakeeta,Shetty,Pulmonist,B,7,Delhi,Delhi,North,Care Clinic,8,Clinic,MCI-10187
HCP-0188,Saumya,Naidu,Diabetologist,B,4,Hyderabad,Telangana,South,,39,Hospital,MCI-10188
HCP-0189,Diya,Dora,Diabetologist,C,8,Bengaluru,Karnataka,South,,27,Hospital,MCI-10189
HCP-0190,Ria,Bir,Diabetologist,B,7,Hyderabad,Telangana,South,,22,Hospital,MCI-10190
HCP-0191,Upasna,Sathe,Cardiologist,B,5,Mumbai,Maharashtra,West,Aster Medcity,17,Hospital,MCI-10191
HCP-0192,Chavvi,Maharaj,GP,B,4,Delhi,Delhi,North,Wellness Clinic,14,WhatsApp,MCI-10192
HCP-0193,Daksh,Pandey,Cardiologist,C,8,Pune,Maharashtra,West,City Hospital,31,Hospital,MCI-10193
HCP-0194,Yashica,Borah,Cardiologist,C,7,Delhi,Delhi,North,Manipal Hospital,20,Hospital,MCI-10194
HCP-0195,Dayita,Shenoy,Cardiologist,B,5,Chennai,Tamil Nadu,South,Care Clinic,30,Clinic,MCI-10195
HCP-0196,Siya,Barad,GP,A,2,Kolkata,West Bengal,East,Manipal Hospital,38,WhatsApp,MCI-10196
HCP-0197,Dakshesh,Pillay,Diabetologist,C,7,Pune,Maharashtra,West,Manipal Hospital,40,Clinic,MCI-10197
HCP-0198,Bhavini,Bose,Gastroenterologist,B,4,Delhi,Delhi,North,Narayana Health,13,WhatsApp,MCI-10198
HCP-0199,Gautam,Tripathi,Cardiologist,B,8,Chennai,Tamil Nadu,South,Manipal Hospital,9,Hospital,MCI-10199
HCP-0200,Leena,Shere,Diabetologist,C,9,Pune,Maharashtra,West,,19,Phone,MCI-10200
HCP-0201,Benjamin,Sengupta,Consultant_Physician,B,6,Mumbai,Maharashtra,West,Aster Medcity,24,Hospital,MCI-10201
HCP-0202,Raghav,Nagy,GP,B,5,Pune,Maharashtra,West,Fortis Hospital,27,WhatsApp,MCI-10202
HCP-0203,Vamakshi,Thaker,Pulmonist,B,5,Delhi,Delhi,North,,7,Clinic,MCI-10203
HCP-0204,Matthew,Bhatia,Consultant_Physician,B,6,Delhi,Delhi,North,,31,Hospital,MCI-10204
HCP-0205,Shravya,Chauhan,Pulmonist,C,8,Lucknow,Uttar Pradesh,North,,2,WhatsApp,MCI-10205
HCP-0206,Hemal,Chad,Cardiologist,C,6,Kolkata,West Bengal,East,Narayana Health,28,Phone,MCI-10206
HCP-0207,Yamini,Gera,Gastroenterologist,B,8,Hyderabad,Telangana,South,Global Hospital,36,WhatsApp,MCI-10207
HCP-0208,Balveer,Kota,Pulmonist,C,8,Lucknow,Uttar Pradesh,North,,31,Clinic,MCI-10208
HCP-0209,Raksha,Sarna,Cardiologist,C,8,Bhopal,Madhya Pradesh,West,Wellness Clinic,12,Hospital,MCI-10209
HCP-0210,Nathan,Patla,Cardiologist,C,8,Bengaluru,Karnataka,South,AIIMS,11,Clinic,MCI-10210
HCP-0211,Kashish,Mandal,Cardiologist,A,4,Lucknow,Uttar Pradesh,North,Sunrise Clinic,30,Clinic,MCI-10211
HCP-0212,Lila,Rege,Pulmonist,A,3,Pune,Maharashtra,West,Max Healthcare,35,Phone,MCI-10212
HCP-0213,Hamsini,Ben,Pulmonist,B,8,Chennai,Tamil Nadu,South,Manipal Hospital,23,Clinic,MCI-10213
HCP-0214,Gaurika,Bhatti,Pulmonist,B,5,Kolkata,West Bengal,East,,37,Clinic,MCI-10214
HCP-0215,Forum,Chandra,Gastroenterologist,B,4,Kochi,Kerala,South,,19,Clinic,MCI-10215
HCP-0216,Libni,Mander,GP,C,8,Kochi,Kerala,South,,38,Clinic,MCI-10216
HCP-0217,Zayyan,Doctor,GP,B,6,Mumbai,Maharashtra,West,AIIMS,39,Clinic,MCI-10217
HCP-0218,Gauri,Bumb,Pulmonist,A,3,Kolkata,West Bengal,East,,23,Clinic,MCI-10218
HCP-0219,Lohit,Palla,GP,B,5,Mumbai,Maharashtra,West,Global Hospital,18,WhatsApp,MCI-10219
HCP-0220,Dayita,Ramanathan,Diabetologist,B,3,Kolkata,West Bengal,East,Global Hospital,23,Phone,MCI-10220
HCP-0221,Kai,Chad,Gastroenterologist,C,7,Jaipur,Rajasthan,North,Kokilaben Hospital,15,Hospital,MCI-10221
HCP-0222,Dayita,Puri,Consultant_Physician,B,6,Hyderabad,Telangana,South,,5,Clinic,MCI-10222
HCP-0223,Falguni,Datta,Cardiologist,C,8,Delhi,Delhi,North,Care Clinic,27,Hospital,MCI-10223
HCP-0224,Girik,Sampath,Diabetologist,C,8,Delhi,Delhi,North,Medanta Hospital,39,Hospital,MCI-10224
HCP-0225,Yashoda,Pathak,GP,A,2,Delhi,Delhi,North,Wellness Clinic,36,Clinic,MCI-10225
HCP-0226,Andrew,Patil,GP,C,8,Delhi,Delhi,North,Care Clinic,9,WhatsApp,MCI-10226
HCP-0227,Dayamai,Gole,GP,B,5,Lucknow,Uttar Pradesh,North,Artemis Hospital,25,Phone,MCI-10227
HCP-0228,Tanish,Om,Diabetologist,C,8,Delhi,Delhi,North,Medanta Hospital,33,Hospital,MCI-10228
HCP-0229,Vedika,Handa,Pulmonist,B,5,Bengaluru,Karnataka,South,Manipal Hospital,5,Phone,MCI-10229
HCP-0230,Upkaar,Devan,Cardiologist,C,8,Bhopal,Madhya Pradesh,West,,30,Phone,MCI-10230
HCP-0231,Mohammed,Brahmbhatt,Pulmonist,A,3,Mumbai,Maharashtra,West,,6,Clinic,MCI-10231
HCP-0232,Chakrika,Chaudhuri,Pulmonist,C,7,Mumbai,Maharashtra,West,Max Healthcare,26,Phone,MCI-10232
HCP-0233,Yashica,Zacharia,Diabetologist,C,8,Lucknow,Uttar Pradesh,North,,7,Hospital,MCI-10233
HCP-0234,Baljiwan,Nayar,Pulmonist,A,1,Bengaluru,Karnataka,South,Max Healthcare,12,Clinic,MCI-10234
HCP-0235,Karan,Puri,Pulmonist,C,8,Delhi,Delhi,North,,37,Clinic,MCI-10235
HCP-0236,Mitesh,Gaba,Pulmonist,A,5,Delhi,Delhi,North,Wellness Clinic,6,Clinic,MCI-10236
HCP-0237,Pratyush,Gandhi,Gastroenterologist,B,5,Chennai,Tamil Nadu,South,,7,Phone,MCI-10237
HCP-0238,Raksha,Bassi,GP,B,7,Delhi,Delhi,North,,7,Phone,MCI-10238
HCP-0239,Nirja,Patla,GP,C,10,Mumbai,Maharashtra,West,Narayana Health,32,Clinic,MCI-10239
HCP-0240,Wazir,Sawhney,Cardiologist,B,7,Kolkata,West Bengal,East,City Hospital,25,Hospital,MCI-10240
HCP-0241,Bhavani,Sen,Cardiologist,C,9,Mumbai,Maharashtra,West,Fortis Hospital,20,Clinic,MCI-10241
HCP-0242,Vivaan,Walla,Pulmonist,A,2,Lucknow,Uttar Pradesh,North,Lilavati Hospital,22,Clinic,MCI-10242
HCP-0243,William,More,Gastroenterologist,C,10,Hyderabad,Telangana,South,Sunrise Clinic,25,Clinic,MCI-10243
HCP-0244,Upasna,Hari,Cardiologist,B,7,Bengaluru,Karnataka,South,Apollo Hospital,21,Clinic,MCI-10244
HCP-0245,Jhalak,Sastry,Consultant_Physician,B,4,Bhopal,Madhya Pradesh,West,Max Healthcare,9,Hospital,MCI-10245
HCP-0246,Triya,Manda,Gastroenterologist,B,7,Delhi,Delhi,North,Max Healthcare,40,Hospital,MCI-10246
HCP-0247,Lavanya,Thakkar,Diabetologist,C,9,Hyderabad,Telangana,South,Care Clinic,5,WhatsApp,MCI-10247
HCP-0248,Omya,Edwin,Pulmonist,B,6,Delhi,Delhi,North,,31,Hospital,MCI-10248
HCP-0249,Ryan,Devi,Gastroenterologist,C,6,Bengaluru,Karnataka,South,Artemis Hospital,4,Hospital,MCI-10249
HCP-0250,Zashil,Ben,Pulmonist,B,5,Jaipur,Rajasthan,North,Max Healthcare,38,Clinic,MCI-10250
HCP-0251,Vasana,Prabhu,GP,B,8,Chennai,Tamil Nadu,South,,24,Clinic,MCI-10251
HCP-0252,Harshil,Varty,Consultant_Physician,C,10,Delhi,Delhi,North,Artemis Hospital,12,Hospital,MCI-10252
HCP-0253,Jeet,Mane,Pulmonist,B,4,Kolkata,West Bengal,East,AIIMS,22,Phone,MCI-10253
HCP-0254,Fiyaz,Dyal,Consultant_Physician,B,7,Bengaluru,Karnataka,South,Narayana Health,18,Phone,MCI-10254
HCP-0255,Anjali,Sengupta,Pulmonist,B,3,Hyderabad,Telangana,South,Wellness Clinic,24,Clinic,MCI-10255
HCP-0256,Yochana,Din,Consultant_Physician,C,6,Hyderabad,Telangana,South,AIIMS,5,Clinic,MCI-10256
HCP-0257,Rajeshri,Chand,Diabetologist,C,8,Chennai,Tamil Nadu,South,Care Clinic,34,Hospital,MCI-10257
HCP-0258,Tristan,Seshadri,Pulmonist,B,7,Kochi,Kerala,South,,8,Hospital,MCI-10258
HCP-0259,Ikshita,Bala,GP,B,4,Pune,Maharashtra,West,Narayana Health,34,Clinic,MCI-10259
HCP-0260,Oeshi,Bera,GP,C,9,Delhi,Delhi,North,,6,Hospital,MCI-10260
HCP-0261,Meghana,Thakkar,Gastroenterologist,B,4,Bengaluru,Karnataka,South,Artemis Hospital,12,Hospital,MCI-10261
HCP-0262,Kashvi,Keer,Pulmonist,B,5,Pune,Maharashtra,West,Sunrise Clinic,21,Phone,MCI-10262
HCP-0263,Libni,Bumb,Diabetologist,B,4,Ahmedabad,Gujarat,West,,25,Hospital,MCI-10263
HCP-0264,Kavya,Kapur,Consultant_Physician,B,3,Mumbai,Maharashtra,West,,32,Clinic,MCI-10264
HCP-0265,Ayaan,Nagar,Gastroenterologist,A,2,Mumbai,Maharashtra,West,Lilavati Hospital,16,Hospital,MCI-10265
HCP-0266,Hardik,Nayak,Cardiologist,B,8,Ahmedabad,Gujarat,West,Apollo Hospital,33,Phone,MCI-10266
HCP-0267,Madhav,Devan,GP,B,5,Delhi,Delhi,North,Sunrise Clinic,23,Hospital,MCI-10267
HCP-0268,Balvan,Mangat,Pulmonist,B,5,Lucknow,Uttar Pradesh,North,City Hospital,17,Hospital,MCI-10268
HCP-0269,Urmi,Dewan,GP,B,5,Bengaluru,Karnataka,South,Global Hospital,17,Clinic,MCI-10269
HCP-0270,Upasna,Sen,Gastroenterologist,C,9,Bengaluru,Karnataka,South,,22,Phone,MCI-10270
HCP-0271,Abdul,Buch,Diabetologist,C,7,Bengaluru,Karnataka,South,,9,Hospital,MCI-10271
HCP-0272,Anirudh,Kunda,Diabetologist,A,1,Jaipur,Rajasthan,North,Sunrise Clinic,21,Hospital,MCI-10272
HCP-0273,Tanveer,Doctor,Pulmonist,B,6,Mumbai,Maharashtra,West,Kokilaben Hospital,21,Clinic,MCI-10273
HCP-0274,Pallavi,Choudhry,GP,B,4,Mumbai,Maharashtra,West,,25,Clinic,MCI-10274
HCP-0275,Bhavya,Khanna,Consultant_Physician,B,6,Mumbai,Maharashtra,West,Wellness Clinic,29,Clinic,MCI-10275
HCP-0276,Charvi,Dara,Pulmonist,A,5,Bengaluru,Karnataka,South,,20,Clinic,MCI-10276
HCP-0277,Champak,Khare,Cardiologist,C,9,Pune,Maharashtra,West,Lilavati Hospital,25,Phone,MCI-10277
HCP-0278,Oni,Shankar,Gastroenterologist,C,8,Ahmedabad,Gujarat,West,,22,Hospital,MCI-10278
HCP-0279,Dev,Choudhry,Diabetologist,B,4,Delhi,Delhi,North,,29,Clinic,MCI-10279
HCP-0280,Xalak,Wason,Diabetologist,B,6,Delhi,Delhi,North,Medanta Hospital,37,WhatsApp,MCI-10280
HCP-0281,Amol,Varma,Cardiologist,A,3,Delhi,Delhi,North,Sunrise Clinic,11,Clinic,MCI-10281
HCP-0282,Wyatt,Dhawan,Cardiologist,A,1,Kolkata,West Bengal,East,Medanta Hospital,16,Phone,MCI-10282
HCP-0283,Bishakha,Sanghvi,Cardiologist,B,5,Pune,Maharashtra,West,Apollo Hospital,5,Phone,MCI-10283
HCP-0284,Aarav,Pandit,Diabetologist,B,4,Delhi,Delhi,North,Artemis Hospital,12,Clinic,MCI-10284
HCP-0285,Wridesh,Saha,Diabetologist,C,8,Lucknow,Uttar Pradesh,North,,28,Clinic,MCI-10285
HCP-0286,Rachit,Chada,Diabetologist,C,8,Bhopal,Madhya Pradesh,West,Manipal Hospital,8,Hospital,MCI-10286
HCP-0287,Jalsa,Bir,Gastroenterologist,B,6,Kolkata,West Bengal,East,,14,Hospital,MCI-10287
HCP-0288,Yashica,Tripathi,Diabetologist,B,5,Hyderabad,Telangana,South,,5,WhatsApp,MCI-10288
HCP-0289,Anmol,Ramakrishnan,Consultant_Physician,B,8,Ahmedabad,Gujarat,West,Narayana Health,21,Phone,MCI-10289
HCP-0290,Upma,Bassi,Consultant_Physician,B,3,Hyderabad,Telangana,South,Manipal Hospital,6,Clinic,MCI-10290
HCP-0291,Lila,Prakash,Diabetologist,A,4,Kochi,Kerala,South,Apollo Hospital,34,Hospital,MCI-10291
HCP-0292,Zehaan,Babu,GP,C,7,Bhopal,Madhya Pradesh,West,,16,Clinic,MCI-10292
HCP-0293,Ishanvi,Bir,GP,B,3,Bengaluru,Karnataka,South,Lilavati Hospital,28,Phone,MCI-10293
HCP-0294,Hemani,Khosla,Gastroenterologist,C,10,Bengaluru,Karnataka,South,Lilavati Hospital,25,Hospital,MCI-10294
HCP-0295,Hemang,Natarajan,GP,B,5,Kolkata,West Bengal,East,Manipal Hospital,37,Hospital,MCI-10295
HCP-0296,Kiaan,Basu,Diabetologist,A,1,Chennai,Tamil Nadu,South,Care Clinic,22,Clinic,MCI-10296
HCP-0297,Indira,Nigam,Cardiologist,B,4,Mumbai,Maharashtra,West,Aster Medcity,29,Hospital,MCI-10297
HCP-0298,Parth,Shetty,GP,B,7,Ahmedabad,Gujarat,West,Medanta Hospital,8,Hospital,MCI-10298
HCP-0299,Varenya,Gopal,Diabetologist,C,8,Hyderabad,Telangana,South,,39,Hospital,MCI-10299
HCP-0300,Krishna,Bhatnagar,Consultant_Physician,B,4,Kochi,Kerala,South,Medanta Hospital,2,Clinic,MCI-10300
HCP-0301,Tanvi,Bansal,Diabetologist,B,4,Jaipur,Rajasthan,North,Artemis Hospital,4,Clinic,MCI-10301
HCP-0302,Chaaya,Jaggi,Cardiologist,C,7,Mumbai,Maharashtra,West,Sunrise Clinic,36,Phone,MCI-10302
HCP-0303,Caleb,Iyengar,Diabetologist,B,7,Delhi,Delhi,North,Narayana Health,2,Clinic,MCI-10303
HCP-0304,Benjamin,Mutti,GP,A,3,Kolkata,West Bengal,East,Medanta Hospital,12,Clinic,MCI-10304
HCP-0305,Dayita,Varma,GP,A,2,Bengaluru,Karnataka,South,Narayana Health,32,Clinic,MCI-10305
HCP-0306,Mitali,Solanki,Cardiologist,A,1,Chennai,Tamil Nadu,South,Sunrise Clinic,6,Clinic,MCI-10306
HCP-0307,Zehaan,Bansal,GP,B,4,Pune,Maharashtra,West,Apollo Hospital,34,Clinic,MCI-10307
HCP-0308,Rayaan,Mangal,Cardiologist,B,5,Hyderabad,Telangana,South,,36,Clinic,MCI-10308
HCP-0309,Ishanvi,Batta,GP,C,8,Delhi,Delhi,North,,23,Hospital,MCI-10309
HCP-0310,Garima,Mahajan,GP,B,6,Bengaluru,Karnataka,South,,21,Hospital,MCI-10310
HCP-0311,Jeet,Pillai,Consultant_Physician,B,6,Lucknow,Uttar Pradesh,North,,2,Hospital,MCI-10311
HCP-0312,Rajeshri,Ratta,GP,A,2,Bengaluru,Karnataka,South,AIIMS,17,WhatsApp,MCI-10312
HCP-0313,Ria,Raju,Diabetologist,C,9,Ahmedabad,Gujarat,West,AIIMS,19,WhatsApp,MCI-10313
HCP-0314,Harinakshi,Grover,Cardiologist,B,6,Jaipur,Rajasthan,North,,16,Phone,MCI-10314
HCP-0315,Watika,Tank,Diabetologist,B,6,Chennai,Tamil Nadu,South,Fortis Hospital,4,Phone,MCI-10315
HCP-0316,Jhalak,Venkataraman,Cardiologist,A,5,Delhi,Delhi,North,Sunrise Clinic,28,Phone,MCI-10316
HCP-0317,Amara,Butala,Cardiologist,B,8,Pune,Maharashtra,West,,38,Phone,MCI-10317
HCP-0318,Panini,Brar,Cardiologist,B,7,Ahmedabad,Gujarat,West,,31,Hospital,MCI-10318
HCP-0319,Qushi,Gole,Cardiologist,B,5,Delhi,Delhi,North,Care Clinic,32,Hospital,MCI-10319
HCP-0320,Chaaya,Nagi,Pulmonist,B,5,Hyderabad,Telangana,South,,39,Clinic,MCI-10320
HCP-0321,Harshil,Buch,GP,A,3,Bhopal,Madhya Pradesh,West,Global Hospital,39,Clinic,MCI-10321
HCP-0322,Falak,Merchant,Consultant_Physician,A,5,Mumbai,Maharashtra,West,Medanta Hospital,5,Phone,MCI-10322
HCP-0323,Damini,Sehgal,Gastroenterologist,B,3,Bhopal,Madhya Pradesh,West,,10,Hospital,MCI-10323
HCP-0324,Pooja,Ganesan,Consultant_Physician,C,10,Pune,Maharashtra,West,,21,Clinic,MCI-10324
HCP-0325,Sachi,Panchal,Pulmonist,A,1,Mumbai,Maharashtra,West,,31,Phone,MCI-10325
HCP-0326,Sanya,Basak,Pulmonist,A,5,Delhi,Delhi,North,Manipal Hospital,24,Phone,MCI-10326
HCP-0327,Ira,Saran,Consultant_Physician,B,4,Kolkata,West Bengal,East,Care Clinic,38,Phone,MCI-10327
HCP-0328,Anvi,Bhandari,Cardiologist,A,3,Bengaluru,Karnataka,South,Artemis Hospital,36,Hospital,MCI-10328
HCP-0329,Falan,Ravi,Cardiologist,A,2,Pune,Maharashtra,West,Wellness Clinic,32,Clinic,MCI-10329
HCP-0330,Januja,Varghese,Gastroenterologist,B,5,Delhi,Delhi,North,Apollo Hospital,27,Hospital,MCI-10330
HCP-0331,Nathaniel,Balasubramanian,Diabetologist,C,9,Pune,Maharashtra,West,Fortis Hospital,37,Clinic,MCI-10331
HCP-0332,Luke,Sarma,Consultant_Physician,B,6,Mumbai,Maharashtra,West,Sunrise Clinic,16,Clinic,MCI-10332
HCP-0333,Bakhshi,Date,GP,A,3,Mumbai,Maharashtra,West,Narayana Health,3,Hospital,MCI-10333
HCP-0334,Ekalinga,Keer,Consultant_Physician,A,1,Delhi,Delhi,North,Artemis Hospital,19,Clinic,MCI-10334
HCP-0335,Jeevika,Pathak,Diabetologist,B,3,Delhi,Delhi,North,,37,Clinic,MCI-10335
HCP-0336,Leela,Bali,Diabetologist,C,10,Delhi,Delhi,North,,26,Hospital,MCI-10336
HCP-0337,Mitesh,Sengupta,GP,B,7,Bengaluru,Karnataka,South,,24,Clinic,MCI-10337
HCP-0338,Kamala,Prabhu,Gastroenterologist,B,5,Bhopal,Madhya Pradesh,West,Lilavati Hospital,24,Phone,MCI-10338
HCP-0339,Sachi,Bose,Pulmonist,B,6,Delhi,Delhi,North,Lilavati Hospital,23,WhatsApp,MCI-10339
HCP-0340,Laksh,Wagle,Gastroenterologist,A,2,Kochi,Kerala,South,Apollo Hospital,3,Clinic,MCI-10340
HCP-0341,Jeevika,Rao,GP,B,6,Chennai,Tamil Nadu,South,Kokilaben Hospital,29,Clinic,MCI-10341
HCP-0342,Dipta,Mallick,GP,B,3,Pune,Maharashtra,West,Manipal Hospital,23,Phone,MCI-10342
HCP-0343,Zaid,Comar,Cardiologist,B,5,Lucknow,Uttar Pradesh,North,Kokilaben Hospital,10,Phone,MCI-10343
HCP-0344,Atharv,Grewal,Cardiologist,C,9,Chennai,Tamil Nadu,South,Max Healthcare,14,Clinic,MCI-10344
HCP-0345,Xalak,Vasa,Diabetologist,C,9,Delhi,Delhi,North,Wellness Clinic,15,Phone,MCI-10345
HCP-0346,Lila,Dalal,GP,B,5,Kolkata,West Bengal,East,,22,Hospital,MCI-10346
HCP-0347,Adweta,Lad,Cardiologist,C,9,Hyderabad,Telangana,South,Max Healthcare,25,Phone,MCI-10347
HCP-0348,Sanaya,Kala,Gastroenterologist,B,5,Pune,Maharashtra,West,,18,Hospital,MCI-10348
HCP-0349,Bhavika,Swaminathan,Pulmonist,B,7,Kochi,Kerala,South,Care Clinic,3,Hospital,MCI-10349
HCP-0350,Ryan,Das,Gastroenterologist,B,6,Bengaluru,Karnataka,South,Care Clinic,4,Hospital,MCI-10350
HCP-0351,Krishna,Borah,Diabetologist,C,9,Lucknow,Uttar Pradesh,North,,17,Clinic,MCI-10351
HCP-0352,Siya,Gera,Diabetologist,B,4,Mumbai,Maharashtra,West,Sunrise Clinic,36,Hospital,MCI-10352
HCP-0353,Sai,Chahal,Pulmonist,B,4,Delhi,Delhi,North,AIIMS,3,Hospital,MCI-10353
HCP-0354,Ekaja,Palan,Cardiologist,B,4,Jaipur,Rajasthan,North,Sunrise Clinic,11,WhatsApp,MCI-10354
HCP-0355,Dhruv,Mannan,GP,B,5,Mumbai,Maharashtra,West,Narayana Health,39,Hospital,MCI-10355
HCP-0356,Charita,Dugar,Cardiologist,C,7,Delhi,Delhi,North,Kokilaben Hospital,15,Clinic,MCI-10356
HCP-0357,Owen,Pathak,Cardiologist,B,4,Kochi,Kerala,South,Wellness Clinic,11,Clinic,MCI-10357
HCP-0358,Yashoda,Kapur,GP,C,7,Mumbai,Maharashtra,West,Aster Medcity,6,Clinic,MCI-10358
HCP-0359,Jairaj,Iyer,GP,A,3,Bhopal,Madhya Pradesh,West,,14,Hospital,MCI-10359
HCP-0360,Liam,Khalsa,Cardiologist,C,10,Kolkata,West Bengal,East,,28,Hospital,MCI-10360
HCP-0361,Wakeeta,Bal,Consultant_Physician,B,6,Chennai,Tamil Nadu,South,Kokilaben Hospital,18,Clinic,MCI-10361
HCP-0362,Jalsa,Pillay,Cardiologist,B,8,Bhopal,Madhya Pradesh,West,,21,Clinic,MCI-10362
HCP-0363,Unni,Dayal,Diabetologist,C,10,Pune,Maharashtra,West,Narayana Health,11,Clinic,MCI-10363
HCP-0364,Gabriel,Bhatti,Gastroenterologist,C,8,Delhi,Delhi,North,Manipal Hospital,18,Clinic,MCI-10364
HCP-0365,Dayamai,Rao,Gastroenterologist,C,8,Lucknow,Uttar Pradesh,North,Narayana Health,39,Hospital,MCI-10365
HCP-0366,Varenya,Vora,Gastroenterologist,B,7,Delhi,Delhi,North,Manipal Hospital,4,Hospital,MCI-10366
HCP-0367,Nirja,Rout,Cardiologist,B,5,Lucknow,Uttar Pradesh,North,Global Hospital,22,Hospital,MCI-10367
HCP-0368,Ethan,Dass,Cardiologist,B,6,Pune,Maharashtra,West,Aster Medcity,32,Clinic,MCI-10368
HCP-0369,Edhitha,Borah,GP,C,7,Mumbai,Maharashtra,West,Sunrise Clinic,40,Phone,MCI-10369
HCP-0370,Shivani,Shukla,GP,C,7,Kolkata,West Bengal,East,AIIMS,11,Clinic,MCI-10370
HCP-0371,Zansi,Padmanabhan,GP,A,1,Pune,Maharashtra,West,,7,Hospital,MCI-10371
HCP-0372,Kabir,Gopal,Diabetologist,B,5,Delhi,Delhi,North,,25,Hospital,MCI-10372
HCP-0373,Kai,Sant,Consultant_Physician,B,3,Bengaluru,Karnataka,South,City Hospital,40,Clinic,MCI-10373
HCP-0374,Yadavi,Bhakta,Pulmonist,B,6,Hyderabad,Telangana,South,City Hospital,32,Hospital,MCI-10374
HCP-0375,Jeet,Vasa,Gastroenterologist,C,9,Pune,Maharashtra,West,,6,Hospital,MCI-10375
HCP-0376,Michael,Modi,Gastroenterologist,B,6,Hyderabad,Telangana,South,Fortis Hospital,15,Phone,MCI-10376
HCP-0377,Nitesh,Edwin,Consultant_Physician,A,2,Mumbai,Maharashtra,West,,3,Hospital,MCI-10377
HCP-0378,Ekantika,Kar,Pulmonist,A,3,Pune,Maharashtra,West,Care Clinic,11,Hospital,MCI-10378
HCP-0379,Hiral,Venkataraman,Cardiologist,A,3,Pune,Maharashtra,West,,36,Clinic,MCI-10379
HCP-0380,Bhanumati,Brar,Consultant_Physician,C,9,Mumbai,Maharashtra,West,Fortis Hospital,35,Clinic,MCI-10380
HCP-0381,Zashil,Hegde,Diabetologist,B,8,Hyderabad,Telangana,South,,38,Phone,MCI-10381
HCP-0382,Anvi,Dass,GP,A,3,Ahmedabad,Gujarat,West,Artemis Hospital,11,Hospital,MCI-10382
HCP-0383,Chavvi,Walla,GP,C,9,Lucknow,Uttar Pradesh,North,City Hospital,7,Hospital,MCI-10383
HCP-0384,Girik,Thakkar,GP,B,4,Jaipur,Rajasthan,North,Lilavati Hospital,24,Clinic,MCI-10384
HCP-0385,Om,Dube,Cardiologist,B,8,Kolkata,West Bengal,East,City Hospital,23,Hospital,MCI-10385
HCP-0386,Onveer,Nazareth,Cardiologist,B,8,Bhopal,Madhya Pradesh,West,City Hospital,26,Clinic,MCI-10386
HCP-0387,Benjamin,Balakrishnan,Cardiologist,A,2,Bengaluru,Karnataka,South,Lilavati Hospital,14,Hospital,MCI-10387
HCP-0388,Finn,Bath,GP,B,7,Delhi,Delhi,North,,13,Phone,MCI-10388
HCP-0389,Alka,Kade,Diabetologist,B,4,Jaipur,Rajasthan,North,Aster Medcity,27,Clinic,MCI-10389
HCP-0390,Omaja,Balasubramanian,Pulmonist,B,4,Chennai,Tamil Nadu,South,Apollo Hospital,4,Hospital,MCI-10390
HCP-0391,Widisha,Mann,Gastroenterologist,C,6,Kolkata,West Bengal,East,Global Hospital,27,Clinic,MCI-10391
HCP-0392,Chasmum,Subramanian,Diabetologist,B,5,Delhi,Delhi,North,Artemis Hospital,13,Hospital,MCI-10392
HCP-0393,Yash,Ravi,Diabetologist,C,10,Ahmedabad,Gujarat,West,Sunrise Clinic,35,Phone,MCI-10393
HCP-0394,Chameli,Setty,GP,A,2,Delhi,Delhi,North,Narayana Health,17,Clinic,MCI-10394
HCP-0395,Elijah,Bhasin,Gastroenterologist,B,6,Pune,Maharashtra,West,AIIMS,13,Clinic,MCI-10395
HCP-0396,Nakul,Sarraf,Consultant_Physician,A,4,Bengaluru,Karnataka,South,,3,Phone,MCI-10396
HCP-0397,Ojasvi,Sule,Consultant_Physician,B,7,Mumbai,Maharashtra,West,Medanta Hospital,32,Clinic,MCI-10397
HCP-0398,Ucchal,Jani,GP,A,2,Chennai,Tamil Nadu,South,,17,Hospital,MCI-10398
HCP-0399,Harini,Dhawan,Cardiologist,C,10,Delhi,Delhi,North,City Hospital,28,Phone,MCI-10399
HCP-0400,Dhriti,Nagar,Gastroenterologist,B,8,Bhopal,Madhya Pradesh,West,,27,Clinic,MCI-10400
HCP-0401,Hemani,Rastogi,Cardiologist,C,10,Hyderabad,Telangana,South,Wellness Clinic,9,Phone,MCI-10401
HCP-0402,Kalpit,Prabhakar,GP,C,6,Hyderabad,Telangana,South,Fortis Hospital,31,Phone,MCI-10402
HCP-0403,Yutika,Cherian,GP,C,6,Kolkata,West Bengal,East,Kokilaben Hospital,10,WhatsApp,MCI-10403
HCP-0404,Eiravati,Khurana,GP,C,7,Kolkata,West Bengal,East,Manipal Hospital,30,Phone,MCI-10404
HCP-0405,Unnati,Das,Pulmonist,B,3,Mumbai,Maharashtra,West,Care Clinic,32,WhatsApp,MCI-10405
HCP-0406,Amara,Sengupta,GP,B,7,Hyderabad,Telangana,South,,16,Clinic,MCI-10406
HCP-0407,Yug,Dhaliwal,GP,B,6,Kochi,Kerala,South,Wellness Clinic,14,WhatsApp,MCI-10407
HCP-0408,Gunbir,Bedi,Cardiologist,B,4,Mumbai,Maharashtra,West,Medanta Hospital,23,Clinic,MCI-10408
HCP-0409,Bina,Rajagopalan,Cardiologist,B,5,Bengaluru,Karnataka,South,,16,Hospital,MCI-10409
HCP-0410,Omya,Kothari,Pulmonist,B,7,Pune,Maharashtra,West,Max Healthcare,18,Clinic,MCI-10410
HCP-0411,Nathaniel,Narang,Consultant_Physician,A,2,Bhopal,Madhya Pradesh,West,Kokilaben Hospital,27,Clinic,MCI-10411
HCP-0412,Dhriti,Gupta,Consultant_Physician,B,6,Mumbai,Maharashtra,West,,28,Phone,MCI-10412
HCP-0413,Nathaniel,Tara,GP,B,5,Bengaluru,Karnataka,South,Kokilaben Hospital,3,Hospital,MCI-10413
HCP-0414,Yutika,Sibal,GP,A,4,Bengaluru,Karnataka,South,Wellness Clinic,9,Phone,MCI-10414
HCP-0415,Wishi,Morar,Gastroenterologist,A,3,Chennai,Tamil Nadu,South,Sunrise Clinic,13,Clinic,MCI-10415
HCP-0416,Widisha,Bajaj,GP,B,5,Kolkata,West Bengal,East,Aster Medcity,3,Hospital,MCI-10416
HCP-0417,Gautam,Ramaswamy,Consultant_Physician,B,3,Hyderabad,Telangana,South,Lilavati Hospital,22,Hospital,MCI-10417
HCP-0418,Yashasvi,Shankar,Diabetologist,A,2,Mumbai,Maharashtra,West,,26,Hospital,MCI-10418
HCP-0419,Wridesh,Kale,Diabetologist,C,9,Mumbai,Maharashtra,West,,40,Phone,MCI-10419
HCP-0420,Ira,Bava,Consultant_Physician,C,9,Jaipur,Rajasthan,North,,18,Clinic,MCI-10420
HCP-0421,Chandresh,Manda,Consultant_Physician,B,6,Hyderabad,Telangana,South,,40,WhatsApp,MCI-10421
HCP-0422,Warda,Singhal,Pulmonist,B,3,Kolkata,West Bengal,East,Global Hospital,2,Hospital,MCI-10422
HCP-0423,Bhavika,Yadav,Gastroenterologist,A,2,Bhopal,Madhya Pradesh,West,Narayana Health,23,WhatsApp,MCI-10423
HCP-0424,Abhiram,Chokshi,Diabetologist,B,6,Hyderabad,Telangana,South,Global Hospital,10,WhatsApp,MCI-10424
HCP-0425,Raagini,Desai,Consultant_Physician,C,8,Lucknow,Uttar Pradesh,North,,20,Hospital,MCI-10425
HCP-0426,Aishani,Pau,Consultant_Physician,B,8,Bengaluru,Karnataka,South,,32,Hospital,MCI-10426
HCP-0427,Neha,Pau,GP,B,5,Pune,Maharashtra,West,Manipal Hospital,26,Hospital,MCI-10427
HCP-0428,Chakradev,Rattan,Consultant_Physician,A,2,Delhi,Delhi,North,,36,Clinic,MCI-10428
HCP-0429,Charan,Hayer,Diabetologist,B,5,Hyderabad,Telangana,South,,38,WhatsApp,MCI-10429
HCP-0430,Janani,Mani,Diabetologist,C,6,Mumbai,Maharashtra,West,AIIMS,9,Phone,MCI-10430
HCP-0431,Ethan,Raju,Pulmonist,B,5,Ahmedabad,Gujarat,West,Artemis Hospital,5,WhatsApp,MCI-10431
HCP-0432,Yamini,Seshadri,GP,A,1,Delhi,Delhi,North,,30,Hospital,MCI-10432
HCP-0433,Ati,Dani,Diabetologist,C,8,Ahmedabad,Gujarat,West,Lilavati Hospital,26,Hospital,MCI-10433
HCP-0434,Kabir,Chatterjee,Consultant_Physician,B,7,Bengaluru,Karnataka,South,,32,Hospital,MCI-10434
HCP-0435,Meera,Prakash,Consultant_Physician,C,10,Pune,Maharashtra,West,AIIMS,2,Clinic,MCI-10435
HCP-0436,Harinakshi,Pau,Gastroenterologist,C,10,Kochi,Kerala,South,Max Healthcare,27,Clinic,MCI-10436
HCP-0437,Maanas,Issac,Consultant_Physician,A,3,Bengaluru,Karnataka,South,Max Healthcare,40,Clinic,MCI-10437
HCP-0438,Yashodhara,Ratti,GP,B,5,Bengaluru,Karnataka,South,City Hospital,25,Phone,MCI-10438
HCP-0439,Xiti,Baria,GP,C,8,Chennai,Tamil Nadu,South,Manipal Hospital,35,Phone,MCI-10439
HCP-0440,Chakradev,Barad,Consultant_Physician,C,7,Chennai,Tamil Nadu,South,Wellness Clinic,21,Clinic,MCI-10440
HCP-0441,Laksh,Nath,Pulmonist,B,7,Pune,Maharashtra,West,,27,Clinic,MCI-10441
HCP-0442,Urvi,Venkataraman,Cardiologist,B,6,Pune,Maharashtra,West,Kokilaben Hospital,15,Clinic,MCI-10442
HCP-0443,Tanmayi,Dixit,Pulmonist,B,6,Lucknow,Uttar Pradesh,North,AIIMS,25,Clinic,MCI-10443
HCP-0444,Yutika,Dey,Gastroenterologist,A,4,Delhi,Delhi,North,Artemis Hospital,34,Clinic,MCI-10444
HCP-0445,Falak,Nagar,Gastroenterologist,C,9,Lucknow,Uttar Pradesh,North,Manipal Hospital,38,WhatsApp,MCI-10445
HCP-0446,Nicholas,Ramaswamy,Cardiologist,B,8,Delhi,Delhi,North,,15,Phone,MCI-10446
HCP-0447,Chandani,Nayar,Gastroenterologist,C,7,Pune,Maharashtra,West,Aster Medcity,37,WhatsApp,MCI-10447
HCP-0448,Yashica,Upadhyay,GP,B,4,Hyderabad,Telangana,South,Aster Medcity,19,Hospital,MCI-10448
HCP-0449,Vrishti,Mistry,Consultant_Physician,B,7,Kolkata,West Bengal,East,,27,Hospital,MCI-10449
HCP-0450,Vaishnavi,Badal,Cardiologist,B,4,Bengaluru,Karnataka,South,Kokilaben Hospital,28,Hospital,MCI-10450
HCP-0451,Jyoti,Narula,GP,B,6,Kolkata,West Bengal,East,,34,Phone,MCI-10451
HCP-0452,Imaran,Saha,Cardiologist,C,9,Delhi,Delhi,North,,27,Clinic,MCI-10452
HCP-0453,Darika,Bala,Gastroenterologist,C,9,Kolkata,West Bengal,East,,30,Hospital,MCI-10453
HCP-0454,Urvi,Lanka,Diabetologist,C,10,Chennai,Tamil Nadu,South,Max Healthcare,27,WhatsApp,MCI-10454
HCP-0455,Vedant,Behl,GP,C,7,Mumbai,Maharashtra,West,Kokilaben Hospital,24,Phone,MCI-10455
HCP-0456,Varsha,Garde,Diabetologist,A,2,Hyderabad,Telangana,South,AIIMS,18,Hospital,MCI-10456
HCP-0457,Lajita,Divan,Gastroenterologist,B,8,Bengaluru,Karnataka,South,,30,Hospital,MCI-10457
HCP-0458,Xavier,Balay,Cardiologist,C,8,Jaipur,Rajasthan,North,Apollo Hospital,13,Clinic,MCI-10458
HCP-0459,Imaran,Halder,Diabetologist,B,3,Lucknow,Uttar Pradesh,North,Apollo Hospital,13,Clinic,MCI-10459
HCP-0460,Anirudh,Sastry,Pulmonist,B,5,Delhi,Delhi,North,Care Clinic,7,Hospital,MCI-10460
HCP-0461,Dipta,Sahota,Diabetologist,A,2,Mumbai,Maharashtra,West,Medanta Hospital,34,Clinic,MCI-10461
HCP-0462,Max,Sachar,Gastroenterologist,B,6,Bengaluru,Karnataka,South,Global Hospital,24,Clinic,MCI-10462
HCP-0463,Samar,Roy,GP,B,6,Ahmedabad,Gujarat,West,Wellness Clinic,36,Hospital,MCI-10463
HCP-0464,Yachana,Sinha,Pulmonist,A,3,Delhi,Delhi,North,Artemis Hospital,33,Clinic,MCI-10464
HCP-0465,David,Devi,Cardiologist,B,6,Jaipur,Rajasthan,North,Fortis Hospital,35,WhatsApp,MCI-10465
HCP-0466,Zilmil,Johal,Gastroenterologist,B,4,Mumbai,Maharashtra,West,Artemis Hospital,15,Clinic,MCI-10466
HCP-0467,Ekta,Sridhar,Consultant_Physician,A,1,Ahmedabad,Gujarat,West,Wellness Clinic,20,WhatsApp,MCI-10467
HCP-0468,Krisha,Murthy,Consultant_Physician,B,3,Chennai,Tamil Nadu,South,Global Hospital,37,Clinic,MCI-10468
HCP-0469,Oscar,Sharaf,Diabetologist,B,5,Chennai,Tamil Nadu,South,Narayana Health,37,WhatsApp,MCI-10469
HCP-0470,Hema,Pandya,Diabetologist,A,3,Jaipur,Rajasthan,North,,7,Clinic,MCI-10470
HCP-0471,Aishani,Sule,GP,C,9,Mumbai,Maharashtra,West,Care Clinic,29,Hospital,MCI-10471
HCP-0472,Rehaan,Koshy,Pulmonist,A,4,Ahmedabad,Gujarat,West,Manipal Hospital,20,Clinic,MCI-10472
HCP-0473,Arya,Misra,Consultant_Physician,B,7,Jaipur,Rajasthan,North,Fortis Hospital,32,Clinic,MCI-10473
HCP-0474,Umang,Mishra,Diabetologist,B,6,Ahmedabad,Gujarat,West,,34,Clinic,MCI-10474
HCP-0475,Bhavya,Johal,GP,C,8,Pune,Maharashtra,West,Lilavati Hospital,22,Hospital,MCI-10475
HCP-0476,Vrinda,Nadig,Pulmonist,C,6,Chennai,Tamil Nadu,South,Apollo Hospital,39,Hospital,MCI-10476
HCP-0477,Varsha,Palla,Cardiologist,B,6,Hyderabad,Telangana,South,Wellness Clinic,38,Phone,MCI-10477
HCP-0478,Anusha,Mani,Diabetologist,C,9,Lucknow,Uttar Pradesh,North,Aster Medcity,22,Phone,MCI-10478
HCP-0479,Jairaj,Raghavan,Diabetologist,A,1,Pune,Maharashtra,West,Wellness Clinic,26,Hospital,MCI-10479
HCP-0480,Megha,Pai,Consultant_Physician,B,5,Bengaluru,Karnataka,South,Lilavati Hospital,12,Clinic,MCI-10480
HCP-0481,Madhav,Mannan,GP,B,5,Delhi,Delhi,North,Max Healthcare,13,Clinic,MCI-10481
HCP-0482,Brijesh,Mani,Pulmonist,C,10,Bengaluru,Karnataka,South,City Hospital,2,Clinic,MCI-10482
HCP-0483,Farhan,Pal,Gastroenterologist,C,9,Lucknow,Uttar Pradesh,North,Fortis Hospital,4,Clinic,MCI-10483
HCP-0484,Riya,Kunda,Diabetologist,C,10,Hyderabad,Telangana,South,,27,Phone,MCI-10484
HCP-0485,Varenya,Kala,Pulmonist,A,3,Delhi,Delhi,North,,38,Hospital,MCI-10485
HCP-0486,Saksham,Yohannan,Diabetologist,A,2,Hyderabad,Telangana,South,City Hospital,17,Clinic,MCI-10486
HCP-0487,Anika,Magar,Gastroenterologist,B,5,Bengaluru,Karnataka,South,Max Healthcare,22,Clinic,MCI-10487
HCP-0488,Laksh,Chopra,Cardiologist,A,1,Delhi,Delhi,North,Fortis Hospital,14,Hospital,MCI-10488
HCP-0489,Wriddhish,Kibe,Gastroenterologist,B,6,Mumbai,Maharashtra,West,,14,WhatsApp,MCI-10489
HCP-0490,Chandresh,Wali,Diabetologist,C,9,Chennai,Tamil Nadu,South,,5,Phone,MCI-10490
HCP-0491,Upkaar,Kaul,Diabetologist,B,4,Kochi,Kerala,South,Fortis Hospital,32,Phone,MCI-10491
HCP-0492,Charles,Chaudhry,Diabetologist,B,6,Delhi,Delhi,North,Manipal Hospital,14,Phone,MCI-10492
HCP-0493,Odika,Narayanan,Pulmonist,B,8,Delhi,Delhi,North,,5,Hospital,MCI-10493
HCP-0494,Urmi,Chaudhry,Consultant_Physician,B,4,Mumbai,Maharashtra,West,,27,Clinic,MCI-10494
HCP-0495,Laksh,Ahluwalia,Cardiologist,B,5,Mumbai,Maharashtra,West,City Hospital,33,Hospital,MCI-10495
HCP-0496,Nakul,Ray,Diabetologist,B,6,Pune,Maharashtra,West,Manipal Hospital,22,Clinic,MCI-10496
HCP-0497,Vamakshi,Sood,GP,B,3,Chennai,Tamil Nadu,South,,18,Hospital,MCI-10497
HCP-0498,Ryan,Mani,Pulmonist,B,4,Bengaluru,Karnataka,South,,31,Clinic,MCI-10498
HCP-0499,Ekani,Mangal,Diabetologist,B,4,Bengaluru,Karnataka,South,,17,Clinic,MCI-10499
HCP-0500,Daniel,Chakraborty,GP,C,9,Ahmedabad,Gujarat,West,Medanta Hospital,2,Clinic,MCI-10500
HCP-0501,Vincent,Warrior,Consultant_Physician,B,5,Chennai,Tamil Nadu,South,Manipal Hospital,18,Hospital,MCI-10501
HCP-0502,Baljiwan,Gill,GP,A,3,Bengaluru,Karnataka,South,Kokilaben Hospital,21,Clinic,MCI-10502
HCP-0503,Omisha,Goda,GP,B,4,Mumbai,Maharashtra,West,Global Hospital,10,Hospital,MCI-10503
HCP-0504,Balhaar,Ranganathan,Diabetologist,C,7,Mumbai,Maharashtra,West,City Hospital,31,Clinic,MCI-10504
HCP-0505,Warhi,Grewal,Cardiologist,B,5,Chennai,Tamil Nadu,South,,23,Clinic,MCI-10505
HCP-0506,Bimala,Barad,Cardiologist,B,7,Delhi,Delhi,North,AIIMS,17,Clinic,MCI-10506
HCP-0507,Aditya,Misra,GP,B,5,Delhi,Delhi,North,Lilavati Hospital,20,WhatsApp,MCI-10507
HCP-0508,Hredhaan,Nayak,GP,B,6,Mumbai,Maharashtra,West,,32,WhatsApp,MCI-10508
HCP-0509,Bhavani,Sha,Cardiologist,B,6,Mumbai,Maharashtra,West,,26,Clinic,MCI-10509
HCP-0510,Wakeeta,Desai,Gastroenterologist,A,5,Pune,Maharashtra,West,Artemis Hospital,3,Clinic,MCI-10510
HCP-0511,Yamini,Sidhu,GP,B,6,Bengaluru,Karnataka,South,City Hospital,29,WhatsApp,MCI-10511
HCP-0512,Anjali,Hans,Pulmonist,A,2,Kochi,Kerala,South,Kokilaben Hospital,18,Phone,MCI-10512
HCP-0513,Isaiah,Narayanan,GP,A,1,Delhi,Delhi,North,Wellness Clinic,38,Clinic,MCI-10513
HCP-0514,Nicholas,Shanker,Consultant_Physician,C,8,Kolkata,West Bengal,East,Sunrise Clinic,18,Hospital,MCI-10514
HCP-0515,Aarini,Grewal,GP,B,6,Mumbai,Maharashtra,West,Kokilaben Hospital,7,Clinic,MCI-10515
HCP-0516,Akshay,Nazareth,Cardiologist,A,4,Mumbai,Maharashtra,West,Apollo Hospital,2,Hospital,MCI-10516
HCP-0517,Chakrika,Hans,Cardiologist,B,5,Hyderabad,Telangana,South,Medanta Hospital,3,Hospital,MCI-10517
HCP-0518,Parth,Ravi,GP,B,7,Pune,Maharashtra,West,Care Clinic,36,Clinic,MCI-10518
HCP-0519,Prisha,Varma,Diabetologist,B,5,Hyderabad,Telangana,South,,11,Clinic,MCI-10519
HCP-0520,Falak,Chadha,Pulmonist,A,3,Hyderabad,Telangana,South,,5,Clinic,MCI-10520
HCP-0521,Nandini,Chandran,GP,B,6,Delhi,Delhi,North,Artemis Hospital,20,Phone,MCI-10521
HCP-0522,Qasim,Dey,Gastroenterologist,B,6,Mumbai,Maharashtra,West,Max Healthcare,26,Hospital,MCI-10522
HCP-0523,Vansha,Naik,Pulmonist,C,7,Mumbai,Maharashtra,West,,21,Phone,MCI-10523
HCP-0524,Yuvraj,Ahuja,Pulmonist,A,2,Mumbai,Maharashtra,West,,31,Clinic,MCI-10524
HCP-0525,Advika,Rajagopal,GP,C,8,Delhi,Delhi,North,Wellness Clinic,10,Phone,MCI-10525
HCP-0526,Warinder,Sekhon,GP,C,8,Hyderabad,Telangana,South,Wellness Clinic,35,Clinic,MCI-10526
HCP-0527,Amara,Narayan,Gastroenterologist,B,6,Kochi,Kerala,South,Kokilaben Hospital,34,Hospital,MCI-10527
HCP-0528,Chasmum,Apte,Pulmonist,C,9,Pune,Maharashtra,West,Global Hospital,2,Clinic,MCI-10528
HCP-0529,Advika,Parsa,Cardiologist,A,1,Pune,Maharashtra,West,City Hospital,20,Phone,MCI-10529
HCP-0530,Warinder,Bhatia,Diabetologist,C,9,Delhi,Delhi,North,,22,Clinic,MCI-10530
HCP-0531,Jagat,Shroff,Cardiologist,B,4,Chennai,Tamil Nadu,South,Lilavati Hospital,34,Hospital,MCI-10531
HCP-0532,Damyanti,Dutta,Gastroenterologist,C,8,Delhi,Delhi,North,Sunrise Clinic,35,Phone,MCI-10532
HCP-0533,Nidra,Thakkar,Consultant_Physician,B,4,Chennai,Tamil Nadu,South,Lilavati Hospital,22,Hospital,MCI-10533
HCP-0534,Deepa,Dalal,Gastroenterologist,C,6,Ahmedabad,Gujarat,West,,40,Clinic,MCI-10534
HCP-0535,Chakrika,Pillai,Pulmonist,B,3,Pune,Maharashtra,West,,24,Clinic,MCI-10535
HCP-0536,Timothy,Kanda,Diabetologist,C,7,Jaipur,Rajasthan,North,Kokilaben Hospital,3,Clinic,MCI-10536
HCP-0537,Kiaan,Sridhar,GP,B,3,Jaipur,Rajasthan,North,,9,Clinic,MCI-10537
HCP-0538,Michael,Sha,Pulmonist,C,7,Mumbai,Maharashtra,West,Global Hospital,34,Phone,MCI-10538
HCP-0539,Kashvi,Sagar,Diabetologist,B,8,Bengaluru,Karnataka,South,,31,Clinic,MCI-10539
HCP-0540,Urishilla,Yogi,Consultant_Physician,A,3,Jaipur,Rajasthan,North,AIIMS,36,WhatsApp,MCI-10540
HCP-0541,Tejas,Kota,Cardiologist,B,4,Bengaluru,Karnataka,South,AIIMS,34,Hospital,MCI-10541
HCP-0542,Finn,Vora,Cardiologist,B,6,Delhi,Delhi,North,,25,Hospital,MCI-10542
HCP-0543,Sanya,Wable,GP,B,6,Kolkata,West Bengal,East,Manipal Hospital,7,Clinic,MCI-10543
HCP-0544,Janaki,Brahmbhatt,Cardiologist,C,9,Bengaluru,Karnataka,South,Narayana Health,22,Phone,MCI-10544
HCP-0545,Isaac,Bhatia,Gastroenterologist,B,7,Delhi,Delhi,North,Max Healthcare,35,Hospital,MCI-10545
HCP-0546,Yashasvi,Jain,Pulmonist,B,7,Ahmedabad,Gujarat,West,,20,Clinic,MCI-10546
HCP-0547,Mason,Gala,GP,A,5,Lucknow,Uttar Pradesh,North,Apollo Hospital,5,Clinic,MCI-10547
HCP-0548,Falak,Venkatesh,Pulmonist,B,5,Mumbai,Maharashtra,West,Fortis Hospital,6,Clinic,MCI-10548
HCP-0549,Riya,Dada,Pulmonist,B,6,Bhopal,Madhya Pradesh,West,Lilavati Hospital,5,Hospital,MCI-10549
HCP-0550,Samesh,Suresh,GP,C,6,Ahmedabad,Gujarat,West,AIIMS,39,Clinic,MCI-10550
HCP-0551,Gavin,Uppal,Cardiologist,B,6,Delhi,Delhi,North,City Hospital,12,WhatsApp,MCI-10551
HCP-0552,Sanaya,Bhakta,Cardiologist,A,1,Chennai,Tamil Nadu,South,Max Healthcare,38,Phone,MCI-10552
HCP-0553,Sudiksha,Deo,GP,B,4,Bengaluru,Karnataka,South,Artemis Hospital,11,Clinic,MCI-10553
HCP-0554,Yochana,Sagar,GP,C,9,Bengaluru,Karnataka,South,Medanta Hospital,11,Phone,MCI-10554
HCP-0555,Tanmayi,Bhardwaj,Gastroenterologist,B,7,Kolkata,West Bengal,East,Max Healthcare,30,WhatsApp,MCI-10555
HCP-0556,Turvi,Morar,Gastroenterologist,A,5,Chennai,Tamil Nadu,South,Narayana Health,12,Hospital,MCI-10556
HCP-0557,Anthony,Randhawa,GP,C,7,Bhopal,Madhya Pradesh,West,,14,Phone,MCI-10557
HCP-0558,Aachal,Aggarwal,Pulmonist,B,5,Hyderabad,Telangana,South,Narayana Health,27,Hospital,MCI-10558
HCP-0559,Tejas,Bora,Pulmonist,C,10,Chennai,Tamil Nadu,South,Medanta Hospital,40,Clinic,MCI-10559
HCP-0560,Chakradev,Sampath,Pulmonist,B,5,Jaipur,Rajasthan,North,Kokilaben Hospital,7,WhatsApp,MCI-10560
HCP-0561,Hemangini,Bhatt,GP,C,9,Bengaluru,Karnataka,South,Artemis Hospital,3,Clinic,MCI-10561
HCP-0562,Darpan,Biswas,Diabetologist,A,3,Pune,Maharashtra,West,Apollo Hospital,35,Clinic,MCI-10562
HCP-0563,Urmi,Balay,GP,B,5,Chennai,Tamil Nadu,South,Sunrise Clinic,36,Hospital,MCI-10563
HCP-0564,Bhavini,Rege,Cardiologist,B,5,Mumbai,Maharashtra,West,Wellness Clinic,24,Clinic,MCI-10564
HCP-0565,Pranit,Deshmukh,GP,B,3,Jaipur,Rajasthan,North,City Hospital,6,Clinic,MCI-10565
HCP-0566,Osha,Prasad,GP,C,8,Chennai,Tamil Nadu,South,,33,Hospital,MCI-10566
HCP-0567,Lavanya,Sen,Consultant_Physician,C,6,Kolkata,West Bengal,East,Artemis Hospital,29,Clinic,MCI-10567
HCP-0568,Krishna,Prashad,Diabetologist,B,4,Mumbai,Maharashtra,West,,4,Hospital,MCI-10568
HCP-0569,Faris,Zacharia,Diabetologist,C,9,Delhi,Delhi,North,Fortis Hospital,36,Clinic,MCI-10569
HCP-0570,Kiaan,Pall,Pulmonist,C,8,Lucknow,Uttar Pradesh,North,Max Healthcare,27,Clinic,MCI-10570
HCP-0571,Jagat,Gokhale,Consultant_Physician,B,7,Hyderabad,Telangana,South,Aster Medcity,12,Phone,MCI-10571
HCP-0572,Maya,Wadhwa,Gastroenterologist,B,6,Mumbai,Maharashtra,West,Apollo Hospital,6,Phone,MCI-10572
HCP-0573,Joshua,Kapoor,Gastroenterologist,C,9,Lucknow,Uttar Pradesh,North,AIIMS,39,Hospital,MCI-10573
HCP-0574,Aarush,Bajaj,Gastroenterologist,B,7,Hyderabad,Telangana,South,Care Clinic,8,Hospital,MCI-10574
HCP-0575,Chanchal,Sheth,Cardiologist,C,8,Chennai,Tamil Nadu,South,Max Healthcare,31,Clinic,MCI-10575
HCP-0576,Panini,Wali,Cardiologist,A,4,Bhopal,Madhya Pradesh,West,Manipal Hospital,14,WhatsApp,MCI-10576
HCP-0577,Ladli,Karpe,GP,B,7,Kochi,Kerala,South,,10,Hospital,MCI-10577
HCP-0578,Yug,Sharma,Cardiologist,C,8,Bengaluru,Karnataka,South,Narayana Health,30,Hospital,MCI-10578
HCP-0579,Hiral,Dubey,Diabetologist,A,2,Bhopal,Madhya Pradesh,West,,7,Clinic,MCI-10579
HCP-0580,Anya,Gulati,Cardiologist,B,5,Chennai,Tamil Nadu,South,Max Healthcare,7,Clinic,MCI-10580
HCP-0581,Isaiah,Balay,Cardiologist,B,7,Ahmedabad,Gujarat,West,,39,Clinic,MCI-10581
HCP-0582,Oni,Babu,Gastroenterologist,C,9,Hyderabad,Telangana,South,Kokilaben Hospital,27,Clinic,MCI-10582
HCP-0583,Wridesh,Jhaveri,GP,A,1,Chennai,Tamil Nadu,South,,19,Clinic,MCI-10583
HCP-0584,Ekalinga,Chaudhuri,GP,B,6,Pune,Maharashtra,West,Narayana Health,15,Clinic,MCI-10584
HCP-0585,Bahadurjit,Sekhon,Diabetologist,C,9,Kolkata,West Bengal,East,Lilavati Hospital,39,WhatsApp,MCI-10585
HCP-0586,Chanakya,Konda,Diabetologist,C,10,Chennai,Tamil Nadu,South,Wellness Clinic,36,Hospital,MCI-10586
HCP-0587,Chaitanya,Ratti,GP,B,3,Kolkata,West Bengal,East,Lilavati Hospital,33,Clinic,MCI-10587
HCP-0588,Reva,Kaur,GP,A,1,Mumbai,Maharashtra,West,Global Hospital,40,Phone,MCI-10588
HCP-0589,Teerth,Bhalla,Cardiologist,C,8,Ahmedabad,Gujarat,West,Fortis Hospital,15,Phone,MCI-10589
HCP-0590,Logan,Thakur,Diabetologist,C,9,Delhi,Delhi,North,AIIMS,21,WhatsApp,MCI-10590
HCP-0591,Bimala,Kaur,Diabetologist,C,9,Bhopal,Madhya Pradesh,West,,5,WhatsApp,MCI-10591
HCP-0592,Eiravati,Nagi,GP,C,9,Kolkata,West Bengal,East,,23,Clinic,MCI-10592
HCP-0593,Warjas,Mittal,GP,C,9,Lucknow,Uttar Pradesh,North,Wellness Clinic,25,Phone,MCI-10593
HCP-0594,Luke,Verma,Diabetologist,B,4,Bengaluru,Karnataka,South,City Hospital,19,Hospital,MCI-10594
HCP-0595,Timothy,Sachdev,GP,B,4,Chennai,Tamil Nadu,South,City Hospital,36,WhatsApp,MCI-10595
HCP-0596,Charita,Maharaj,Consultant_Physician,B,5,Chennai,Tamil Nadu,South,Kokilaben Hospital,33,Clinic,MCI-10596
HCP-0597,Darsh,Gill,Consultant_Physician,C,6,Mumbai,Maharashtra,West,,37,Hospital,MCI-10597
HCP-0598,Prisha,Tandon,Gastroenterologist,A,3,Kolkata,West Bengal,East,Kokilaben Hospital,6,Clinic,MCI-10598
HCP-0599,Champak,Padmanabhan,Diabetologist,C,9,Kochi,Kerala,South,Care Clinic,23,Clinic,MCI-10599
HCP-0600,Lakshmi,Vohra,GP,B,5,Delhi,Delhi,North,,30,Phone,MCI-10600
HCP-0601,Eiravati,Saha,GP,C,7,Mumbai,Maharashtra,West,Apollo Hospital,26,Hospital,MCI-10601
HCP-0602,Nilima,Dixit,Cardiologist,B,5,Kochi,Kerala,South,,9,Clinic,MCI-10602
HCP-0603,Charita,Puri,GP,C,7,Lucknow,Uttar Pradesh,North,Aster Medcity,22,Clinic,MCI-10603
HCP-0604,Qarin,Yogi,GP,C,6,Delhi,Delhi,North,,2,Phone,MCI-10604
HCP-0605,Urvashi,Khosla,Diabetologist,B,4,Bengaluru,Karnataka,South,Care Clinic,8,Clinic,MCI-10605
HCP-0606,Umang,Mital,GP,C,8,Ahmedabad,Gujarat,West,,34,WhatsApp,MCI-10606
HCP-0607,Maanas,Sheth,Pulmonist,B,6,Lucknow,Uttar Pradesh,North,,28,Hospital,MCI-10607
HCP-0608,Dalbir,Sachar,Consultant_Physician,B,4,Bengaluru,Karnataka,South,Global Hospital,6,Hospital,MCI-10608
HCP-0609,Omaja,Wagle,GP,C,8,Chennai,Tamil Nadu,South,Aster Medcity,4,Clinic,MCI-10609
HCP-0610,Krish,Rama,Consultant_Physician,B,6,Mumbai,Maharashtra,West,,30,Hospital,MCI-10610
HCP-0611,Xavier,Kumer,Diabetologist,C,9,Kolkata,West Bengal,East,Max Healthcare,16,Phone,MCI-10611
HCP-0612,Samar,Narayanan,Gastroenterologist,B,7,Delhi,Delhi,North,Artemis Hospital,28,Clinic,MCI-10612
HCP-0613,Farhan,Sengupta,Diabetologist,B,6,Ahmedabad,Gujarat,West,Fortis Hospital,20,Phone,MCI-10613
HCP-0614,Kamala,Chanda,Pulmonist,B,4,Jaipur,Rajasthan,North,Apollo Hospital,37,Clinic,MCI-10614
HCP-0615,Rayaan,Behl,Cardiologist,B,4,Jaipur,Rajasthan,North,,18,WhatsApp,MCI-10615
HCP-0616,Amrita,Purohit,Diabetologist,B,5,Ahmedabad,Gujarat,West,Kokilaben Hospital,34,Clinic,MCI-10616
HCP-0617,Balveer,Bora,Pulmonist,B,6,Bengaluru,Karnataka,South,,37,Hospital,MCI-10617
HCP-0618,Raghav,Kalla,GP,B,3,Chennai,Tamil Nadu,South,,3,Hospital,MCI-10618
HCP-0619,Varenya,Joshi,Cardiologist,B,5,Lucknow,Uttar Pradesh,North,Global Hospital,28,Clinic,MCI-10619
HCP-0620,Gaurangi,Mitter,Consultant_Physician,B,7,Hyderabad,Telangana,South,Wellness Clinic,10,Clinic,MCI-10620
HCP-0621,Alexander,Kakar,Pulmonist,C,6,Mumbai,Maharashtra,West,Aster Medcity,27,Clinic,MCI-10621
HCP-0622,Ranveer,Dalal,Diabetologist,B,3,Pune,Maharashtra,West,Max Healthcare,12,Clinic,MCI-10622
HCP-0623,Varenya,Kibe,Gastroenterologist,B,6,Chennai,Tamil Nadu,South,Artemis Hospital,39,Clinic,MCI-10623
HCP-0624,Samarth,Ranganathan,Pulmonist,B,6,Lucknow,Uttar Pradesh,North,Max Healthcare,22,Clinic,MCI-10624
HCP-0625,Wriddhish,Nagy,Diabetologist,A,1,Delhi,Delhi,North,AIIMS,12,Hospital,MCI-10625
HCP-0626,Barkha,Rai,GP,C,9,Kolkata,West Bengal,East,Narayana Health,13,Clinic,MCI-10626
HCP-0627,Unnati,Walla,Cardiologist,C,8,Hyderabad,Telangana,South,Fortis Hospital,21,Hospital,MCI-10627
HCP-0628,Jagrati,Morar,Consultant_Physician,C,10,Hyderabad,Telangana,South,,35,Phone,MCI-10628
HCP-0629,Advika,Parsa,GP,B,4,Mumbai,Maharashtra,West,Kokilaben Hospital,3,Clinic,MCI-10629
HCP-0630,Yochana,Tank,Cardiologist,B,6,Bengaluru,Karnataka,South,Manipal Hospital,13,Hospital,MCI-10630
HCP-0631,Unnati,Chaudhari,Cardiologist,B,5,Ahmedabad,Gujarat,West,Narayana Health,18,Phone,MCI-10631
HCP-0632,Upasna,Nagarajan,Cardiologist,A,1,Chennai,Tamil Nadu,South,,27,Phone,MCI-10632
HCP-0633,Samar,Prabhakar,GP,C,7,Delhi,Delhi,North,Fortis Hospital,27,WhatsApp,MCI-10633
HCP-0634,Dhriti,Sachdev,GP,B,4,Bengaluru,Karnataka,South,AIIMS,34,Hospital,MCI-10634
HCP-0635,Chakradev,Kant,Consultant_Physician,B,4,Pune,Maharashtra,West,Artemis Hospital,26,Clinic,MCI-10635
HCP-0636,Madhav,Babu,GP,B,8,Delhi,Delhi,North,AIIMS,21,Clinic,MCI-10636
HCP-0637,Advika,Sahni,GP,B,8,Kolkata,West Bengal,East,Kokilaben Hospital,9,WhatsApp,MCI-10637
HCP-0638,Chakrika,Dua,Consultant_Physician,C,10,Chennai,Tamil Nadu,South,Manipal Hospital,31,Clinic,MCI-10638
HCP-0639,Rohan,Narayan,Consultant_Physician,B,5,Mumbai,Maharashtra,West,AIIMS,19,Phone,MCI-10639
HCP-0640,Victor,Raghavan,GP,C,10,Ahmedabad,Gujarat,West,Global Hospital,3,Hospital,MCI-10640
HCP-0641,Yatan,Tata,Diabetologist,B,5,Hyderabad,Telangana,South,,36,Hospital,MCI-10641
HCP-0642,Geetika,Kurian,Gastroenterologist,B,6,Delhi,Delhi,North,,3,Hospital,MCI-10642
HCP-0643,Vrinda,Swaminathan,Diabetologist,C,10,Kolkata,West Bengal,East,Aster Medcity,19,Phone,MCI-10643
HCP-0644,Triveni,Ganguly,GP,B,5,Mumbai,Maharashtra,West,Narayana Health,7,Hospital,MCI-10644
HCP-0645,Indira,Gara,Consultant_Physician,A,5,Delhi,Delhi,North,,19,Phone,MCI-10645
HCP-0646,Logan,Suresh,Pulmonist,B,8,Chennai,Tamil Nadu,South,,11,Phone,MCI-10646
HCP-0647,Qarin,Bhargava,Cardiologist,C,9,Kolkata,West Bengal,East,Apollo Hospital,9,Clinic,MCI-10647
HCP-0648,Bahadurjit,Borde,GP,B,6,Ahmedabad,Gujarat,West,,14,WhatsApp,MCI-10648
HCP-0649,Chanakya,Ahuja,Diabetologist,B,4,Chennai,Tamil Nadu,South,AIIMS,14,Phone,MCI-10649
HCP-0650,Nitara,Devan,Diabetologist,C,9,Mumbai,Maharashtra,West,City Hospital,24,WhatsApp,MCI-10650
HCP-0651,Vihaan,Bir,GP,B,6,Bengaluru,Karnataka,South,Kokilaben Hospital,15,WhatsApp,MCI-10651
HCP-0652,Matthew,Andra,GP,B,6,Jaipur,Rajasthan,North,,15,Hospital,MCI-10652
HCP-0653,Tejas,Tiwari,Pulmonist,B,5,Lucknow,Uttar Pradesh,North,Aster Medcity,18,Phone,MCI-10653
HCP-0654,Tamanna,Prakash,Pulmonist,C,8,Kolkata,West Bengal,East,Aster Medcity,15,Clinic,MCI-10654
HCP-0655,Darpan,Subramanian,Cardiologist,B,5,Chennai,Tamil Nadu,South,Artemis Hospital,17,WhatsApp,MCI-10655
HCP-0656,Vinaya,Babu,Diabetologist,B,3,Chennai,Tamil Nadu,South,Fortis Hospital,22,Clinic,MCI-10656
HCP-0657,Abeer,Wali,Cardiologist,A,1,Mumbai,Maharashtra,West,AIIMS,28,Clinic,MCI-10657
HCP-0658,Nisha,Arora,Pulmonist,C,10,Kochi,Kerala,South,Apollo Hospital,35,Hospital,MCI-10658
HCP-0659,Anay,Wagle,GP,B,7,Chennai,Tamil Nadu,South,,34,Clinic,MCI-10659
HCP-0660,Anvi,Wason,Consultant_Physician,C,9,Bengaluru,Karnataka,South,Care Clinic,33,WhatsApp,MCI-10660
HCP-0661,Bhavini,Badal,Gastroenterologist,B,5,Ahmedabad,Gujarat,West,City Hospital,38,Clinic,MCI-10661
HCP-0662,Yadavi,Sani,Diabetologist,C,8,Bhopal,Madhya Pradesh,West,Care Clinic,5,Clinic,MCI-10662
HCP-0663,Praneel,Chhabra,Gastroenterologist,A,1,Chennai,Tamil Nadu,South,Aster Medcity,36,WhatsApp,MCI-10663
HCP-0664,Gopal,Viswanathan,Consultant_Physician,A,2,Mumbai,Maharashtra,West,,5,Hospital,MCI-10664
HCP-0665,Manthan,Khosla,Pulmonist,C,7,Delhi,Delhi,North,Medanta Hospital,40,Phone,MCI-10665
HCP-0666,Rehaan,Vyas,Gastroenterologist,B,6,Delhi,Delhi,North,,6,Hospital,MCI-10666
HCP-0667,Zayyan,Pandya,Consultant_Physician,B,8,Hyderabad,Telangana,South,City Hospital,26,Clinic,MCI-10667
HCP-0668,Amara,Ranganathan,GP,B,6,Delhi,Delhi,North,Wellness Clinic,34,Clinic,MCI-10668
HCP-0669,Farhan,Prakash,GP,C,7,Pune,Maharashtra,West,City Hospital,27,WhatsApp,MCI-10669
HCP-0670,Nidra,Sharaf,Diabetologist,C,9,Jaipur,Rajasthan,North,Global Hospital,19,Clinic,MCI-10670
HCP-0671,Yagnesh,Kara,Diabetologist,B,5,Kolkata,West Bengal,East,Aster Medcity,9,Clinic,MCI-10671
HCP-0672,Charita,Buch,Consultant_Physician,B,6,Pune,Maharashtra,West,Aster Medcity,8,Clinic,MCI-10672
HCP-0673,Azad,Chander,Cardiologist,C,8,Mumbai,Maharashtra,West,,12,Phone,MCI-10673
HCP-0674,Nidra,Raghavan,Consultant_Physician,B,5,Delhi,Delhi,North,Fortis Hospital,36,Phone,MCI-10674
HCP-0675,Krishna,Soni,Consultant_Physician,B,5,Kolkata,West Bengal,East,Kokilaben Hospital,31,Hospital,MCI-10675
HCP-0676,Daksh,Andra,Pulmonist,B,5,Pune,Maharashtra,West,,27,Hospital,MCI-10676
HCP-0677,Onveer,Butala,Consultant_Physician,B,7,Chennai,Tamil Nadu,South,Fortis Hospital,4,Phone,MCI-10677
HCP-0678,Xalak,Saraf,Cardiologist,C,9,Hyderabad,Telangana,South,Medanta Hospital,28,Clinic,MCI-10678
HCP-0679,Garima,Chandran,Diabetologist,B,5,Kolkata,West Bengal,East,Care Clinic,40,Hospital,MCI-10679
HCP-0680,Brijesh,Karpe,Diabetologist,B,5,Chennai,Tamil Nadu,South,Wellness Clinic,38,Hospital,MCI-10680
HCP-0681,Siddharth,Soman,Cardiologist,B,5,Hyderabad,Telangana,South,Medanta Hospital,31,Hospital,MCI-10681
HCP-0682,Anika,Batra,Pulmonist,B,5,Delhi,Delhi,North,Manipal Hospital,15,WhatsApp,MCI-10682
HCP-0683,Falan,Mand,Pulmonist,B,5,Kolkata,West Bengal,East,,18,Hospital,MCI-10683
HCP-0684,Bachittar,Gola,Consultant_Physician,A,2,Mumbai,Maharashtra,West,Care Clinic,14,Phone,MCI-10684
HCP-0685,Divya,Babu,GP,B,6,Jaipur,Rajasthan,North,Global Hospital,13,Hospital,MCI-10685
HCP-0686,Sarthak,Dhawan,Pulmonist,C,7,Mumbai,Maharashtra,West,Global Hospital,12,Clinic,MCI-10686
HCP-0687,Mitali,Bose,Pulmonist,B,7,Lucknow,Uttar Pradesh,North,Manipal Hospital,34,Phone,MCI-10687
HCP-0688,Chandani,Gaba,Pulmonist,C,7,Ahmedabad,Gujarat,West,Wellness Clinic,34,WhatsApp,MCI-10688
HCP-0689,Wridesh,Ramachandran,Cardiologist,B,3,Delhi,Delhi,North,,10,Hospital,MCI-10689
HCP-0690,Garima,Rajagopalan,Cardiologist,B,8,Chennai,Tamil Nadu,South,AIIMS,12,Hospital,MCI-10690
HCP-0691,Logan,Brar,Pulmonist,C,7,Delhi,Delhi,North,,40,Clinic,MCI-10691
HCP-0692,Xiti,Pal,Gastroenterologist,B,6,Chennai,Tamil Nadu,South,,2,Hospital,MCI-10692
HCP-0693,Chatresh,Chaudhari,Diabetologist,C,9,Kolkata,West Bengal,East,Aster Medcity,40,Phone,MCI-10693
HCP-0694,Rajeshri,Kata,GP,C,7,Kolkata,West Bengal,East,Sunrise Clinic,37,Hospital,MCI-10694
HCP-0695,Faqid,Oak,Consultant_Physician,B,8,Jaipur,Rajasthan,North,Kokilaben Hospital,17,Clinic,MCI-10695
HCP-0696,Mekhala,Narain,Consultant_Physician,B,5,Pune,Maharashtra,West,,5,Phone,MCI-10696
HCP-0697,Ayushman,Mahajan,GP,C,7,Jaipur,Rajasthan,North,Narayana Health,33,Hospital,MCI-10697
HCP-0698,Shravya,Swaminathan,GP,A,3,Kolkata,West Bengal,East,City Hospital,7,Hospital,MCI-10698
HCP-0699,Vedant,Parekh,Consultant_Physician,B,6,Lucknow,Uttar Pradesh,North,Global Hospital,17,Hospital,MCI-10699
HCP-0700,Keya,Sankaran,Gastroenterologist,C,8,Delhi,Delhi,North,City Hospital,7,Hospital,MCI-10700
HCP-0701,Quincy,Rai,GP,B,6,Mumbai,Maharashtra,West,Aster Medcity,29,WhatsApp,MCI-10701
HCP-0702,Frederick,Merchant,Gastroenterologist,A,3,Chennai,Tamil Nadu,South,,23,Clinic,MCI-10702
HCP-0703,Yatin,Borah,Consultant_Physician,B,4,Hyderabad,Telangana,South,,32,WhatsApp,MCI-10703
HCP-0704,Fitan,Loyal,GP,B,5,Jaipur,Rajasthan,North,Narayana Health,38,Hospital,MCI-10704
HCP-0705,Mitesh,Rai,GP,B,6,Kochi,Kerala,South,,3,Hospital,MCI-10705
HCP-0706,Mitesh,Ramachandran,Cardiologist,C,7,Delhi,Delhi,North,AIIMS,10,Phone,MCI-10706
HCP-0707,Edhitha,Patel,GP,B,7,Jaipur,Rajasthan,North,Care Clinic,6,Clinic,MCI-10707
HCP-0708,Hredhaan,Chand,Diabetologist,A,4,Chennai,Tamil Nadu,South,Apollo Hospital,31,Hospital,MCI-10708
HCP-0709,Abdul,Morar,GP,B,6,Bengaluru,Karnataka,South,,35,Clinic,MCI-10709
HCP-0710,Sai,Parsa,Gastroenterologist,C,7,Bhopal,Madhya Pradesh,West,,28,Hospital,MCI-10710
HCP-0711,Anamika,Chaudry,Cardiologist,C,9,Hyderabad,Telangana,South,City Hospital,9,Hospital,MCI-10711
HCP-0712,Kevin,Chahal,Cardiologist,C,8,Chennai,Tamil Nadu,South,Fortis Hospital,22,WhatsApp,MCI-10712
HCP-0713,Rachit,Sankar,Gastroenterologist,B,4,Bhopal,Madhya Pradesh,West,Wellness Clinic,14,Clinic,MCI-10713
HCP-0714,Saumya,Vala,Cardiologist,B,6,Kolkata,West Bengal,East,City Hospital,2,Clinic,MCI-10714
HCP-0715,Nikita,Chauhan,Pulmonist,A,1,Pune,Maharashtra,West,Kokilaben Hospital,18,Clinic,MCI-10715
HCP-0716,Atharv,Chakraborty,Cardiologist,A,2,Mumbai,Maharashtra,West,,3,WhatsApp,MCI-10716
HCP-0717,Irya,Chander,Gastroenterologist,B,8,Bengaluru,Karnataka,South,Manipal Hospital,11,Phone,MCI-10717
HCP-0718,Ekta,Rajan,Diabetologist,B,6,Mumbai,Maharashtra,West,Medanta Hospital,25,Clinic,MCI-10718
HCP-0719,Advik,Manne,Diabetologist,C,8,Pune,Maharashtra,West,Artemis Hospital,11,Clinic,MCI-10719
HCP-0720,Odika,Rama,GP,B,6,Pune,Maharashtra,West,,26,Hospital,MCI-10720
HCP-0721,Frado,Kibe,GP,B,7,Chennai,Tamil Nadu,South,City Hospital,37,Phone,MCI-10721
HCP-0722,Omkaar,Rai,GP,B,6,Delhi,Delhi,North,Artemis Hospital,35,Phone,MCI-10722
HCP-0723,Omkaar,Dewan,Consultant_Physician,B,3,Mumbai,Maharashtra,West,Wellness Clinic,21,Hospital,MCI-10723
HCP-0724,Amruta,Mitra,Pulmonist,B,6,Mumbai,Maharashtra,West,,5,Clinic,MCI-10724
HCP-0725,Amrita,Tailor,Consultant_Physician,B,7,Kolkata,West Bengal,East,Kokilaben Hospital,3,Phone,MCI-10725
HCP-0726,Madhav,Bhatnagar,Diabetologist,B,6,Hyderabad,Telangana,South,Fortis Hospital,28,WhatsApp,MCI-10726
HCP-0727,Oliver,Saran,Diabetologist,A,4,Delhi,Delhi,North,Artemis Hospital,5,Hospital,MCI-10727
HCP-0728,Anya,Sama,Gastroenterologist,C,7,Bengaluru,Karnataka,South,City Hospital,37,Clinic,MCI-10728
HCP-0729,Chandani,Sule,Diabetologist,C,7,Hyderabad,Telangana,South,Global Hospital,27,Clinic,MCI-10729
HCP-0730,Faraj,Patel,Cardiologist,A,2,Hyderabad,Telangana,South,Max Healthcare,3,Phone,MCI-10730
HCP-0731,Zayan,Koshy,Diabetologist,B,3,Kolkata,West Bengal,East,Kokilaben Hospital,6,Phone,MCI-10731
HCP-0732,Warhi,Hayre,GP,C,6,Mumbai,Maharashtra,West,Wellness Clinic,27,Hospital,MCI-10732
HCP-0733,Tanvi,Chhabra,GP,B,4,Mumbai,Maharashtra,West,Artemis Hospital,8,Hospital,MCI-10733
HCP-0734,Krishna,Modi,GP,B,7,Chennai,Tamil Nadu,South,Wellness Clinic,34,Phone,MCI-10734
HCP-0735,Abeer,Randhawa,Cardiologist,A,3,Bengaluru,Karnataka,South,Care Clinic,38,Clinic,MCI-10735
HCP-0736,Gaurangi,Rai,Gastroenterologist,B,7,Chennai,Tamil Nadu,South,,34,Phone,MCI-10736
HCP-0737,Forum,Sarraf,Gastroenterologist,B,6,Mumbai,Maharashtra,West,Fortis Hospital,8,Clinic,MCI-10737
HCP-0738,Gaurika,Sani,Consultant_Physician,B,3,Pune,Maharashtra,West,,12,Clinic,MCI-10738
HCP-0739,Laban,Mital,Cardiologist,B,5,Bengaluru,Karnataka,South,Aster Medcity,24,Phone,MCI-10739
HCP-0740,Ekani,Iyer,Consultant_Physician,A,5,Lucknow,Uttar Pradesh,North,,4,Clinic,MCI-10740
HCP-0741,Varenya,Murthy,Cardiologist,B,5,Jaipur,Rajasthan,North,AIIMS,21,Hospital,MCI-10741
HCP-0742,Peter,Rao,Diabetologist,A,2,Chennai,Tamil Nadu,South,Narayana Health,37,Hospital,MCI-10742
HCP-0743,Eiravati,Manne,Gastroenterologist,B,7,Kolkata,West Bengal,East,,30,Hospital,MCI-10743
HCP-0744,Vritti,Kibe,Pulmonist,B,7,Chennai,Tamil Nadu,South,Fortis Hospital,11,Clinic,MCI-10744
HCP-0745,Eshana,Puri,Consultant_Physician,B,6,Kochi,Kerala,South,Kokilaben Hospital,38,Clinic,MCI-10745
HCP-0746,Avni,Ramaswamy,Diabetologist,A,1,Mumbai,Maharashtra,West,,37,Hospital,MCI-10746
HCP-0747,Janya,Comar,Consultant_Physician,B,3,Jaipur,Rajasthan,North,Medanta Hospital,13,Phone,MCI-10747
HCP-0748,Ryan,Gole,GP,B,6,Bengaluru,Karnataka,South,Sunrise Clinic,24,Hospital,MCI-10748
HCP-0749,Avi,Shenoy,Cardiologist,C,8,Hyderabad,Telangana,South,AIIMS,15,Hospital,MCI-10749
HCP-0750,Shaurya,Sarma,Gastroenterologist,C,9,Chennai,Tamil Nadu,South,Artemis Hospital,17,Clinic,MCI-10750
HCP-0751,Bishakha,Biswas,Consultant_Physician,B,7,Delhi,Delhi,North,,6,Clinic,MCI-10751
HCP-0752,Nilima,Tata,Consultant_Physician,B,5,Ahmedabad,Gujarat,West,Lilavati Hospital,9,Clinic,MCI-10752
HCP-0753,Liam,Mitter,GP,B,8,Mumbai,Maharashtra,West,Kokilaben Hospital,35,Phone,MCI-10753
HCP-0754,Wyatt,Krishnan,Diabetologist,B,8,Mumbai,Maharashtra,West,Sunrise Clinic,32,Clinic,MCI-10754
HCP-0755,Mitesh,Sampath,GP,C,7,Delhi,Delhi,North,,28,Hospital,MCI-10755
HCP-0756,Krishna,Borah,Cardiologist,A,1,Delhi,Delhi,North,,3,WhatsApp,MCI-10756
HCP-0757,Saumya,Srinivas,Diabetologist,B,6,Bengaluru,Karnataka,South,Global Hospital,2,Clinic,MCI-10757
HCP-0758,Nandini,Warrior,Cardiologist,C,9,Kolkata,West Bengal,East,Wellness Clinic,22,Phone,MCI-10758
HCP-0759,Yashawini,Sahota,GP,B,5,Bhopal,Madhya Pradesh,West,Medanta Hospital,11,Phone,MCI-10759
HCP-0760,Balhaar,Parsa,Pulmonist,A,2,Chennai,Tamil Nadu,South,Kokilaben Hospital,18,Clinic,MCI-10760
HCP-0761,Frederick,Chopra,Consultant_Physician,B,6,Chennai,Tamil Nadu,South,Sunrise Clinic,9,Phone,MCI-10761
HCP-0762,Yuvraj,Pant,Cardiologist,B,3,Mumbai,Maharashtra,West,Lilavati Hospital,27,Hospital,MCI-10762
HCP-0763,Ojas,Basu,Gastroenterologist,A,1,Ahmedabad,Gujarat,West,Aster Medcity,34,Hospital,MCI-10763
HCP-0764,Mugdha,Narula,Consultant_Physician,B,5,Chennai,Tamil Nadu,South,Fortis Hospital,29,Clinic,MCI-10764
HCP-0765,Qushi,Cherian,Diabetologist,C,8,Bhopal,Madhya Pradesh,West,Apollo Hospital,33,Hospital,MCI-10765
HCP-0766,Advaith,Chaudhari,GP,B,7,Lucknow,Uttar Pradesh,North,,37,Hospital,MCI-10766
HCP-0767,Aarna,Kapadia,Cardiologist,C,8,Kolkata,West Bengal,East,Aster Medcity,11,WhatsApp,MCI-10767
HCP-0768,Yashvi,Venkataraman,Diabetologist,B,4,Kolkata,West Bengal,East,,17,Clinic,MCI-10768
HCP-0769,Timothy,Sehgal,Consultant_Physician,A,1,Kolkata,West Bengal,East,City Hospital,23,Hospital,MCI-10769
HCP-0770,Kavya,Raman,Consultant_Physician,A,1,Delhi,Delhi,North,Wellness Clinic,34,Clinic,MCI-10770
HCP-0771,Ubika,Tella,Gastroenterologist,C,9,Bengaluru,Karnataka,South,AIIMS,12,Phone,MCI-10771
HCP-0772,Matthew,Pai,Consultant_Physician,C,6,Jaipur,Rajasthan,North,,3,Clinic,MCI-10772
HCP-0773,Aryan,Subramanian,GP,B,5,Delhi,Delhi,North,,25,Hospital,MCI-10773
HCP-0774,Henry,Merchant,Pulmonist,B,6,Jaipur,Rajasthan,North,,24,Phone,MCI-10774
HCP-0775,Ojasvi,Chada,Cardiologist,A,4,Jaipur,Rajasthan,North,Narayana Health,35,WhatsApp,MCI-10775
HCP-0776,Jack,Dhar,Gastroenterologist,B,8,Bengaluru,Karnataka,South,,19,Phone,MCI-10776
HCP-0777,Ijaya,Muni,Consultant_Physician,A,1,Kolkata,West Bengal,East,Manipal Hospital,23,Clinic,MCI-10777
HCP-0778,Hemal,Shah,GP,C,7,Chennai,Tamil Nadu,South,Global Hospital,28,Clinic,MCI-10778
HCP-0779,Samuel,Verma,Diabetologist,A,1,Delhi,Delhi,North,,9,Phone,MCI-10779
HCP-0780,Vasudha,Pall,Consultant_Physician,B,5,Mumbai,Maharashtra,West,Max Healthcare,34,Phone,MCI-10780
HCP-0781,Vamakshi,Chatterjee,Diabetologist,B,5,Jaipur,Rajasthan,North,AIIMS,8,Hospital,MCI-10781
HCP-0782,Raksha,Sethi,Cardiologist,B,8,Delhi,Delhi,North,,14,Phone,MCI-10782
HCP-0783,Eiravati,Bhavsar,Gastroenterologist,B,6,Chennai,Tamil Nadu,South,Apollo Hospital,40,Phone,MCI-10783
HCP-0784,Charita,Basu,Consultant_Physician,C,7,Delhi,Delhi,North,Narayana Health,24,Phone,MCI-10784
HCP-0785,Ishwar,Bajaj,GP,A,1,Delhi,Delhi,North,Lilavati Hospital,7,Phone,MCI-10785
HCP-0786,Hemal,Chopra,Cardiologist,B,5,Bengaluru,Karnataka,South,Lilavati Hospital,39,Hospital,MCI-10786
HCP-0787,Nitesh,Kohli,Consultant_Physician,A,3,Pune,Maharashtra,West,Lilavati Hospital,39,Hospital,MCI-10787
HCP-0788,Zaitra,Ghosh,Cardiologist,C,8,Bengaluru,Karnataka,South,Sunrise Clinic,37,Hospital,MCI-10788
HCP-0789,Nathaniel,Narayanan,GP,A,4,Pune,Maharashtra,West,,6,Clinic,MCI-10789
HCP-0790,Pooja,Shere,GP,C,9,Jaipur,Rajasthan,North,Aster Medcity,40,Clinic,MCI-10790
HCP-0791,Vincent,Ravel,Pulmonist,B,7,Bengaluru,Karnataka,South,Sunrise Clinic,13,Phone,MCI-10791
HCP-0792,Qarin,Grewal,Diabetologist,C,10,Mumbai,Maharashtra,West,Medanta Hospital,14,Phone,MCI-10792
HCP-0793,Rachana,Randhawa,GP,B,6,Kochi,Kerala,South,,35,WhatsApp,MCI-10793
HCP-0794,Ayush,Hora,Cardiologist,B,8,Kochi,Kerala,South,City Hospital,16,Hospital,MCI-10794
HCP-0795,Shivani,Sanghvi,Consultant_Physician,B,6,Ahmedabad,Gujarat,West,Global Hospital,30,Clinic,MCI-10795
HCP-0796,Lopa,Agrawal,Consultant_Physician,B,4,Mumbai,Maharashtra,West,Apollo Hospital,4,Hospital,MCI-10796
HCP-0797,Tanish,Jha,Consultant_Physician,A,2,Jaipur,Rajasthan,North,Manipal Hospital,24,Phone,MCI-10797
HCP-0798,Arya,Bhatnagar,GP,B,8,Mumbai,Maharashtra,West,Sunrise Clinic,27,Phone,MCI-10798
HCP-0799,Harsh,Yadav,Gastroenterologist,B,7,Lucknow,Uttar Pradesh,North,Global Hospital,22,Clinic,MCI-10799
HCP-0800,Rachit,Pau,Gastroenterologist,C,10,Jaipur,Rajasthan,North,Max Healthcare,34,Hospital,MCI-10800
HCP-0801,Eshana,Hegde,Diabetologist,B,5,Bhopal,Madhya Pradesh,West,Wellness Clinic,19,Clinic,MCI-10801
HCP-0802,Tanvi,Comar,Diabetologist,A,1,Jaipur,Rajasthan,North,Manipal Hospital,21,Phone,MCI-10802
HCP-0803,Adweta,Suri,Consultant_Physician,B,6,Delhi,Delhi,North,,31,Hospital,MCI-10803
HCP-0804,Dhriti,Rama,GP,C,9,Bhopal,Madhya Pradesh,West,Medanta Hospital,38,Hospital,MCI-10804
HCP-0805,Manya,Comar,Consultant_Physician,A,1,Bengaluru,Karnataka,South,Apollo Hospital,17,Hospital,MCI-10805
HCP-0806,Ijaya,Pandey,Pulmonist,B,3,Pune,Maharashtra,West,Lilavati Hospital,16,Phone,MCI-10806
HCP-0807,Tanvi,Gera,Cardiologist,C,8,Chennai,Tamil Nadu,South,Manipal Hospital,8,Hospital,MCI-10807
HCP-0808,Chameli,Chad,GP,B,6,Lucknow,Uttar Pradesh,North,Global Hospital,6,Clinic,MCI-10808
HCP-0809,Krish,Munshi,Cardiologist,A,1,Ahmedabad,Gujarat,West,AIIMS,14,WhatsApp,MCI-10809
HCP-0810,Jacob,Khare,Consultant_Physician,C,9,Lucknow,Uttar Pradesh,North,,10,Phone,MCI-10810
HCP-0811,Dalaja,Dada,Diabetologist,C,8,Kolkata,West Bengal,East,Aster Medcity,25,Clinic,MCI-10811
HCP-0812,Qadim,Prakash,Pulmonist,B,6,Delhi,Delhi,North,Manipal Hospital,10,Clinic,MCI-10812
HCP-0813,Lohit,Vaidya,Cardiologist,B,3,Hyderabad,Telangana,South,,26,Clinic,MCI-10813
HCP-0814,Lipika,Sahota,Consultant_Physician,B,8,Hyderabad,Telangana,South,,20,Hospital,MCI-10814
HCP-0815,Lakshit,Rajagopal,GP,B,6,Hyderabad,Telangana,South,,28,Phone,MCI-10815
HCP-0816,Pallavi,Grewal,GP,C,7,Mumbai,Maharashtra,West,,24,Clinic,MCI-10816
HCP-0817,Vidhi,Yogi,Pulmonist,C,8,Mumbai,Maharashtra,West,Medanta Hospital,15,Clinic,MCI-10817
HCP-0818,Oscar,Ganesan,Consultant_Physician,A,4,Jaipur,Rajasthan,North,Lilavati Hospital,11,Hospital,MCI-10818
HCP-0819,Vrishti,Mani,Diabetologist,B,5,Pune,Maharashtra,West,,18,Clinic,MCI-10819
HCP-0820,Logan,Grover,Consultant_Physician,B,7,Hyderabad,Telangana,South,Kokilaben Hospital,40,Hospital,MCI-10820
HCP-0821,Divya,Seshadri,Cardiologist,C,7,Lucknow,Uttar Pradesh,North,Manipal Hospital,28,Hospital,MCI-10821
HCP-0822,Chatresh,Parmer,Pulmonist,C,10,Mumbai,Maharashtra,West,Lilavati Hospital,26,Clinic,MCI-10822
HCP-0823,Aditya,Sundaram,Diabetologist,B,3,Delhi,Delhi,North,Aster Medcity,6,Clinic,MCI-10823
HCP-0824,Laban,Hayer,GP,A,5,Hyderabad,Telangana,South,Wellness Clinic,15,Hospital,MCI-10824
HCP-0825,Leena,Tiwari,GP,C,9,Mumbai,Maharashtra,West,Fortis Hospital,19,Hospital,MCI-10825
HCP-0826,Warda,Rege,Gastroenterologist,A,1,Bhopal,Madhya Pradesh,West,Lilavati Hospital,20,Clinic,MCI-10826
HCP-0827,Vyanjana,Sagar,Cardiologist,B,6,Pune,Maharashtra,West,Kokilaben Hospital,22,Phone,MCI-10827
HCP-0828,Sachi,Suresh,Consultant_Physician,A,3,Bengaluru,Karnataka,South,Manipal Hospital,17,Phone,MCI-10828
HCP-0829,Oliver,Butala,Diabetologist,A,3,Chennai,Tamil Nadu,South,Care Clinic,33,Clinic,MCI-10829
HCP-0830,Azaan,Kannan,GP,C,10,Mumbai,Maharashtra,West,Aster Medcity,25,Hospital,MCI-10830
HCP-0831,Brinda,Bali,Consultant_Physician,B,6,Chennai,Tamil Nadu,South,,28,Hospital,MCI-10831
HCP-0832,Anvi,Kar,GP,C,10,Kolkata,West Bengal,East,Lilavati Hospital,28,Hospital,MCI-10832
HCP-0833,Bhavya,Ganguly,Cardiologist,B,5,Pune,Maharashtra,West,,21,Clinic,MCI-10833
HCP-0834,Tanvi,Tandon,Consultant_Physician,B,4,Chennai,Tamil Nadu,South,Medanta Hospital,5,Hospital,MCI-10834
HCP-0835,Yasti,Chowdhury,GP,B,5,Hyderabad,Telangana,South,Lilavati Hospital,17,Clinic,MCI-10835
HCP-0836,Ishaan,Loyal,Diabetologist,B,5,Bengaluru,Karnataka,South,Narayana Health,23,Clinic,MCI-10836
HCP-0837,Jeevika,Barman,Diabetologist,B,5,Pune,Maharashtra,West,,35,Hospital,MCI-10837
HCP-0838,Ridhi,Kamdar,GP,C,10,Pune,Maharashtra,West,Wellness Clinic,13,Phone,MCI-10838
HCP-0839,Pavani,Chaudry,Diabetologist,B,4,Hyderabad,Telangana,South,Kokilaben Hospital,4,Clinic,MCI-10839
HCP-0840,Yug,Mishra,GP,B,4,Hyderabad,Telangana,South,Global Hospital,6,Clinic,MCI-10840
HCP-0841,Bachittar,Sengupta,Cardiologist,B,8,Pune,Maharashtra,West,,18,Clinic,MCI-10841
HCP-0842,Adya,Pall,GP,A,4,Pune,Maharashtra,West,Kokilaben Hospital,7,Clinic,MCI-10842
HCP-0843,Gagan,Sarna,Gastroenterologist,C,10,Mumbai,Maharashtra,West,Manipal Hospital,30,Clinic,MCI-10843
HCP-0844,Jacob,Khalsa,Cardiologist,C,7,Delhi,Delhi,North,Medanta Hospital,24,Hospital,MCI-10844
HCP-0845,Shaurya,Panchal,Cardiologist,C,9,Mumbai,Maharashtra,West,Global Hospital,20,Phone,MCI-10845
HCP-0846,Priya,Gandhi,Diabetologist,B,6,Bhopal,Madhya Pradesh,West,,20,Clinic,MCI-10846
HCP-0847,Liam,Jhaveri,Cardiologist,B,5,Delhi,Delhi,North,Manipal Hospital,5,Clinic,MCI-10847
HCP-0848,Samuel,Bhargava,Gastroenterologist,B,7,Bhopal,Madhya Pradesh,West,,22,Phone,MCI-10848
HCP-0849,Indali,Walia,Gastroenterologist,B,7,Pune,Maharashtra,West,,14,Clinic,MCI-10849
HCP-0850,Avni,Yohannan,Diabetologist,B,4,Delhi,Delhi,North,Lilavati Hospital,19,WhatsApp,MCI-10850
HCP-0851,Om,Naik,Gastroenterologist,C,8,Bengaluru,Karnataka,South,Fortis Hospital,40,Clinic,MCI-10851
HCP-0852,Brinda,Mann,GP,B,6,Kolkata,West Bengal,East,,24,Clinic,MCI-10852
HCP-0853,Amara,Varkey,Cardiologist,A,2,Kolkata,West Bengal,East,,3,Clinic,MCI-10853
HCP-0854,Girish,Deshmukh,Pulmonist,B,4,Hyderabad,Telangana,South,Manipal Hospital,7,Clinic,MCI-10854
HCP-0855,Nisha,Bhargava,Diabetologist,B,3,Kolkata,West Bengal,East,Medanta Hospital,16,Clinic,MCI-10855
HCP-0856,Aradhana,Date,Gastroenterologist,B,6,Lucknow,Uttar Pradesh,North,Lilavati Hospital,6,Phone,MCI-10856
HCP-0857,Kevin,Krish,Consultant_Physician,C,8,Kochi,Kerala,South,,5,Hospital,MCI-10857
HCP-0858,Madhav,Nagy,Consultant_Physician,B,5,Chennai,Tamil Nadu,South,Fortis Hospital,13,Clinic,MCI-10858
HCP-0859,Yug,Ramaswamy,Pulmonist,B,5,Ahmedabad,Gujarat,West,Apollo Hospital,5,Clinic,MCI-10859
HCP-0860,Vrishti,Dhar,Consultant_Physician,B,6,Ahmedabad,Gujarat,West,Narayana Health,17,Hospital,MCI-10860
HCP-0861,Amruta,Sachdeva,Cardiologist,A,1,Mumbai,Maharashtra,West,Aster Medcity,19,Clinic,MCI-10861
HCP-0862,Keya,Seth,Pulmonist,B,6,Bhopal,Madhya Pradesh,West,,35,Clinic,MCI-10862
HCP-0863,Faqid,Chander,Pulmonist,B,6,Pune,Maharashtra,West,Fortis Hospital,11,Clinic,MCI-10863
HCP-0864,Neha,Varma,Cardiologist,B,4,Pune,Maharashtra,West,Medanta Hospital,16,Clinic,MCI-10864
HCP-0865,Arunima,Pillay,Gastroenterologist,B,4,Mumbai,Maharashtra,West,,13,Hospital,MCI-10865
HCP-0866,Suhani,Sura,Pulmonist,A,1,Bengaluru,Karnataka,South,Lilavati Hospital,36,Clinic,MCI-10866
HCP-0867,Falak,Agate,Gastroenterologist,C,9,Kochi,Kerala,South,,3,Hospital,MCI-10867
HCP-0868,Girik,Shanker,Diabetologist,A,2,Delhi,Delhi,North,Sunrise Clinic,38,Hospital,MCI-10868
HCP-0869,Ishita,Bhatnagar,Gastroenterologist,C,10,Hyderabad,Telangana,South,,20,Phone,MCI-10869
HCP-0870,Mitali,Kamdar,GP,A,2,Kolkata,West Bengal,East,Max Healthcare,23,Clinic,MCI-10870
HCP-0871,Pushti,Kakar,Cardiologist,B,3,Jaipur,Rajasthan,North,Aster Medcity,9,Hospital,MCI-10871
HCP-0872,Warda,Loyal,Cardiologist,C,7,Delhi,Delhi,North,Aster Medcity,3,Hospital,MCI-10872
HCP-0873,Ekantika,Mander,Consultant_Physician,C,9,Delhi,Delhi,North,,37,Phone,MCI-10873
HCP-0874,Geetika,De,Cardiologist,B,5,Pune,Maharashtra,West,,34,Phone,MCI-10874
HCP-0875,Vedhika,Oza,Gastroenterologist,C,8,Kolkata,West Bengal,East,,16,Hospital,MCI-10875
HCP-0876,Chanakya,Batra,Diabetologist,B,7,Chennai,Tamil Nadu,South,Artemis Hospital,30,Hospital,MCI-10876
HCP-0877,Hardik,Sharaf,Pulmonist,C,8,Mumbai,Maharashtra,West,Global Hospital,37,Clinic,MCI-10877
HCP-0878,Amol,Dash,Consultant_Physician,A,1,Hyderabad,Telangana,South,Aster Medcity,11,Hospital,MCI-10878
HCP-0879,Nakul,Sastry,Consultant_Physician,B,6,Chennai,Tamil Nadu,South,Fortis Hospital,6,Hospital,MCI-10879
HCP-0880,Tanmayi,Acharya,Diabetologist,C,8,Pune,Maharashtra,West,Global Hospital,2,Phone,MCI-10880
HCP-0881,Priya,Jain,Gastroenterologist,A,3,Mumbai,Maharashtra,West,Kokilaben Hospital,40,Hospital,MCI-10881
HCP-0882,Kevin,Mittal,Gastroenterologist,A,5,Mumbai,Maharashtra,West,Artemis Hospital,8,Clinic,MCI-10882
HCP-0883,Nathan,Mahal,Cardiologist,A,2,Delhi,Delhi,North,City Hospital,34,Clinic,MCI-10883
HCP-0884,Girik,Patel,Consultant_Physician,A,5,Hyderabad,Telangana,South,Fortis Hospital,28,Phone,MCI-10884
HCP-0885,Zashil,Butala,Pulmonist,C,9,Kolkata,West Bengal,East,,32,Phone,MCI-10885
HCP-0886,Kamya,Gandhi,Cardiologist,A,2,Pune,Maharashtra,West,Medanta Hospital,36,Clinic,MCI-10886
HCP-0887,Charles,Randhawa,Pulmonist,C,8,Kolkata,West Bengal,East,Max Healthcare,7,Hospital,MCI-10887
HCP-0888,Dalaja,Kaur,Gastroenterologist,C,8,Pune,Maharashtra,West,Apollo Hospital,26,Clinic,MCI-10888
HCP-0889,Pushti,Chand,Pulmonist,B,7,Delhi,Delhi,North,Care Clinic,9,Clinic,MCI-10889
HCP-0890,Girish,Agarwal,GP,B,6,Jaipur,Rajasthan,North,Narayana Health,17,WhatsApp,MCI-10890
HCP-0891,Tanay,Sood,GP,A,1,Kolkata,West Bengal,East,Narayana Health,29,Phone,MCI-10891
HCP-0892,Faras,Deo,Cardiologist,A,3,Kolkata,West Bengal,East,Aster Medcity,15,Hospital,MCI-10892
HCP-0893,Upkaar,Venkataraman,GP,A,3,Delhi,Delhi,North,,20,Clinic,MCI-10893
HCP-0894,Sai,Andra,Diabetologist,B,5,Hyderabad,Telangana,South,City Hospital,23,Clinic,MCI-10894
HCP-0895,Abhiram,Oza,Gastroenterologist,C,7,Hyderabad,Telangana,South,Sunrise Clinic,36,Phone,MCI-10895
HCP-0896,Jai,Sami,Gastroenterologist,B,5,Hyderabad,Telangana,South,Lilavati Hospital,30,Clinic,MCI-10896
HCP-0897,Kevin,Sridhar,Consultant_Physician,B,6,Ahmedabad,Gujarat,West,Medanta Hospital,15,Phone,MCI-10897
HCP-0898,Ekavir,Karnik,Diabetologist,C,7,Chennai,Tamil Nadu,South,Aster Medcity,23,Hospital,MCI-10898
HCP-0899,Leela,Chakraborty,Cardiologist,C,10,Pune,Maharashtra,West,Apollo Hospital,25,Phone,MCI-10899
HCP-0900,Harsh,Chauhan,Pulmonist,B,5,Lucknow,Uttar Pradesh,North,Care Clinic,23,WhatsApp,MCI-10900
HCP-0901,Dhriti,Pillai,GP,B,7,Hyderabad,Telangana,South,Medanta Hospital,32,Hospital,MCI-10901
HCP-0902,Chandani,Devan,Gastroenterologist,A,2,Hyderabad,Telangana,South,Narayana Health,30,WhatsApp,MCI-10902
HCP-0903,Lavanya,Deol,Pulmonist,C,9,Ahmedabad,Gujarat,West,,33,Clinic,MCI-10903
HCP-0904,Luke,Biswas,Consultant_Physician,B,8,Delhi,Delhi,North,AIIMS,8,Phone,MCI-10904
HCP-0905,Abhiram,Gala,Gastroenterologist,B,4,Kolkata,West Bengal,East,,21,Clinic,MCI-10905
HCP-0906,Ria,Panchal,GP,B,4,Hyderabad,Telangana,South,Narayana Health,18,Clinic,MCI-10906
HCP-0907,Tanay,Doshi,Cardiologist,B,8,Delhi,Delhi,North,Wellness Clinic,29,Hospital,MCI-10907
HCP-0908,Nisha,Savant,Gastroenterologist,B,6,Delhi,Delhi,North,Max Healthcare,14,Clinic,MCI-10908
HCP-0909,Teerth,Chadha,Consultant_Physician,C,9,Delhi,Delhi,North,AIIMS,39,Phone,MCI-10909
HCP-0910,Harish,Dey,Gastroenterologist,B,5,Lucknow,Uttar Pradesh,North,Aster Medcity,30,WhatsApp,MCI-10910
HCP-0911,Jatin,Rajagopalan,Consultant_Physician,C,9,Mumbai,Maharashtra,West,Care Clinic,34,Clinic,MCI-10911
HCP-0912,Indali,Sanghvi,Consultant_Physician,A,2,Hyderabad,Telangana,South,Max Healthcare,21,Hospital,MCI-10912
HCP-0913,Divya,Dey,Diabetologist,C,7,Bhopal,Madhya Pradesh,West,Artemis Hospital,36,Clinic,MCI-10913
HCP-0914,Yug,Malhotra,GP,B,3,Ahmedabad,Gujarat,West,,14,Clinic,MCI-10914
HCP-0915,Frado,Kothari,Diabetologist,A,5,Hyderabad,Telangana,South,Aster Medcity,24,Phone,MCI-10915
HCP-0916,Bhavani,Bala,Gastroenterologist,B,5,Delhi,Delhi,North,Fortis Hospital,27,Clinic,MCI-10916
HCP-0917,Charvi,Jha,GP,B,3,Delhi,Delhi,North,Narayana Health,20,Phone,MCI-10917
HCP-0918,Zarna,Upadhyay,Diabetologist,A,1,Jaipur,Rajasthan,North,,18,Clinic,MCI-10918
HCP-0919,Ranbir,Ramanathan,GP,A,4,Jaipur,Rajasthan,North,Medanta Hospital,37,Phone,MCI-10919
HCP-0920,Chakrika,Bhagat,GP,B,8,Jaipur,Rajasthan,North,,15,Hospital,MCI-10920
HCP-0921,Wriddhish,Talwar,Cardiologist,C,8,Delhi,Delhi,North,Apollo Hospital,14,Phone,MCI-10921
HCP-0922,Libni,Chowdhury,Gastroenterologist,B,6,Lucknow,Uttar Pradesh,North,,24,Phone,MCI-10922
HCP-0923,Wridesh,Tata,Diabetologist,C,6,Lucknow,Uttar Pradesh,North,Care Clinic,21,Clinic,MCI-10923
HCP-0924,Ekavir,Wable,Gastroenterologist,B,5,Pune,Maharashtra,West,,3,Clinic,MCI-10924
HCP-0925,Advik,Patel,Gastroenterologist,C,8,Delhi,Delhi,North,Manipal Hospital,3,WhatsApp,MCI-10925
HCP-0926,Edhitha,Deo,Pulmonist,A,4,Delhi,Delhi,North,Manipal Hospital,34,Clinic,MCI-10926
HCP-0927,Lila,Salvi,Cardiologist,C,10,Mumbai,Maharashtra,West,,4,Clinic,MCI-10927
HCP-0928,Jasmit,Gera,Cardiologist,B,5,Kochi,Kerala,South,Artemis Hospital,13,Clinic,MCI-10928
HCP-0929,Urishilla,Bora,GP,B,5,Chennai,Tamil Nadu,South,Max Healthcare,8,Hospital,MCI-10929
HCP-0930,Anay,Bir,GP,B,7,Bengaluru,Karnataka,South,,24,Phone,MCI-10930
HCP-0931,Akshay,Lala,GP,A,1,Kochi,Kerala,South,Care Clinic,12,Hospital,MCI-10931
HCP-0932,Tanveer,Baral,GP,A,1,Ahmedabad,Gujarat,West,,27,Phone,MCI-10932
HCP-0933,Darpan,Rao,GP,B,6,Kolkata,West Bengal,East,Narayana Health,19,Phone,MCI-10933
HCP-0934,Yashawini,Mangat,Cardiologist,B,5,Mumbai,Maharashtra,West,Fortis Hospital,11,Phone,MCI-10934
HCP-0935,Yachana,Sagar,Consultant_Physician,C,7,Kolkata,West Bengal,East,,11,Clinic,MCI-10935
HCP-0936,Pallavi,Ratti,Cardiologist,C,6,Delhi,Delhi,North,,29,Hospital,MCI-10936
HCP-0937,Fitan,Yadav,Cardiologist,A,3,Kolkata,West Bengal,East,Medanta Hospital,37,Hospital,MCI-10937
HCP-0938,Michael,Mall,Cardiologist,B,5,Delhi,Delhi,North,Apollo Hospital,3,Hospital,MCI-10938
HCP-0939,Fiyaz,Mukherjee,GP,C,9,Hyderabad,Telangana,South,Max Healthcare,18,WhatsApp,MCI-10939
HCP-0940,Farhan,Vaidya,Consultant_Physician,C,9,Delhi,Delhi,North,,21,Clinic,MCI-10940
HCP-0941,Samar,Dugal,Pulmonist,B,3,Lucknow,Uttar Pradesh,North,Care Clinic,20,Hospital,MCI-10941
HCP-0942,Eta,Raman,Consultant_Physician,B,6,Kolkata,West Bengal,East,Kokilaben Hospital,10,Clinic,MCI-10942
HCP-0943,Dominic,Mukherjee,Gastroenterologist,A,1,Bengaluru,Karnataka,South,Apollo Hospital,11,Phone,MCI-10943
HCP-0944,Rajeshri,Khare,GP,A,3,Delhi,Delhi,North,,11,Clinic,MCI-10944
HCP-0945,Dalbir,Konda,Gastroenterologist,C,10,Pune,Maharashtra,West,AIIMS,30,Clinic,MCI-10945
HCP-0946,Gabriel,Saraf,Gastroenterologist,C,7,Mumbai,Maharashtra,West,,14,Clinic,MCI-10946
HCP-0947,Jack,Setty,Pulmonist,B,8,Delhi,Delhi,North,Wellness Clinic,25,Clinic,MCI-10947
HCP-0948,Christopher,More,Gastroenterologist,A,2,Chennai,Tamil Nadu,South,Wellness Clinic,12,Clinic,MCI-10948
HCP-0949,Parth,Dar,Cardiologist,C,9,Chennai,Tamil Nadu,South,Global Hospital,25,Hospital,MCI-10949
HCP-0950,Advik,Devan,GP,C,7,Bengaluru,Karnataka,South,Lilavati Hospital,36,Hospital,MCI-10950
HCP-0951,Advay,Gade,Cardiologist,C,9,Kolkata,West Bengal,East,Narayana Health,13,Hospital,MCI-10951
HCP-0952,Watika,Palan,Diabetologist,B,3,Pune,Maharashtra,West,,20,Clinic,MCI-10952
HCP-0953,Zansi,Lad,Pulmonist,C,6,Mumbai,Maharashtra,West,Apollo Hospital,10,Clinic,MCI-10953
HCP-0954,Ojas,Prabhu,GP,A,2,Bengaluru,Karnataka,South,Lilavati Hospital,32,Phone,MCI-10954
HCP-0955,Jonathan,Luthra,Cardiologist,B,5,Chennai,Tamil Nadu,South,Narayana Health,14,Hospital,MCI-10955
HCP-0956,Jacob,Balan,GP,B,6,Bengaluru,Karnataka,South,,36,Clinic,MCI-10956
HCP-0957,Gautami,Sanghvi,GP,C,10,Pune,Maharashtra,West,Kokilaben Hospital,22,Hospital,MCI-10957
HCP-0958,Anita,Viswanathan,GP,C,6,Mumbai,Maharashtra,West,Artemis Hospital,25,Clinic,MCI-10958
HCP-0959,Devansh,Lall,Consultant_Physician,B,6,Delhi,Delhi,North,,13,Clinic,MCI-10959
HCP-0960,Faraj,Taneja,GP,A,1,Bengaluru,Karnataka,South,Apollo Hospital,29,Phone,MCI-10960
HCP-0961,Tamanna,Vaidya,Diabetologist,B,4,Jaipur,Rajasthan,North,Lilavati Hospital,24,Hospital,MCI-10961
HCP-0962,Jagvi,Bhakta,Diabetologist,B,4,Bengaluru,Karnataka,South,,16,Hospital,MCI-10962
HCP-0963,Xalak,Ganesan,Gastroenterologist,C,8,Mumbai,Maharashtra,West,Narayana Health,12,Clinic,MCI-10963
HCP-0964,Jhalak,Dugar,GP,B,3,Hyderabad,Telangana,South,Apollo Hospital,27,Hospital,MCI-10964
HCP-0965,Aadhya,Chauhan,Consultant_Physician,C,8,Chennai,Tamil Nadu,South,,29,Clinic,MCI-10965
HCP-0966,Jack,Kari,GP,B,7,Mumbai,Maharashtra,West,Lilavati Hospital,3,Clinic,MCI-10966
HCP-0967,Yashodhara,Agate,Pulmonist,B,6,Hyderabad,Telangana,South,,23,Hospital,MCI-10967
HCP-0968,Chaitanya,Arora,GP,C,7,Chennai,Tamil Nadu,South,Sunrise Clinic,31,Phone,MCI-10968
HCP-0969,Yash,Batra,GP,C,6,Delhi,Delhi,North,Narayana Health,6,Phone,MCI-10969
HCP-0970,Urmi,Patla,Consultant_Physician,B,3,Bengaluru,Karnataka,South,,19,Clinic,MCI-10970
HCP-0971,Leela,Doctor,Diabetologist,B,5,Ahmedabad,Gujarat,West,Medanta Hospital,35,Clinic,MCI-10971
HCP-0972,Praneel,Banik,Gastroenterologist,C,7,Bengaluru,Karnataka,South,Lilavati Hospital,22,Hospital,MCI-10972
HCP-0973,Oni,Kapur,Cardiologist,B,5,Bhopal,Madhya Pradesh,West,Lilavati Hospital,8,Clinic,MCI-10973
HCP-0974,Ekanta,Kothari,Cardiologist,B,6,Delhi,Delhi,North,,13,Clinic,MCI-10974
HCP-0975,Omaja,Nagarajan,Cardiologist,B,5,Chennai,Tamil Nadu,South,,31,Phone,MCI-10975
HCP-0976,Anika,Brahmbhatt,Diabetologist,A,2,Jaipur,Rajasthan,North,AIIMS,22,WhatsApp,MCI-10976
HCP-0977,Kashish,Dar,Diabetologist,B,4,Delhi,Delhi,North,Manipal Hospital,2,Hospital,MCI-10977
HCP-0978,Yadavi,Ben,GP,C,7,Jaipur,Rajasthan,North,Apollo Hospital,13,Hospital,MCI-10978
HCP-0979,Praneel,Kapoor,GP,B,7,Kolkata,West Bengal,East,Narayana Health,2,Clinic,MCI-10979
HCP-0980,Zaitra,Batra,GP,B,5,Lucknow,Uttar Pradesh,North,Fortis Hospital,16,WhatsApp,MCI-10980
HCP-0981,Nandini,Biswas,Cardiologist,C,9,Pune,Maharashtra,West,,3,Hospital,MCI-10981
HCP-0982,Udyati,Mandal,Consultant_Physician,B,6,Delhi,Delhi,North,Artemis Hospital,38,Clinic,MCI-10982
HCP-0983,Deepa,Narang,Pulmonist,C,10,Bengaluru,Karnataka,South,Sunrise Clinic,26,Clinic,MCI-10983
HCP-0984,Gabriel,Shan,Consultant_Physician,C,10,Kolkata,West Bengal,East,Apollo Hospital,40,Clinic,MCI-10984
HCP-0985,Abhiram,Pillay,Diabetologist,B,8,Lucknow,Uttar Pradesh,North,,10,Phone,MCI-10985
HCP-0986,Sai,Manne,Cardiologist,B,6,Kolkata,West Bengal,East,Global Hospital,38,Phone,MCI-10986
HCP-0987,Daksha,Kibe,Cardiologist,B,4,Bengaluru,Karnataka,South,Max Healthcare,16,Clinic,MCI-10987
HCP-0988,Ucchal,Pillay,Gastroenterologist,C,10,Ahmedabad,Gujarat,West,Medanta Hospital,29,Clinic,MCI-10988
HCP-0989,Wakeeta,Hayre,GP,A,2,Bengaluru,Karnataka,South,,27,WhatsApp,MCI-10989
HCP-0990,Yatan,Dora,Gastroenterologist,B,3,Delhi,Delhi,North,Wellness Clinic,17,Hospital,MCI-10990
HCP-0991,Abeer,Rout,Consultant_Physician,C,10,Delhi,Delhi,North,,12,WhatsApp,MCI-10991
HCP-0992,Arjun,Kaul,Cardiologist,B,5,Hyderabad,Telangana,South,Wellness Clinic,28,Clinic,MCI-10992
HCP-0993,Hiral,Andra,Pulmonist,B,4,Delhi,Delhi,North,Aster Medcity,8,Clinic,MCI-10993
HCP-0994,Gautami,Agarwal,Gastroenterologist,C,10,Chennai,Tamil Nadu,South,City Hospital,23,Hospital,MCI-10994
HCP-0995,Krisha,Mohanty,Gastroenterologist,B,8,Hyderabad,Telangana,South,Sunrise Clinic,40,Clinic,MCI-10995
HCP-0996,Hemang,Jha,Gastroenterologist,B,6,Mumbai,Maharashtra,West,,31,Phone,MCI-10996
HCP-0997,Wazir,Saini,GP,A,2,Kolkata,West Bengal,East,,23,Clinic,MCI-10997
HCP-0998,Vyanjana,Bhasin,GP,B,7,Kochi,Kerala,South,Aster Medcity,30,Clinic,MCI-10998
HCP-0999,Lucky,Mammen,Cardiologist,C,10,Chennai,Tamil Nadu,South,Lilavati Hospital,26,Clinic,MCI-10999
HCP-1000,Girik,Bassi,Diabetologist,B,7,Ahmedabad,Gujarat,West,,39,Hospital,MCI-11000
HCP-1001,Vincent,Venkatesh,GP,B,6,Hyderabad,Telangana,South,Global Hospital,3,Phone,MCI-11001
HCP-1002,Nitara,Pradhan,Cardiologist,C,9,Mumbai,Maharashtra,West,,13,Clinic,MCI-11002
HCP-1003,Tara,Chad,Consultant_Physician,B,6,Delhi,Delhi,North,AIIMS,33,Hospital,MCI-11003
HCP-1004,Girish,Tiwari,Pulmonist,C,10,Delhi,Delhi,North,Artemis Hospital,38,Clinic,MCI-11004
HCP-1005,Kiaan,Ramesh,Consultant_Physician,B,5,Hyderabad,Telangana,South,,5,Clinic,MCI-11005
HCP-1006,Falan,Bhatia,Pulmonist,B,6,Pune,Maharashtra,West,,31,Clinic,MCI-11006
HCP-1007,Radhika,De,Consultant_Physician,C,9,Delhi,Delhi,North,Care Clinic,32,Clinic,MCI-11007
HCP-1008,Warjas,Manne,Cardiologist,B,6,Mumbai,Maharashtra,West,Kokilaben Hospital,11,Clinic,MCI-11008
HCP-1009,Advika,Murty,Diabetologist,A,1,Jaipur,Rajasthan,North,,24,Hospital,MCI-11009
HCP-1010,Maya,Narain,GP,C,9,Delhi,Delhi,North,Apollo Hospital,22,Clinic,MCI-11010
HCP-1011,Eesha,Sethi,Gastroenterologist,A,3,Ahmedabad,Gujarat,West,Medanta Hospital,31,Clinic,MCI-11011
HCP-1012,Anita,Kaur,Consultant_Physician,A,5,Bengaluru,Karnataka,South,,7,Hospital,MCI-11012
HCP-1013,Falan,Jain,Pulmonist,B,5,Delhi,Delhi,North,,31,Hospital,MCI-11013
HCP-1014,Laban,Chopra,Diabetologist,C,6,Delhi,Delhi,North,,28,Clinic,MCI-11014
HCP-1015,Nachiket,Cherian,Pulmonist,B,6,Hyderabad,Telangana,South,Aster Medcity,12,Hospital,MCI-11015
HCP-1016,Nitesh,Sengupta,Cardiologist,B,5,Ahmedabad,Gujarat,West,,3,Hospital,MCI-11016
HCP-1017,Unnati,Murthy,GP,C,8,Ahmedabad,Gujarat,West,Aster Medcity,18,Hospital,MCI-11017
HCP-1018,Niharika,Dara,Cardiologist,A,3,Bengaluru,Karnataka,South,Sunrise Clinic,9,Hospital,MCI-11018
HCP-1019,Ishita,Johal,GP,C,7,Pune,Maharashtra,West,Fortis Hospital,7,Clinic,MCI-11019
HCP-1020,Siya,Morar,Gastroenterologist,C,8,Kolkata,West Bengal,East,Narayana Health,24,Clinic,MCI-11020
HCP-1021,Ubika,Lanka,Diabetologist,B,6,Ahmedabad,Gujarat,West,Artemis Hospital,14,Clinic,MCI-11021
HCP-1022,Jagdish,Chana,GP,A,1,Lucknow,Uttar Pradesh,North,Max Healthcare,22,Clinic,MCI-11022
HCP-1023,Nakul,Modi,GP,B,8,Bengaluru,Karnataka,South,City Hospital,14,Hospital,MCI-11023
HCP-1024,Banjeet,Kale,Pulmonist,C,7,Lucknow,Uttar Pradesh,North,,37,Hospital,MCI-11024
HCP-1025,Falak,Divan,Pulmonist,B,7,Chennai,Tamil Nadu,South,AIIMS,33,Hospital,MCI-11025
HCP-1026,Gavin,Kothari,Gastroenterologist,C,9,Lucknow,Uttar Pradesh,North,Fortis Hospital,31,Phone,MCI-11026
HCP-1027,Ishani,Randhawa,Cardiologist,A,4,Chennai,Tamil Nadu,South,Fortis Hospital,29,Phone,MCI-11027
HCP-1028,Yochana,Bawa,Gastroenterologist,B,5,Delhi,Delhi,North,Global Hospital,27,Hospital,MCI-11028
HCP-1029,Chandani,Lad,GP,B,8,Ahmedabad,Gujarat,West,,32,Hospital,MCI-11029
HCP-1030,Owen,Balasubramanian,Diabetologist,C,8,Bengaluru,Karnataka,South,Care Clinic,15,Hospital,MCI-11030
HCP-1031,Nidhi,Sethi,Consultant_Physician,A,2,Delhi,Delhi,North,Medanta Hospital,11,Clinic,MCI-11031
HCP-1032,Zaid,Chandra,GP,A,1,Mumbai,Maharashtra,West,Aster Medcity,26,Clinic,MCI-11032
HCP-1033,Turvi,Chaudry,Gastroenterologist,B,5,Mumbai,Maharashtra,West,Artemis Hospital,15,Clinic,MCI-11033
HCP-1034,Logan,Dara,Pulmonist,A,1,Delhi,Delhi,North,Aster Medcity,22,Hospital,MCI-11034
HCP-1035,Advik,Bhatia,Diabetologist,B,6,Jaipur,Rajasthan,North,,15,Hospital,MCI-11035
HCP-1036,Tristan,De,Diabetologist,B,7,Ahmedabad,Gujarat,West,Sunrise Clinic,31,Hospital,MCI-11036
HCP-1037,Rudra,Rattan,Pulmonist,B,6,Delhi,Delhi,North,,4,WhatsApp,MCI-11037
HCP-1038,Kashish,Chad,Cardiologist,B,6,Bengaluru,Karnataka,South,,24,Phone,MCI-11038
HCP-1039,Aashi,Borde,Diabetologist,B,6,Ahmedabad,Gujarat,West,Care Clinic,5,Hospital,MCI-11039
HCP-1040,Anthony,Bhattacharyya,Consultant_Physician,A,2,Delhi,Delhi,North,Max Healthcare,35,Clinic,MCI-11040
HCP-1041,Rudra,Sawhney,Pulmonist,B,6,Delhi,Delhi,North,AIIMS,36,Clinic,MCI-11041
HCP-1042,Kabir,Chanda,Diabetologist,B,4,Mumbai,Maharashtra,West,,13,Phone,MCI-11042
HCP-1043,Garima,Das,GP,C,7,Mumbai,Maharashtra,West,,35,Hospital,MCI-11043
HCP-1044,Brijesh,Shenoy,Pulmonist,B,7,Pune,Maharashtra,West,Manipal Hospital,34,Hospital,MCI-11044
HCP-1045,Chandresh,Ganguly,Diabetologist,C,8,Pune,Maharashtra,West,Medanta Hospital,21,Clinic,MCI-11045
HCP-1046,Rachita,Rana,Diabetologist,C,9,Pune,Maharashtra,West,Care Clinic,14,Hospital,MCI-11046
HCP-1047,Watika,Balan,Cardiologist,B,4,Jaipur,Rajasthan,North,Max Healthcare,28,Clinic,MCI-11047
HCP-1048,Lavanya,Sandhu,Gastroenterologist,B,7,Bengaluru,Karnataka,South,Aster Medcity,28,Clinic,MCI-11048
HCP-1049,Orinder,Pandya,Diabetologist,C,8,Bhopal,Madhya Pradesh,West,,26,Clinic,MCI-11049
HCP-1050,Tanish,Grover,GP,B,4,Delhi,Delhi,North,Kokilaben Hospital,27,Phone,MCI-11050
HCP-1051,Anvi,Mammen,Consultant_Physician,A,4,Mumbai,Maharashtra,West,Global Hospital,14,Clinic,MCI-11051
HCP-1052,Sanaya,Dixit,Consultant_Physician,C,9,Ahmedabad,Gujarat,West,Apollo Hospital,30,Hospital,MCI-11052
HCP-1053,Bakhshi,Korpal,Gastroenterologist,B,5,Mumbai,Maharashtra,West,,32,WhatsApp,MCI-11053
HCP-1054,Chakrika,Tara,Pulmonist,A,4,Mumbai,Maharashtra,West,,7,Hospital,MCI-11054
HCP-1055,Nisha,Srinivas,Gastroenterologist,A,5,Kolkata,West Bengal,East,Fortis Hospital,5,Hospital,MCI-11055
HCP-1056,Darsh,Chahal,Gastroenterologist,C,8,Bengaluru,Karnataka,South,,4,Hospital,MCI-11056
HCP-1057,Ati,Rajagopal,GP,B,7,Bhopal,Madhya Pradesh,West,,13,Clinic,MCI-11057
HCP-1058,Laksh,Saini,Gastroenterologist,B,3,Bengaluru,Karnataka,South,AIIMS,32,Hospital,MCI-11058
HCP-1059,Ryan,Vora,Consultant_Physician,B,6,Bengaluru,Karnataka,South,Care Clinic,8,Clinic,MCI-11059
HCP-1060,Zaid,Bahl,Pulmonist,C,10,Hyderabad,Telangana,South,,7,WhatsApp,MCI-11060
HCP-1061,Lavanya,Parmer,Pulmonist,A,1,Kolkata,West Bengal,East,Sunrise Clinic,37,Clinic,MCI-11061
HCP-1062,Varsha,Sundaram,GP,C,7,Mumbai,Maharashtra,West,,4,Clinic,MCI-11062
HCP-1063,Hemangini,Thakkar,Cardiologist,B,5,Jaipur,Rajasthan,North,Medanta Hospital,31,Clinic,MCI-11063
HCP-1064,Ekanta,Rama,GP,A,2,Pune,Maharashtra,West,Narayana Health,13,Hospital,MCI-11064
HCP-1065,Anamika,Gole,GP,B,8,Delhi,Delhi,North,Artemis Hospital,19,Hospital,MCI-11065
HCP-1066,Atharv,Nagar,Gastroenterologist,B,3,Bhopal,Madhya Pradesh,West,City Hospital,27,Hospital,MCI-11066
HCP-1067,Theodore,Balan,GP,A,2,Lucknow,Uttar Pradesh,North,Narayana Health,23,Phone,MCI-11067
HCP-1068,Avni,Bhardwaj,Diabetologist,B,7,Delhi,Delhi,North,,34,Hospital,MCI-11068
HCP-1069,Urmi,Wagle,Consultant_Physician,C,7,Bengaluru,Karnataka,South,Artemis Hospital,23,Clinic,MCI-11069
HCP-1070,Ishita,Kaul,Diabetologist,B,8,Bengaluru,Karnataka,South,Aster Medcity,13,Clinic,MCI-11070
HCP-1071,Nathaniel,Chaudhry,GP,C,6,Jaipur,Rajasthan,North,Manipal Hospital,16,Phone,MCI-11071
HCP-1072,Yug,Khosla,Pulmonist,A,4,Hyderabad,Telangana,South,Artemis Hospital,11,Clinic,MCI-11072
HCP-1073,Amaira,Walla,Diabetologist,A,2,Kolkata,West Bengal,East,Sunrise Clinic,22,Clinic,MCI-11073
HCP-1074,Daksh,Kanda,Consultant_Physician,C,9,Bengaluru,Karnataka,South,City Hospital,38,Hospital,MCI-11074
HCP-1075,Lipika,Pant,Cardiologist,C,9,Chennai,Tamil Nadu,South,Lilavati Hospital,24,Phone,MCI-11075
HCP-1076,Oscar,Goda,Cardiologist,C,9,Chennai,Tamil Nadu,South,Kokilaben Hospital,20,Clinic,MCI-11076
HCP-1077,Warjas,Nadkarni,GP,A,1,Chennai,Tamil Nadu,South,Lilavati Hospital,17,Clinic,MCI-11077
HCP-1078,Jagrati,Bala,Consultant_Physician,C,10,Pune,Maharashtra,West,Aster Medcity,4,Clinic,MCI-11078
HCP-1079,Indira,Dhar,Diabetologist,A,3,Delhi,Delhi,North,Medanta Hospital,32,Clinic,MCI-11079
HCP-1080,Raghav,Tailor,Gastroenterologist,A,1,Mumbai,Maharashtra,West,,20,Phone,MCI-11080
HCP-1081,Dayamai,Gill,Gastroenterologist,C,7,Hyderabad,Telangana,South,AIIMS,6,Hospital,MCI-11081
HCP-1082,Vritti,Barad,Diabetologist,B,5,Bengaluru,Karnataka,South,Care Clinic,16,Hospital,MCI-11082
HCP-1083,Gautam,Bhalla,Cardiologist,B,7,Kolkata,West Bengal,East,,26,Clinic,MCI-11083
HCP-1084,Viraj,Kanda,Diabetologist,B,6,Lucknow,Uttar Pradesh,North,Narayana Health,17,Clinic,MCI-11084
HCP-1085,Anmol,Vyas,Pulmonist,B,3,Delhi,Delhi,North,,15,Clinic,MCI-11085
HCP-1086,Vanya,Acharya,GP,A,1,Delhi,Delhi,North,,36,Hospital,MCI-11086
HCP-1087,Garima,Jaggi,Gastroenterologist,B,6,Bhopal,Madhya Pradesh,West,Max Healthcare,4,Hospital,MCI-11087
HCP-1088,Kalpit,Oak,Gastroenterologist,C,8,Kolkata,West Bengal,East,City Hospital,8,Clinic,MCI-11088
HCP-1089,Peter,Naik,Gastroenterologist,C,10,Kochi,Kerala,South,Medanta Hospital,34,Hospital,MCI-11089
HCP-1090,Daniel,Bains,GP,B,8,Lucknow,Uttar Pradesh,North,Max Healthcare,33,Phone,MCI-11090
HCP-1091,Manbir,Dhar,Gastroenterologist,B,7,Lucknow,Uttar Pradesh,North,Fortis Hospital,32,Hospital,MCI-11091
HCP-1092,Indrajit,Vora,Pulmonist,A,1,Delhi,Delhi,North,Fortis Hospital,19,Clinic,MCI-11092
HCP-1093,Janya,Bora,GP,C,7,Pune,Maharashtra,West,AIIMS,2,Hospital,MCI-11093
HCP-1094,Kashvi,Randhawa,GP,B,6,Bengaluru,Karnataka,South,,7,Phone,MCI-11094
HCP-1095,Harrison,Nayar,Consultant_Physician,B,6,Chennai,Tamil Nadu,South,Lilavati Hospital,28,Clinic,MCI-11095
HCP-1096,Chasmum,Naidu,Cardiologist,C,6,Ahmedabad,Gujarat,West,,29,Hospital,MCI-11096
HCP-1097,Laban,Dugar,GP,A,3,Chennai,Tamil Nadu,South,Fortis Hospital,23,Hospital,MCI-11097
HCP-1098,Rajeshri,Sur,Diabetologist,A,3,Bhopal,Madhya Pradesh,West,,4,Clinic,MCI-11098
HCP-1099,Edhitha,Ghosh,Gastroenterologist,C,6,Hyderabad,Telangana,South,Narayana Health,10,Phone,MCI-11099
HCP-1100,Ishanvi,Kapoor,GP,C,9,Ahmedabad,Gujarat,West,Narayana Health,15,Clinic,MCI-11100
HCP-1101,Parth,Radhakrishnan,GP,A,2,Jaipur,Rajasthan,North,,20,Clinic,MCI-11101
HCP-1102,Damyanti,Menon,Gastroenterologist,B,5,Mumbai,Maharashtra,West,Lilavati Hospital,40,Phone,MCI-11102
HCP-1103,Joshua,Goel,Diabetologist,A,1,Delhi,Delhi,North,Narayana Health,24,Phone,MCI-11103
HCP-1104,Aarav,Raman,Diabetologist,B,7,Jaipur,Rajasthan,North,,15,Clinic,MCI-11104
HCP-1105,Bachittar,Gopal,GP,B,4,Lucknow,Uttar Pradesh,North,Kokilaben Hospital,21,Hospital,MCI-11105
HCP-1106,Eesha,Kant,Consultant_Physician,A,5,Bengaluru,Karnataka,South,,9,Clinic,MCI-11106
HCP-1107,Hemang,Taneja,GP,B,5,Lucknow,Uttar Pradesh,North,,31,Phone,MCI-11107
HCP-1108,Lohit,Narula,Consultant_Physician,C,7,Chennai,Tamil Nadu,South,Global Hospital,8,WhatsApp,MCI-11108
HCP-1109,Faras,Khanna,Consultant_Physician,A,2,Bengaluru,Karnataka,South,Narayana Health,13,Hospital,MCI-11109
HCP-1110,Idika,Nagarajan,Diabetologist,A,2,Delhi,Delhi,North,AIIMS,27,WhatsApp,MCI-11110
HCP-1111,Oliver,Chakrabarti,Gastroenterologist,C,7,Delhi,Delhi,North,Wellness Clinic,15,Clinic,MCI-11111
HCP-1112,Gautami,Sekhon,Diabetologist,A,3,Chennai,Tamil Nadu,South,Kokilaben Hospital,6,Clinic,MCI-11112
HCP-1113,Advay,Lanka,Consultant_Physician,C,7,Pune,Maharashtra,West,Wellness Clinic,34,Clinic,MCI-11113
HCP-1114,Shaurya,Krish,Diabetologist,C,8,Pune,Maharashtra,West,,31,Phone,MCI-11114
HCP-1115,Ekansh,Palla,Consultant_Physician,A,2,Mumbai,Maharashtra,West,,16,Clinic,MCI-11115
HCP-1116,Aahana,Chokshi,GP,B,7,Chennai,Tamil Nadu,South,Manipal Hospital,36,Hospital,MCI-11116
HCP-1117,Aarav,Bava,Cardiologist,C,8,Mumbai,Maharashtra,West,Lilavati Hospital,39,Clinic,MCI-11117
HCP-1118,Libni,Sarma,Pulmonist,B,7,Hyderabad,Telangana,South,,25,WhatsApp,MCI-11118
HCP-1119,Oni,Ganesan,Diabetologist,B,5,Mumbai,Maharashtra,West,Apollo Hospital,35,Phone,MCI-11119
HCP-1120,Odika,Tailor,Pulmonist,B,6,Delhi,Delhi,North,Sunrise Clinic,5,Clinic,MCI-11120
HCP-1121,Kritika,Panchal,GP,C,8,Pune,Maharashtra,West,City Hospital,13,Clinic,MCI-11121
HCP-1122,Keya,Chaudhuri,GP,B,5,Hyderabad,Telangana,South,,30,Clinic,MCI-11122
HCP-1123,Varenya,Kar,Pulmonist,C,9,Hyderabad,Telangana,South,,10,Clinic,MCI-11123
HCP-1124,Nicholas,Seth,Gastroenterologist,C,8,Lucknow,Uttar Pradesh,North,Max Healthcare,12,Clinic,MCI-11124
HCP-1125,Ethan,Bandi,GP,C,6,Chennai,Tamil Nadu,South,Fortis Hospital,32,Hospital,MCI-11125
HCP-1126,Chaitaly,Bahri,Pulmonist,A,1,Delhi,Delhi,North,Care Clinic,13,Hospital,MCI-11126
HCP-1127,Eiravati,Lal,Pulmonist,B,4,Jaipur,Rajasthan,North,Kokilaben Hospital,26,Clinic,MCI-11127
HCP-1128,Henry,Borah,Gastroenterologist,B,6,Bengaluru,Karnataka,South,Artemis Hospital,5,Clinic,MCI-11128
HCP-1129,Hema,Garde,Cardiologist,B,8,Chennai,Tamil Nadu,South,,6,WhatsApp,MCI-11129
HCP-1130,Keya,Dyal,GP,C,9,Mumbai,Maharashtra,West,Global Hospital,25,WhatsApp,MCI-11130
HCP-1131,Falan,Chander,Consultant_Physician,B,3,Kolkata,West Bengal,East,Max Healthcare,19,Clinic,MCI-11131
HCP-1132,Hamsini,Subramanian,Pulmonist,B,6,Chennai,Tamil Nadu,South,,3,WhatsApp,MCI-11132
HCP-1133,Azaan,Sankar,Cardiologist,C,6,Mumbai,Maharashtra,West,Kokilaben Hospital,22,Clinic,MCI-11133
HCP-1134,Nitesh,Saraf,GP,B,6,Ahmedabad,Gujarat,West,Lilavati Hospital,11,Clinic,MCI-11134
HCP-1135,Naksh,Bera,GP,B,7,Delhi,Delhi,North,Wellness Clinic,29,Phone,MCI-11135
HCP-1136,Harrison,Narula,Cardiologist,C,8,Chennai,Tamil Nadu,South,Lilavati Hospital,40,Hospital,MCI-11136
HCP-1137,Samesh,Gupta,Pulmonist,B,5,Delhi,Delhi,North,Manipal Hospital,33,WhatsApp,MCI-11137
HCP-1138,Nimrat,Zachariah,Consultant_Physician,A,2,Ahmedabad,Gujarat,West,Fortis Hospital,17,Hospital,MCI-11138
HCP-1139,Alka,Manda,Consultant_Physician,B,5,Chennai,Tamil Nadu,South,Fortis Hospital,40,Hospital,MCI-11139
HCP-1140,Chameli,Khanna,Pulmonist,C,10,Mumbai,Maharashtra,West,Lilavati Hospital,22,Hospital,MCI-11140
HCP-1141,Gopal,Bawa,GP,C,6,Jaipur,Rajasthan,North,Aster Medcity,2,Clinic,MCI-11141
HCP-1142,Maya,Swaminathan,Diabetologist,A,1,Chennai,Tamil Nadu,South,,26,Clinic,MCI-11142
HCP-1143,Mitesh,Bhagat,GP,B,4,Bengaluru,Karnataka,South,AIIMS,4,Clinic,MCI-11143
HCP-1144,Jalsa,Aggarwal,Consultant_Physician,A,4,Ahmedabad,Gujarat,West,,17,Clinic,MCI-11144
HCP-1145,Prisha,Chahal,Cardiologist,B,5,Delhi,Delhi,North,,8,Clinic,MCI-11145
HCP-1146,Chaitaly,Srinivasan,Consultant_Physician,C,9,Mumbai,Maharashtra,West,,10,Phone,MCI-11146
HCP-1147,Ryan,Chatterjee,Diabetologist,A,4,Ahmedabad,Gujarat,West,Lilavati Hospital,16,Phone,MCI-11147
HCP-1148,Atharv,Jhaveri,Gastroenterologist,A,1,Ahmedabad,Gujarat,West,,14,Phone,MCI-11148
HCP-1149,Onkar,Manne,Pulmonist,C,8,Hyderabad,Telangana,South,Sunrise Clinic,28,WhatsApp,MCI-11149
HCP-1150,Finn,Solanki,GP,A,4,Ahmedabad,Gujarat,West,,15,Clinic,MCI-11150
HCP-1151,Jack,Morar,Consultant_Physician,B,4,Jaipur,Rajasthan,North,Medanta Hospital,33,Clinic,MCI-11151
HCP-1152,Mitali,Sinha,Cardiologist,C,9,Bengaluru,Karnataka,South,Medanta Hospital,30,Phone,MCI-11152
HCP-1153,Vrinda,Lanka,Cardiologist,B,5,Hyderabad,Telangana,South,Care Clinic,13,WhatsApp,MCI-11153
HCP-1154,Gavin,Ram,GP,C,8,Bengaluru,Karnataka,South,Medanta Hospital,8,Hospital,MCI-11154
HCP-1155,Qasim,Prabhakar,Cardiologist,A,1,Kochi,Kerala,South,Lilavati Hospital,19,Phone,MCI-11155
HCP-1156,Lakshmi,Pingle,Consultant_Physician,A,5,Hyderabad,Telangana,South,AIIMS,24,Phone,MCI-11156
HCP-1157,Rachit,Sehgal,Cardiologist,C,8,Lucknow,Uttar Pradesh,North,AIIMS,15,Clinic,MCI-11157
HCP-1158,Chaitanya,Lall,Cardiologist,A,1,Mumbai,Maharashtra,West,Manipal Hospital,34,WhatsApp,MCI-11158
HCP-1159,Ria,Shroff,Diabetologist,B,4,Kolkata,West Bengal,East,,11,Hospital,MCI-11159
HCP-1160,Adya,Kara,Diabetologist,A,3,Bengaluru,Karnataka,South,,19,Phone,MCI-11160
HCP-1161,Amruta,Bhatia,GP,A,3,Chennai,Tamil Nadu,South,Wellness Clinic,20,Clinic,MCI-11161
HCP-1162,Matthew,Chatterjee,Gastroenterologist,B,5,Kolkata,West Bengal,East,Global Hospital,4,Phone,MCI-11162
HCP-1163,Frederick,Padmanabhan,Pulmonist,B,5,Lucknow,Uttar Pradesh,North,Medanta Hospital,23,Clinic,MCI-11163
HCP-1164,Odika,Karan,Consultant_Physician,A,4,Delhi,Delhi,North,City Hospital,28,Phone,MCI-11164
HCP-1165,Darsh,Ram,Consultant_Physician,B,6,Delhi,Delhi,North,,31,Clinic,MCI-11165
HCP-1166,Omya,Wason,GP,B,5,Chennai,Tamil Nadu,South,Lilavati Hospital,22,WhatsApp,MCI-11166
HCP-1167,Vaishnavi,Keer,Gastroenterologist,C,8,Mumbai,Maharashtra,West,,15,Hospital,MCI-11167
HCP-1168,Vamakshi,Mistry,Consultant_Physician,C,8,Lucknow,Uttar Pradesh,North,Lilavati Hospital,8,Clinic,MCI-11168
HCP-1169,Farhan,Rana,GP,B,5,Jaipur,Rajasthan,North,Fortis Hospital,34,Clinic,MCI-11169
HCP-1170,Bakhshi,Thakkar,GP,B,4,Mumbai,Maharashtra,West,Kokilaben Hospital,28,Hospital,MCI-11170
HCP-1171,Zansi,Din,Cardiologist,B,3,Mumbai,Maharashtra,West,,9,Clinic,MCI-11171
HCP-1172,Jai,Sen,Consultant_Physician,B,6,Bengaluru,Karnataka,South,,16,Clinic,MCI-11172
HCP-1173,Oscar,Ganesh,Pulmonist,C,8,Mumbai,Maharashtra,West,Narayana Health,40,Hospital,MCI-11173
HCP-1174,Siddharth,Hans,GP,C,8,Bengaluru,Karnataka,South,,4,Hospital,MCI-11174
HCP-1175,Jonathan,Basak,Consultant_Physician,B,4,Delhi,Delhi,North,City Hospital,20,Clinic,MCI-11175
HCP-1176,Pallavi,Brar,Cardiologist,C,10,Kolkata,West Bengal,East,,11,Clinic,MCI-11176
HCP-1177,Radhika,Jaggi,Pulmonist,B,6,Ahmedabad,Gujarat,West,,21,Clinic,MCI-11177
HCP-1178,Manbir,Kuruvilla,GP,A,3,Mumbai,Maharashtra,West,Narayana Health,34,WhatsApp,MCI-11178
HCP-1179,Ekaja,Bhavsar,Pulmonist,B,7,Mumbai,Maharashtra,West,Care Clinic,35,Phone,MCI-11179
HCP-1180,Gagan,Rama,GP,C,9,Mumbai,Maharashtra,West,,24,WhatsApp,MCI-11180
HCP-1181,Mekhala,Nanda,GP,A,1,Delhi,Delhi,North,,9,Hospital,MCI-11181
HCP-1182,Anya,Venkatesh,GP,B,6,Bengaluru,Karnataka,South,Wellness Clinic,20,Hospital,MCI-11182
HCP-1183,Tara,Arora,Diabetologist,B,3,Kolkata,West Bengal,East,Sunrise Clinic,21,Phone,MCI-11183
HCP-1184,Oni,Chowdhury,Gastroenterologist,A,1,Jaipur,Rajasthan,North,Narayana Health,26,Clinic,MCI-11184
HCP-1185,Oeshi,Doctor,GP,C,6,Kolkata,West Bengal,East,Kokilaben Hospital,39,Phone,MCI-11185
HCP-1186,Manbir,Chaudhry,Diabetologist,C,7,Bengaluru,Karnataka,South,Narayana Health,11,Hospital,MCI-11186
HCP-1187,Hitesh,Chaudhuri,Consultant_Physician,C,8,Bengaluru,Karnataka,South,,27,Clinic,MCI-11187
HCP-1188,Bhavika,Wason,Cardiologist,C,10,Jaipur,Rajasthan,North,Global Hospital,21,WhatsApp,MCI-11188
HCP-1189,Hemangini,Roy,Pulmonist,B,5,Delhi,Delhi,North,Care Clinic,20,Clinic,MCI-11189
HCP-1190,Aishani,Rajagopal,GP,C,9,Hyderabad,Telangana,South,Kokilaben Hospital,40,Phone,MCI-11190
HCP-1191,Vedika,Solanki,Cardiologist,C,10,Delhi,Delhi,North,Lilavati Hospital,22,Phone,MCI-11191
HCP-1192,Baljiwan,Gera,GP,B,5,Hyderabad,Telangana,South,Lilavati Hospital,38,Hospital,MCI-11192
HCP-1193,Anya,Rau,Cardiologist,C,8,Chennai,Tamil Nadu,South,Kokilaben Hospital,40,Phone,MCI-11193
HCP-1194,Maanas,Ratti,Diabetologist,C,10,Lucknow,Uttar Pradesh,North,,21,Clinic,MCI-11194
HCP-1195,Balvan,Randhawa,Diabetologist,B,6,Kochi,Kerala,South,,26,Clinic,MCI-11195
HCP-1196,Garima,Khanna,GP,B,6,Mumbai,Maharashtra,West,,32,Hospital,MCI-11196
HCP-1197,Chandran,Soman,Diabetologist,B,5,Kolkata,West Bengal,East,Aster Medcity,11,Clinic,MCI-11197
HCP-1198,Amruta,Pradhan,GP,B,6,Bengaluru,Karnataka,South,,4,Clinic,MCI-11198
HCP-1199,Anmol,Nazareth,Gastroenterologist,A,5,Delhi,Delhi,North,Sunrise Clinic,34,Clinic,MCI-11199
HCP-1200,Chavvi,Mukhopadhyay,Pulmonist,B,4,Bengaluru,Karnataka,South,,22,Clinic,MCI-11200
HCP-1201,Avni,Swamy,Diabetologist,A,2,Bhopal,Madhya Pradesh,West,,20,Hospital,MCI-11201
HCP-1202,Guneet,Kari,Diabetologist,B,7,Kolkata,West Bengal,East,Fortis Hospital,5,Phone,MCI-11202
HCP-1203,Krish,Mital,GP,B,6,Chennai,Tamil Nadu,South,Apollo Hospital,21,Clinic,MCI-11203
HCP-1204,Saanvi,Nagi,Consultant_Physician,C,9,Kolkata,West Bengal,East,,39,Phone,MCI-11204
HCP-1205,Amruta,Saha,Cardiologist,B,6,Hyderabad,Telangana,South,Apollo Hospital,26,WhatsApp,MCI-11205
HCP-1206,Gaurav,Guha,GP,C,10,Mumbai,Maharashtra,West,Manipal Hospital,34,Clinic,MCI-11206
HCP-1207,Riya,Kakar,Pulmonist,B,5,Kochi,Kerala,South,Fortis Hospital,39,Hospital,MCI-11207
HCP-1208,Niharika,Sundaram,Diabetologist,C,8,Jaipur,Rajasthan,North,Global Hospital,5,Phone,MCI-11208
HCP-1209,Zaitra,Prakash,Diabetologist,C,7,Chennai,Tamil Nadu,South,,5,WhatsApp,MCI-11209
HCP-1210,Daksh,Varma,Consultant_Physician,B,5,Pune,Maharashtra,West,Sunrise Clinic,17,Hospital,MCI-11210
HCP-1211,Nathan,Bhatti,Pulmonist,B,5,Lucknow,Uttar Pradesh,North,,10,Phone,MCI-11211
HCP-1212,Deepa,Toor,Gastroenterologist,B,3,Chennai,Tamil Nadu,South,,11,Clinic,MCI-11212
HCP-1213,Netra,Deshmukh,Consultant_Physician,B,5,Mumbai,Maharashtra,West,City Hospital,38,Hospital,MCI-11213
HCP-1214,Ayush,Ghose,Consultant_Physician,B,7,Kochi,Kerala,South,Lilavati Hospital,28,Phone,MCI-11214
HCP-1215,Reyansh,Iyer,Diabetologist,B,3,Hyderabad,Telangana,South,,17,Hospital,MCI-11215
HCP-1216,Dalbir,Krish,Diabetologist,B,6,Pune,Maharashtra,West,,27,Phone,MCI-11216
HCP-1217,Bachittar,Shan,GP,C,8,Delhi,Delhi,North,Lilavati Hospital,4,Hospital,MCI-11217
HCP-1218,Chandresh,Patel,GP,B,6,Delhi,Delhi,North,Manipal Hospital,29,Hospital,MCI-11218
HCP-1219,Rushil,Mahal,Gastroenterologist,B,8,Kolkata,West Bengal,East,,9,Phone,MCI-11219
HCP-1220,Jyoti,Shetty,GP,B,5,Chennai,Tamil Nadu,South,Aster Medcity,16,WhatsApp,MCI-11220
HCP-1221,Yashasvi,Ranganathan,GP,C,7,Hyderabad,Telangana,South,City Hospital,22,Hospital,MCI-11221
HCP-1222,Jatin,Balasubramanian,Diabetologist,C,10,Chennai,Tamil Nadu,South,,7,Clinic,MCI-11222
HCP-1223,Wyatt,Pradhan,GP,B,5,Jaipur,Rajasthan,North,,3,Clinic,MCI-11223
HCP-1224,Vrinda,Sehgal,Cardiologist,C,7,Bengaluru,Karnataka,South,City Hospital,15,Phone,MCI-11224
HCP-1225,Peter,Som,Consultant_Physician,C,8,Chennai,Tamil Nadu,South,Wellness Clinic,34,Clinic,MCI-11225
HCP-1226,Inaya,Padmanabhan,Consultant_Physician,B,6,Kochi,Kerala,South,Lilavati Hospital,14,Clinic,MCI-11226
HCP-1227,Nihal,Kuruvilla,Cardiologist,C,9,Kolkata,West Bengal,East,Lilavati Hospital,28,Clinic,MCI-11227
HCP-1228,Gautam,Mane,Diabetologist,C,8,Ahmedabad,Gujarat,West,Max Healthcare,29,Hospital,MCI-11228
HCP-1229,Ayaan,Raju,Diabetologist,B,6,Chennai,Tamil Nadu,South,,8,Hospital,MCI-11229
HCP-1230,Chandran,Gaba,Cardiologist,A,2,Ahmedabad,Gujarat,West,Wellness Clinic,32,Hospital,MCI-11230
HCP-1231,Tanish,Kant,GP,B,7,Jaipur,Rajasthan,North,Narayana Health,10,Hospital,MCI-11231
HCP-1232,Umang,Jhaveri,Consultant_Physician,B,4,Delhi,Delhi,North,Narayana Health,32,Hospital,MCI-11232
HCP-1233,Amruta,Rout,Diabetologist,B,5,Delhi,Delhi,North,Sunrise Clinic,27,Hospital,MCI-11233
HCP-1234,Yochana,Bahri,Consultant_Physician,A,1,Delhi,Delhi,North,City Hospital,6,Clinic,MCI-11234
HCP-1235,Aditya,Som,Diabetologist,B,4,Delhi,Delhi,North,Artemis Hospital,11,Clinic,MCI-11235
HCP-1236,Kevin,Ghose,Cardiologist,B,5,Mumbai,Maharashtra,West,,35,Clinic,MCI-11236
HCP-1237,Abhiram,Kapur,GP,A,1,Pune,Maharashtra,West,Apollo Hospital,6,Hospital,MCI-11237
HCP-1238,Zayyan,Mody,Diabetologist,B,6,Delhi,Delhi,North,Apollo Hospital,2,Phone,MCI-11238
HCP-1239,Anvi,Sampath,Diabetologist,A,4,Pune,Maharashtra,West,,33,Clinic,MCI-11239
HCP-1240,Krisha,Palla,Cardiologist,B,5,Delhi,Delhi,North,,4,Phone,MCI-11240
HCP-1241,Tripti,Krishnan,Pulmonist,C,8,Lucknow,Uttar Pradesh,North,Narayana Health,7,Hospital,MCI-11241
HCP-1242,Tejas,Shukla,Cardiologist,C,9,Mumbai,Maharashtra,West,Lilavati Hospital,15,WhatsApp,MCI-11242
HCP-1243,Chasmum,Verma,Consultant_Physician,A,2,Lucknow,Uttar Pradesh,North,Aster Medcity,36,Clinic,MCI-11243
HCP-1244,Mekhala,Chaudry,Pulmonist,A,3,Mumbai,Maharashtra,West,AIIMS,3,Phone,MCI-11244
HCP-1245,Abhimanyu,Vaidya,Consultant_Physician,B,5,Hyderabad,Telangana,South,Kokilaben Hospital,34,Hospital,MCI-11245
HCP-1246,Kavya,Mandal,Diabetologist,B,6,Bengaluru,Karnataka,South,Lilavati Hospital,40,Hospital,MCI-11246
HCP-1247,Chanchal,Chokshi,Cardiologist,C,8,Pune,Maharashtra,West,Aster Medcity,14,Clinic,MCI-11247
HCP-1248,Vasatika,Bhatt,GP,B,8,Bengaluru,Karnataka,South,Max Healthcare,13,WhatsApp,MCI-11248
HCP-1249,Gayathri,Malhotra,GP,A,4,Bengaluru,Karnataka,South,Sunrise Clinic,29,Hospital,MCI-11249
HCP-1250,Ekta,Malhotra,GP,B,5,Mumbai,Maharashtra,West,Care Clinic,26,WhatsApp,MCI-11250
HCP-1251,Advika,Misra,GP,B,5,Ahmedabad,Gujarat,West,Kokilaben Hospital,24,Hospital,MCI-11251
HCP-1252,Raghav,Doctor,Diabetologist,B,8,Kolkata,West Bengal,East,Artemis Hospital,39,WhatsApp,MCI-11252
HCP-1253,Zansi,Khosla,Gastroenterologist,B,6,Bengaluru,Karnataka,South,Care Clinic,6,Hospital,MCI-11253
HCP-1254,Dakshesh,Raval,GP,B,4,Delhi,Delhi,North,,37,Phone,MCI-11254
HCP-1255,Ekaja,Dey,Consultant_Physician,C,9,Chennai,Tamil Nadu,South,Manipal Hospital,34,Hospital,MCI-11255
HCP-1256,Atharv,Tank,Cardiologist,C,10,Hyderabad,Telangana,South,Aster Medcity,31,Phone,MCI-11256
HCP-1257,Chakrika,Lad,GP,C,9,Bhopal,Madhya Pradesh,West,,20,Phone,MCI-11257
HCP-1258,Omya,Ravel,Cardiologist,B,5,Delhi,Delhi,North,AIIMS,40,Clinic,MCI-11258
HCP-1259,Lipika,Banik,Gastroenterologist,C,8,Hyderabad,Telangana,South,Wellness Clinic,26,WhatsApp,MCI-11259
HCP-1260,Ranveer,Oza,Cardiologist,B,3,Pune,Maharashtra,West,,31,Clinic,MCI-11260
HCP-1261,Tristan,Warrior,Cardiologist,C,10,Mumbai,Maharashtra,West,AIIMS,7,Hospital,MCI-11261
HCP-1262,Vamakshi,Parmer,Consultant_Physician,B,5,Hyderabad,Telangana,South,,36,Phone,MCI-11262
HCP-1263,Yashica,Mital,GP,B,7,Pune,Maharashtra,West,,5,WhatsApp,MCI-11263
HCP-1264,Onkar,Golla,GP,B,4,Kolkata,West Bengal,East,,33,Clinic,MCI-11264
HCP-1265,Chaaya,Chatterjee,Cardiologist,C,7,Hyderabad,Telangana,South,Lilavati Hospital,17,Clinic,MCI-11265
HCP-1266,Urishilla,Dave,Consultant_Physician,A,3,Delhi,Delhi,North,,34,Phone,MCI-11266
HCP-1267,Aarna,Goswami,Gastroenterologist,C,7,Mumbai,Maharashtra,West,,27,Hospital,MCI-11267
HCP-1268,Gautami,Chakraborty,Cardiologist,B,4,Pune,Maharashtra,West,Global Hospital,40,Phone,MCI-11268
HCP-1269,Tristan,Pant,Consultant_Physician,C,10,Mumbai,Maharashtra,West,Lilavati Hospital,39,Hospital,MCI-11269
HCP-1270,Udant,Mohanty,Consultant_Physician,B,5,Chennai,Tamil Nadu,South,Manipal Hospital,20,Hospital,MCI-11270
HCP-1271,Osha,Narula,Consultant_Physician,C,9,Ahmedabad,Gujarat,West,Fortis Hospital,3,Phone,MCI-11271
HCP-1272,Kamya,Lad,Cardiologist,C,8,Bhopal,Madhya Pradesh,West,Narayana Health,9,Phone,MCI-11272
HCP-1273,Chaitaly,Sheth,Pulmonist,C,8,Delhi,Delhi,North,Narayana Health,15,Clinic,MCI-11273
HCP-1274,Jacob,Singhal,Consultant_Physician,B,7,Bengaluru,Karnataka,South,Fortis Hospital,35,Clinic,MCI-11274
HCP-1275,Chatresh,Bobal,Consultant_Physician,B,5,Delhi,Delhi,North,Wellness Clinic,40,Hospital,MCI-11275
HCP-1276,Urmi,Hayer,Diabetologist,C,9,Pune,Maharashtra,West,Narayana Health,17,Clinic,MCI-11276
HCP-1277,Xiti,Dar,Diabetologist,B,4,Ahmedabad,Gujarat,West,AIIMS,3,WhatsApp,MCI-11277
HCP-1278,Lakshmi,Wagle,Pulmonist,C,6,Hyderabad,Telangana,South,,36,Hospital,MCI-11278
HCP-1279,Chanchal,Sachdev,Gastroenterologist,A,1,Jaipur,Rajasthan,North,Global Hospital,2,Phone,MCI-11279
HCP-1280,Chatura,Dora,Gastroenterologist,C,7,Jaipur,Rajasthan,North,Fortis Hospital,36,Hospital,MCI-11280
HCP-1281,Laksh,Iyer,Diabetologist,C,8,Chennai,Tamil Nadu,South,Aster Medcity,37,Hospital,MCI-11281
HCP-1282,Hema,Rout,Gastroenterologist,C,9,Delhi,Delhi,North,,9,Clinic,MCI-11282
HCP-1283,Tanvi,Dhar,Consultant_Physician,B,6,Pune,Maharashtra,West,AIIMS,4,Clinic,MCI-11283
HCP-1284,Diya,Gole,Diabetologist,B,7,Hyderabad,Telangana,South,Max Healthcare,30,Clinic,MCI-11284
HCP-1285,Faris,Sura,Cardiologist,B,4,Chennai,Tamil Nadu,South,,7,Clinic,MCI-11285
HCP-1286,Gaurangi,Goel,GP,C,8,Kolkata,West Bengal,East,,31,Phone,MCI-11286
HCP-1287,Dhriti,Bhardwaj,GP,A,2,Jaipur,Rajasthan,North,,5,Clinic,MCI-11287
HCP-1288,Aayush,Seth,Consultant_Physician,A,2,Hyderabad,Telangana,South,,5,Phone,MCI-11288
HCP-1289,Anusha,Kadakia,Diabetologist,A,1,Mumbai,Maharashtra,West,Apollo Hospital,2,Clinic,MCI-11289
HCP-1290,Om,Dutt,Diabetologist,B,6,Hyderabad,Telangana,South,Lilavati Hospital,21,Hospital,MCI-11290
HCP-1291,Vrishti,Chakrabarti,Diabetologist,B,5,Kochi,Kerala,South,Global Hospital,33,Hospital,MCI-11291
HCP-1292,Kai,Saraf,Cardiologist,B,5,Hyderabad,Telangana,South,,6,Hospital,MCI-11292
HCP-1293,Pushti,Raval,GP,B,5,Bhopal,Madhya Pradesh,West,AIIMS,27,Clinic,MCI-11293
HCP-1294,Pushti,Sood,Cardiologist,B,5,Mumbai,Maharashtra,West,Manipal Hospital,25,Hospital,MCI-11294
HCP-1295,Leela,Agrawal,GP,B,3,Pune,Maharashtra,West,,35,Phone,MCI-11295
HCP-1296,Baljiwan,Walla,GP,B,4,Kolkata,West Bengal,East,,21,Hospital,MCI-11296
HCP-1297,Ryan,Prakash,Diabetologist,B,8,Chennai,Tamil Nadu,South,Kokilaben Hospital,38,Clinic,MCI-11297
HCP-1298,Akshay,Nagy,Pulmonist,B,7,Chennai,Tamil Nadu,South,Lilavati Hospital,22,Hospital,MCI-11298
HCP-1299,Rayaan,Badami,GP,B,8,Kolkata,West Bengal,East,Kokilaben Hospital,38,Clinic,MCI-11299
HCP-1300,Aayush,Kothari,Gastroenterologist,C,7,Bhopal,Madhya Pradesh,West,Medanta Hospital,2,Hospital,MCI-11300
HCP-1301,Upkaar,Padmanabhan,GP,B,5,Bengaluru,Karnataka,South,Lilavati Hospital,30,Clinic,MCI-11301
HCP-1302,Devika,Dayal,Consultant_Physician,A,2,Bengaluru,Karnataka,South,Global Hospital,8,Clinic,MCI-11302
HCP-1303,Harshil,Rajagopal,Gastroenterologist,C,10,Kolkata,West Bengal,East,Narayana Health,4,Phone,MCI-11303
HCP-1304,Yahvi,Mohan,GP,C,10,Delhi,Delhi,North,Narayana Health,3,Phone,MCI-11304
HCP-1305,Oliver,Bhattacharyya,Pulmonist,B,4,Chennai,Tamil Nadu,South,,29,Clinic,MCI-11305
HCP-1306,Chakradev,Misra,Consultant_Physician,B,6,Mumbai,Maharashtra,West,,31,WhatsApp,MCI-11306
HCP-1307,Bina,Shah,Cardiologist,B,7,Delhi,Delhi,North,,25,WhatsApp,MCI-11307
HCP-1308,Zinal,Viswanathan,Consultant_Physician,B,6,Kolkata,West Bengal,East,Care Clinic,10,Clinic,MCI-11308
HCP-1309,Geetika,Saraf,Consultant_Physician,C,7,Delhi,Delhi,North,City Hospital,28,WhatsApp,MCI-11309
HCP-1310,Krish,Oommen,Consultant_Physician,A,2,Kolkata,West Bengal,East,Medanta Hospital,7,Hospital,MCI-11310
HCP-1311,Vrishti,Parmer,Cardiologist,C,6,Bengaluru,Karnataka,South,Manipal Hospital,5,Hospital,MCI-11311
HCP-1312,Raghav,Gala,Diabetologist,A,1,Hyderabad,Telangana,South,Global Hospital,38,Clinic,MCI-11312
HCP-1313,Netra,Bahl,Gastroenterologist,C,9,Delhi,Delhi,North,Wellness Clinic,32,Phone,MCI-11313
HCP-1314,Vedant,Kapur,Diabetologist,B,8,Bengaluru,Karnataka,South,,29,Clinic,MCI-11314
HCP-1315,Karan,Kakar,Gastroenterologist,C,6,Kolkata,West Bengal,East,,6,Hospital,MCI-11315
HCP-1316,Anthony,Thaman,GP,C,7,Kolkata,West Bengal,East,Manipal Hospital,27,Clinic,MCI-11316
HCP-1317,Omkaar,Dasgupta,GP,B,3,Mumbai,Maharashtra,West,Artemis Hospital,40,Clinic,MCI-11317
HCP-1318,Jeevika,Barad,GP,A,1,Bhopal,Madhya Pradesh,West,Narayana Health,19,Clinic,MCI-11318
HCP-1319,Keya,Kumer,Consultant_Physician,B,7,Lucknow,Uttar Pradesh,North,Kokilaben Hospital,37,Clinic,MCI-11319
HCP-1320,Chanakya,Bava,Cardiologist,B,5,Delhi,Delhi,North,Manipal Hospital,5,Hospital,MCI-11320
HCP-1321,Hritik,Bahri,Pulmonist,B,4,Delhi,Delhi,North,,20,Phone,MCI-11321
HCP-1322,Chanakya,D’Alia,Consultant_Physician,C,7,Kochi,Kerala,South,Care Clinic,16,Clinic,MCI-11322
HCP-1323,Omaja,Sawhney,Consultant_Physician,B,4,Lucknow,Uttar Pradesh,North,,34,WhatsApp,MCI-11323
HCP-1324,Lajita,Dasgupta,GP,B,6,Ahmedabad,Gujarat,West,,6,Clinic,MCI-11324
HCP-1325,Zayyan,Som,GP,B,6,Mumbai,Maharashtra,West,Medanta Hospital,10,Clinic,MCI-11325
HCP-1326,Michael,Jha,Cardiologist,C,10,Kolkata,West Bengal,East,,26,Clinic,MCI-11326
HCP-1327,Aditya,Mitra,Consultant_Physician,C,6,Lucknow,Uttar Pradesh,North,Global Hospital,38,Phone,MCI-11327
HCP-1328,Osha,Chaudhuri,Consultant_Physician,B,4,Lucknow,Uttar Pradesh,North,,13,Phone,MCI-11328
HCP-1329,Zinal,Madan,Diabetologist,C,6,Chennai,Tamil Nadu,South,,6,Hospital,MCI-11329
HCP-1330,Laksh,Sahota,Consultant_Physician,B,5,Hyderabad,Telangana,South,Kokilaben Hospital,29,Hospital,MCI-11330
HCP-1331,Henry,Vaidya,GP,A,2,Pune,Maharashtra,West,Lilavati Hospital,19,WhatsApp,MCI-11331
HCP-1332,Jacob,Mandal,Pulmonist,B,7,Chennai,Tamil Nadu,South,,39,Hospital,MCI-11332
HCP-1333,Ishaan,Cherian,GP,A,3,Bengaluru,Karnataka,South,,15,Clinic,MCI-11333
HCP-1334,Widisha,Issac,Diabetologist,B,5,Pune,Maharashtra,West,,30,Clinic,MCI-11334
HCP-1335,Ryan,Lall,GP,C,6,Kolkata,West Bengal,East,Sunrise Clinic,10,Clinic,MCI-11335
HCP-1336,Saksham,Parmar,Consultant_Physician,C,9,Bhopal,Madhya Pradesh,West,,8,Phone,MCI-11336
HCP-1337,Nimrat,Merchant,GP,C,8,Chennai,Tamil Nadu,South,City Hospital,5,Hospital,MCI-11337
HCP-1338,Naveen,Baral,GP,B,6,Pune,Maharashtra,West,Apollo Hospital,32,Clinic,MCI-11338
HCP-1339,Watika,Johal,Consultant_Physician,B,7,Bhopal,Madhya Pradesh,West,AIIMS,16,Clinic,MCI-11339
HCP-1340,Vasana,Narayanan,Consultant_Physician,C,8,Mumbai,Maharashtra,West,AIIMS,38,WhatsApp,MCI-11340
HCP-1341,Wahab,Agate,GP,C,10,Delhi,Delhi,North,Global Hospital,27,Clinic,MCI-11341
HCP-1342,Agastya,Chakraborty,Gastroenterologist,C,8,Bengaluru,Karnataka,South,Medanta Hospital,25,Hospital,MCI-11342
HCP-1343,Indrajit,Tak,Consultant_Physician,B,7,Bengaluru,Karnataka,South,Artemis Hospital,37,Hospital,MCI-11343
HCP-1344,Manthan,Chana,GP,C,10,Chennai,Tamil Nadu,South,Manipal Hospital,15,Clinic,MCI-11344
HCP-1345,Yasti,Borde,Cardiologist,B,3,Mumbai,Maharashtra,West,Global Hospital,15,Clinic,MCI-11345
HCP-1346,Harrison,Kunda,GP,B,5,Mumbai,Maharashtra,West,Sunrise Clinic,37,Phone,MCI-11346
HCP-1347,Vihaan,Shan,GP,C,7,Delhi,Delhi,North,Manipal Hospital,33,Clinic,MCI-11347
HCP-1348,Chaman,Lalla,Diabetologist,B,6,Ahmedabad,Gujarat,West,Aster Medcity,30,Clinic,MCI-11348
HCP-1349,Ucchal,Bedi,Diabetologist,A,3,Kolkata,West Bengal,East,Artemis Hospital,8,Clinic,MCI-11349
HCP-1350,Harish,Ghosh,Pulmonist,B,4,Ahmedabad,Gujarat,West,,12,Clinic,MCI-11350
HCP-1351,Balveer,Mannan,Cardiologist,B,5,Hyderabad,Telangana,South,,37,Hospital,MCI-11351
HCP-1352,Jagvi,Munshi,Diabetologist,C,10,Hyderabad,Telangana,South,AIIMS,27,Hospital,MCI-11352
HCP-1353,Pooja,D’Alia,Cardiologist,B,7,Hyderabad,Telangana,South,,8,Hospital,MCI-11353
HCP-1354,Girish,Bath,Gastroenterologist,C,10,Chennai,Tamil Nadu,South,Kokilaben Hospital,26,Clinic,MCI-11354
HCP-1355,Aditya,Devi,Cardiologist,A,3,Mumbai,Maharashtra,West,,20,Hospital,MCI-11355
HCP-1356,Onkar,Narasimhan,Diabetologist,C,9,Delhi,Delhi,North,Global Hospital,21,Clinic,MCI-11356
HCP-1357,Ishita,Sarma,Pulmonist,A,2,Bengaluru,Karnataka,South,Fortis Hospital,23,WhatsApp,MCI-11357
HCP-1358,Amrita,Chander,Diabetologist,B,4,Jaipur,Rajasthan,North,Sunrise Clinic,16,Phone,MCI-11358
HCP-1359,Kashish,Oommen,Diabetologist,B,5,Jaipur,Rajasthan,North,Manipal Hospital,8,Hospital,MCI-11359
HCP-1360,Qadim,Comar,Diabetologist,B,5,Lucknow,Uttar Pradesh,North,Artemis Hospital,27,Clinic,MCI-11360
HCP-1361,Nandini,Ratta,Pulmonist,B,6,Delhi,Delhi,North,Max Healthcare,7,Clinic,MCI-11361
HCP-1362,Tanmayi,Magar,GP,C,10,Bengaluru,Karnataka,South,Medanta Hospital,17,Hospital,MCI-11362
HCP-1363,Lekha,Sridhar,Consultant_Physician,B,4,Mumbai,Maharashtra,West,Wellness Clinic,14,Hospital,MCI-11363
HCP-1364,Oviya,Ganesan,Diabetologist,C,8,Chennai,Tamil Nadu,South,,38,Hospital,MCI-11364
HCP-1365,Isaiah,Deo,GP,C,7,Lucknow,Uttar Pradesh,North,Manipal Hospital,13,WhatsApp,MCI-11365
HCP-1366,Daniel,Dutta,GP,C,9,Bengaluru,Karnataka,South,Sunrise Clinic,35,Hospital,MCI-11366
HCP-1367,Hemang,Saha,GP,C,9,Bhopal,Madhya Pradesh,West,Lilavati Hospital,29,Clinic,MCI-11367
HCP-1368,Vasudha,Sarma,Cardiologist,A,1,Hyderabad,Telangana,South,,11,Clinic,MCI-11368
HCP-1369,Pratyush,Raghavan,Consultant_Physician,B,6,Pune,Maharashtra,West,Medanta Hospital,5,Hospital,MCI-11369
HCP-1370,Jagrati,Balakrishnan,Pulmonist,B,5,Bengaluru,Karnataka,South,,8,Clinic,MCI-11370
HCP-1371,Kalpit,Subramanian,Consultant_Physician,A,4,Bengaluru,Karnataka,South,Medanta Hospital,10,Hospital,MCI-11371
HCP-1372,Vinaya,Chowdhury,Consultant_Physician,C,7,Mumbai,Maharashtra,West,Lilavati Hospital,20,WhatsApp,MCI-11372
HCP-1373,Nisha,Sastry,GP,C,6,Mumbai,Maharashtra,West,Care Clinic,19,Clinic,MCI-11373
HCP-1374,Chakradhar,Bhatnagar,Consultant_Physician,B,4,Jaipur,Rajasthan,North,,10,Phone,MCI-11374
HCP-1375,Advika,Murthy,Gastroenterologist,B,6,Delhi,Delhi,North,,3,Hospital,MCI-11375
HCP-1376,Advik,Vohra,Consultant_Physician,C,8,Ahmedabad,Gujarat,West,,30,Clinic,MCI-11376
HCP-1377,Udarsh,Nigam,Diabetologist,C,10,Chennai,Tamil Nadu,South,City Hospital,34,Phone,MCI-11377
HCP-1378,Zilmil,Virk,Diabetologist,B,5,Lucknow,Uttar Pradesh,North,Narayana Health,35,Clinic,MCI-11378
HCP-1379,Girish,Sant,Consultant_Physician,B,8,Chennai,Tamil Nadu,South,Fortis Hospital,25,Hospital,MCI-11379
HCP-1380,Yuvraj,Subramaniam,GP,B,5,Delhi,Delhi,North,Medanta Hospital,25,Clinic,MCI-11380
HCP-1381,Hiral,Rajan,GP,A,3,Pune,Maharashtra,West,Artemis Hospital,33,Phone,MCI-11381
HCP-1382,Manthan,Bhagat,Diabetologist,A,1,Lucknow,Uttar Pradesh,North,Lilavati Hospital,33,Clinic,MCI-11382
HCP-1383,Advay,Dugar,Diabetologist,B,8,Hyderabad,Telangana,South,,33,Clinic,MCI-11383
HCP-1384,Yashasvi,Singh,Diabetologist,C,7,Delhi,Delhi,North,Global Hospital,19,Hospital,MCI-11384
HCP-1385,Warhi,Gandhi,GP,A,2,Pune,Maharashtra,West,,23,Hospital,MCI-11385
HCP-1386,Falan,Swamy,Pulmonist,B,7,Chennai,Tamil Nadu,South,Fortis Hospital,34,Clinic,MCI-11386
HCP-1387,Ekani,Khosla,Consultant_Physician,B,4,Ahmedabad,Gujarat,West,,35,Clinic,MCI-11387
HCP-1388,Ganga,Mall,GP,B,6,Kolkata,West Bengal,East,Narayana Health,13,Phone,MCI-11388
HCP-1389,Chandresh,Tripathi,Cardiologist,B,7,Lucknow,Uttar Pradesh,North,Apollo Hospital,29,Phone,MCI-11389
HCP-1390,Udant,Radhakrishnan,Cardiologist,B,7,Delhi,Delhi,North,Fortis Hospital,21,WhatsApp,MCI-11390
HCP-1391,Neha,Keer,Consultant_Physician,B,6,Chennai,Tamil Nadu,South,Aster Medcity,7,Phone,MCI-11391
HCP-1392,Farhan,Sharaf,Diabetologist,B,8,Chennai,Tamil Nadu,South,Global Hospital,36,Hospital,MCI-11392
HCP-1393,Sachi,Sem,Diabetologist,C,7,Hyderabad,Telangana,South,Care Clinic,32,Clinic,MCI-11393
HCP-1394,Gaurang,Tara,Pulmonist,C,10,Delhi,Delhi,North,,38,Phone,MCI-11394
HCP-1395,Sanya,Mutti,Consultant_Physician,B,6,Kolkata,West Bengal,East,Manipal Hospital,4,Phone,MCI-11395
HCP-1396,Jagat,Tank,Consultant_Physician,C,9,Pune,Maharashtra,West,Global Hospital,5,Clinic,MCI-11396
HCP-1397,Andrew,Chauhan,Diabetologist,B,3,Mumbai,Maharashtra,West,Lilavati Hospital,40,Clinic,MCI-11397
HCP-1398,Netra,Sachar,Pulmonist,B,7,Mumbai,Maharashtra,West,Apollo Hospital,28,WhatsApp,MCI-11398
HCP-1399,Balendra,Acharya,Gastroenterologist,B,6,Delhi,Delhi,North,Kokilaben Hospital,6,Clinic,MCI-11399
HCP-1400,Gavin,Modi,Diabetologist,B,6,Jaipur,Rajasthan,North,Max Healthcare,10,Hospital,MCI-11400
HCP-1401,Yashoda,Jhaveri,Diabetologist,B,5,Delhi,Delhi,North,Aster Medcity,6,Phone,MCI-11401
HCP-1402,Tanmayi,Om,GP,A,2,Chennai,Tamil Nadu,South,AIIMS,11,Hospital,MCI-11402
HCP-1403,Januja,Bhagat,Consultant_Physician,B,6,Bhopal,Madhya Pradesh,West,Narayana Health,7,Clinic,MCI-11403
HCP-1404,Udant,Sha,GP,C,9,Mumbai,Maharashtra,West,AIIMS,6,Clinic,MCI-11404
HCP-1405,Garima,Solanki,GP,B,6,Mumbai,Maharashtra,West,Artemis Hospital,17,WhatsApp,MCI-11405
HCP-1406,Januja,Sethi,GP,A,1,Delhi,Delhi,North,,14,Phone,MCI-11406
HCP-1407,Ishaan,Chatterjee,Gastroenterologist,C,9,Lucknow,Uttar Pradesh,North,Lilavati Hospital,29,Phone,MCI-11407
HCP-1408,Tristan,Agate,Cardiologist,B,4,Kochi,Kerala,South,Narayana Health,38,Clinic,MCI-11408
HCP-1409,Harita,Pant,GP,B,8,Delhi,Delhi,North,Apollo Hospital,35,Hospital,MCI-11409
HCP-1410,Bishakha,Vig,Pulmonist,B,3,Bengaluru,Karnataka,South,Artemis Hospital,15,Clinic,MCI-11410
HCP-1411,Kashvi,Cherian,Consultant_Physician,C,7,Hyderabad,Telangana,South,,25,Hospital,MCI-11411
HCP-1412,Chakradev,Gala,Diabetologist,B,3,Delhi,Delhi,North,,34,Phone,MCI-11412
HCP-1413,Waida,Dey,GP,A,5,Kolkata,West Bengal,East,AIIMS,39,WhatsApp,MCI-11413
HCP-1414,Nimrat,Chhabra,Diabetologist,A,3,Kolkata,West Bengal,East,,38,Hospital,MCI-11414
HCP-1415,Aachal,Hayre,Consultant_Physician,A,2,Chennai,Tamil Nadu,South,Manipal Hospital,26,Hospital,MCI-11415
HCP-1416,Raghav,Dara,GP,A,1,Delhi,Delhi,North,,24,Hospital,MCI-11416
HCP-1417,Maya,Kale,GP,B,4,Delhi,Delhi,North,,8,Hospital,MCI-11417
HCP-1418,Tanvi,Halder,Cardiologist,A,4,Chennai,Tamil Nadu,South,Aster Medcity,11,Phone,MCI-11418
HCP-1419,Hamsini,Chokshi,Gastroenterologist,B,5,Pune,Maharashtra,West,Fortis Hospital,32,Phone,MCI-11419
HCP-1420,Oeshi,Batra,Diabetologist,C,9,Lucknow,Uttar Pradesh,North,City Hospital,31,Clinic,MCI-11420
HCP-1421,Jatin,Seshadri,Gastroenterologist,A,2,Delhi,Delhi,North,Care Clinic,20,WhatsApp,MCI-11421
HCP-1422,Tanvi,Thaman,Pulmonist,C,9,Chennai,Tamil Nadu,South,,30,Clinic,MCI-11422
HCP-1423,Krish,Tara,Diabetologist,A,3,Chennai,Tamil Nadu,South,Manipal Hospital,39,Clinic,MCI-11423
HCP-1424,Aayush,Wali,Pulmonist,C,9,Bengaluru,Karnataka,South,City Hospital,8,Hospital,MCI-11424
HCP-1425,Chanakya,Sant,Diabetologist,B,6,Lucknow,Uttar Pradesh,North,Aster Medcity,25,Hospital,MCI-11425
HCP-1426,Vasudha,Trivedi,Gastroenterologist,C,7,Lucknow,Uttar Pradesh,North,Global Hospital,28,Clinic,MCI-11426
HCP-1427,Peter,Ghose,Cardiologist,C,9,Jaipur,Rajasthan,North,,4,Clinic,MCI-11427
HCP-1428,Kabir,Chawla,GP,B,7,Mumbai,Maharashtra,West,,38,Hospital,MCI-11428
HCP-1429,Lila,Nagy,GP,A,1,Pune,Maharashtra,West,Wellness Clinic,24,Clinic,MCI-11429
HCP-1430,Yamini,Rajagopalan,Consultant_Physician,A,2,Kolkata,West Bengal,East,,12,Hospital,MCI-11430
HCP-1431,Omya,Kothari,Gastroenterologist,B,6,Mumbai,Maharashtra,West,Kokilaben Hospital,18,Hospital,MCI-11431
HCP-1432,Anusha,Rao,Diabetologist,C,7,Delhi,Delhi,North,Narayana Health,8,Phone,MCI-11432
HCP-1433,Hemal,Menon,Diabetologist,A,4,Hyderabad,Telangana,South,Wellness Clinic,31,Clinic,MCI-11433
HCP-1434,Sneha,Deol,Diabetologist,B,8,Pune,Maharashtra,West,Global Hospital,37,Clinic,MCI-11434
HCP-1435,Lakshit,Sachar,Cardiologist,A,3,Bengaluru,Karnataka,South,,8,Clinic,MCI-11435
HCP-1436,Yauvani,Mistry,Consultant_Physician,B,5,Bengaluru,Karnataka,South,,2,Hospital,MCI-11436
HCP-1437,Dipta,Kalla,Cardiologist,B,6,Mumbai,Maharashtra,West,,24,Hospital,MCI-11437
HCP-1438,Sai,Kadakia,Diabetologist,B,3,Chennai,Tamil Nadu,South,Max Healthcare,28,WhatsApp,MCI-11438
HCP-1439,Bina,Pai,GP,C,6,Hyderabad,Telangana,South,Apollo Hospital,39,Hospital,MCI-11439
HCP-1440,Kevin,Gokhale,Diabetologist,A,1,Jaipur,Rajasthan,North,,9,WhatsApp,MCI-11440
HCP-1441,Yahvi,Naidu,Cardiologist,B,4,Hyderabad,Telangana,South,Wellness Clinic,7,Hospital,MCI-11441
HCP-1442,Jack,Pandey,Diabetologist,B,6,Bengaluru,Karnataka,South,Medanta Hospital,6,Hospital,MCI-11442
HCP-1443,Varsha,Sahni,Diabetologist,C,8,Ahmedabad,Gujarat,West,Lilavati Hospital,32,Hospital,MCI-11443
HCP-1444,Bhavika,Sami,Gastroenterologist,C,9,Kolkata,West Bengal,East,,37,Hospital,MCI-11444
HCP-1445,Agastya,Virk,Diabetologist,A,2,Delhi,Delhi,North,City Hospital,37,Clinic,MCI-11445
HCP-1446,Hredhaan,Bakshi,Cardiologist,A,2,Delhi,Delhi,North,Narayana Health,12,Phone,MCI-11446
HCP-1447,Lakshmi,Dhillon,Diabetologist,B,5,Bengaluru,Karnataka,South,Wellness Clinic,10,Hospital,MCI-11447
HCP-1448,Chatresh,Bhalla,GP,C,8,Bengaluru,Karnataka,South,Wellness Clinic,22,Hospital,MCI-11448
HCP-1449,Ryan,Loke,Pulmonist,B,4,Pune,Maharashtra,West,Fortis Hospital,33,Hospital,MCI-11449
HCP-1450,Naveen,Mangat,Gastroenterologist,A,2,Mumbai,Maharashtra,West,City Hospital,18,Phone,MCI-11450
HCP-1451,Zashil,Dhingra,Pulmonist,C,10,Kochi,Kerala,South,,15,Clinic,MCI-11451
HCP-1452,David,Merchant,Diabetologist,C,8,Chennai,Tamil Nadu,South,Sunrise Clinic,37,Hospital,MCI-11452
HCP-1453,Samar,Bali,Consultant_Physician,A,1,Bengaluru,Karnataka,South,,22,Hospital,MCI-11453
HCP-1454,Jagrati,Sethi,Gastroenterologist,B,6,Delhi,Delhi,North,AIIMS,3,WhatsApp,MCI-11454
HCP-1455,Harsh,Kapur,Consultant_Physician,B,5,Lucknow,Uttar Pradesh,North,AIIMS,13,Hospital,MCI-11455
HCP-1456,Lopa,Khanna,Cardiologist,A,2,Bengaluru,Karnataka,South,Sunrise Clinic,39,Hospital,MCI-11456
HCP-1457,Yasti,Mani,Consultant_Physician,C,10,Delhi,Delhi,North,Manipal Hospital,22,Hospital,MCI-11457
HCP-1458,Champak,Raj,Cardiologist,B,6,Kochi,Kerala,South,,17,Phone,MCI-11458
HCP-1459,Lila,Saha,GP,B,6,Hyderabad,Telangana,South,Sunrise Clinic,34,Phone,MCI-11459
HCP-1460,Dhriti,Bhagat,GP,B,7,Pune,Maharashtra,West,,23,Clinic,MCI-11460
HCP-1461,Agastya,Krishnamurthy,Consultant_Physician,B,4,Delhi,Delhi,North,Care Clinic,32,Clinic,MCI-11461
HCP-1462,Samaksh,Savant,Consultant_Physician,B,6,Jaipur,Rajasthan,North,Kokilaben Hospital,11,Clinic,MCI-11462
HCP-1463,Umang,Pillai,Cardiologist,A,3,Lucknow,Uttar Pradesh,North,,36,Clinic,MCI-11463
HCP-1464,Ronith,Hari,Diabetologist,C,9,Jaipur,Rajasthan,North,Kokilaben Hospital,18,Phone,MCI-11464
HCP-1465,Chaitaly,Sen,GP,C,9,Pune,Maharashtra,West,,24,Phone,MCI-11465
HCP-1466,Peter,Borde,Consultant_Physician,B,5,Pune,Maharashtra,West,,17,Phone,MCI-11466
HCP-1467,Rachit,Ghose,GP,A,2,Bengaluru,Karnataka,South,Manipal Hospital,25,Clinic,MCI-11467
HCP-1468,Yoshita,Dar,Pulmonist,B,4,Kochi,Kerala,South,,37,WhatsApp,MCI-11468
HCP-1469,Krishna,Baria,GP,C,10,Lucknow,Uttar Pradesh,North,AIIMS,31,Clinic,MCI-11469
HCP-1470,Priya,Mallick,GP,A,5,Pune,Maharashtra,West,,17,Phone,MCI-11470
HCP-1471,Aishani,De,Consultant_Physician,B,5,Jaipur,Rajasthan,North,,23,Clinic,MCI-11471
HCP-1472,Naveen,Kumer,Diabetologist,B,6,Hyderabad,Telangana,South,Sunrise Clinic,9,Phone,MCI-11472
HCP-1473,Abdul,Narayanan,Gastroenterologist,A,3,Mumbai,Maharashtra,West,AIIMS,31,Hospital,MCI-11473
HCP-1474,Unnati,Dubey,Pulmonist,B,4,Lucknow,Uttar Pradesh,North,Lilavati Hospital,6,Hospital,MCI-11474
HCP-1475,Balveer,Dube,Consultant_Physician,B,8,Jaipur,Rajasthan,North,Sunrise Clinic,14,Phone,MCI-11475
HCP-1476,Ekantika,Behl,Cardiologist,B,5,Lucknow,Uttar Pradesh,North,City Hospital,19,Hospital,MCI-11476
HCP-1477,Charvi,Swaminathan,Gastroenterologist,C,7,Delhi,Delhi,North,,9,Clinic,MCI-11477
HCP-1478,Ishita,Bora,Gastroenterologist,B,6,Kolkata,West Bengal,East,,39,Phone,MCI-11478
HCP-1479,Eesha,Vora,Gastroenterologist,C,8,Kolkata,West Bengal,East,,14,Clinic,MCI-11479
HCP-1480,Thomas,Gour,Consultant_Physician,A,3,Chennai,Tamil Nadu,South,AIIMS,17,WhatsApp,MCI-11480
HCP-1481,Ekansh,Tiwari,Gastroenterologist,C,6,Kolkata,West Bengal,East,,9,Clinic,MCI-11481
HCP-1482,Nathaniel,Sagar,Pulmonist,B,6,Chennai,Tamil Nadu,South,,8,Clinic,MCI-11482
HCP-1483,Netra,Chanda,GP,A,1,Hyderabad,Telangana,South,Narayana Health,29,Clinic,MCI-11483
HCP-1484,Ikshita,Kant,GP,C,10,Lucknow,Uttar Pradesh,North,City Hospital,10,Clinic,MCI-11484
HCP-1485,Tanay,Narula,GP,C,8,Chennai,Tamil Nadu,South,Wellness Clinic,33,WhatsApp,MCI-11485
HCP-1486,Garima,Patel,Cardiologist,B,4,Delhi,Delhi,North,,27,Hospital,MCI-11486
HCP-1487,Chaaya,Kamdar,Cardiologist,C,7,Kolkata,West Bengal,East,,38,Clinic,MCI-11487
HCP-1488,Vaishnavi,Andra,GP,B,6,Mumbai,Maharashtra,West,Narayana Health,5,Hospital,MCI-11488
HCP-1489,Ishwar,Pal,GP,B,7,Pune,Maharashtra,West,Wellness Clinic,28,Hospital,MCI-11489
HCP-1490,Sanaya,Khosla,GP,C,8,Kolkata,West Bengal,East,,39,Clinic,MCI-11490
HCP-1491,Yagnesh,Baral,Consultant_Physician,C,10,Delhi,Delhi,North,,27,Phone,MCI-11491
HCP-1492,Ekani,Raj,Consultant_Physician,B,6,Delhi,Delhi,North,,17,Hospital,MCI-11492
HCP-1493,Ishaan,Raju,GP,B,6,Bhopal,Madhya Pradesh,West,City Hospital,21,Clinic,MCI-11493
HCP-1494,Aahana,Zachariah,Gastroenterologist,C,9,Delhi,Delhi,North,Sunrise Clinic,25,Hospital,MCI-11494
HCP-1495,Barkha,Bakshi,GP,C,9,Pune,Maharashtra,West,Wellness Clinic,11,Hospital,MCI-11495
HCP-1496,Zansi,Prasad,Cardiologist,B,6,Jaipur,Rajasthan,North,,10,Hospital,MCI-11496
HCP-1497,Yoshita,Trivedi,Diabetologist,C,7,Ahmedabad,Gujarat,West,Medanta Hospital,9,Phone,MCI-11497
HCP-1498,Sanaya,Sur,Gastroenterologist,B,6,Delhi,Delhi,North,Lilavati Hospital,36,Phone,MCI-11498
HCP-1499,Caleb,Minhas,Consultant_Physician,B,6,Kochi,Kerala,South,Manipal Hospital,40,Phone,MCI-11499
HCP-1500,Reyansh,Nagi,Cardiologist,A,2,Kochi,Kerala,South,,8,Hospital,MCI-11500
HCP-1501,Yoshita,Butala,Diabetologist,A,1,Hyderabad,Telangana,South,Care Clinic,2,Hospital,MCI-11501
HCP-1502,Gopal,Ganesh,Pulmonist,A,1,Jaipur,Rajasthan,North,Narayana Health,20,Clinic,MCI-11502
HCP-1503,Abhimanyu,Bhatti,GP,B,3,Kochi,Kerala,South,Apollo Hospital,12,Hospital,MCI-11503
HCP-1504,Shivansh,Kala,GP,B,6,Mumbai,Maharashtra,West,Apollo Hospital,21,Clinic,MCI-11504
HCP-1505,Panini,Chawla,Pulmonist,B,3,Delhi,Delhi,North,Max Healthcare,23,Clinic,MCI-11505
HCP-1506,Samesh,Yogi,Gastroenterologist,B,4,Ahmedabad,Gujarat,West,Aster Medcity,7,Phone,MCI-11506
HCP-1507,Radhika,Bora,Gastroenterologist,B,3,Kolkata,West Bengal,East,Apollo Hospital,29,Hospital,MCI-11507
HCP-1508,Mitesh,Bajwa,GP,A,2,Delhi,Delhi,North,Wellness Clinic,7,Phone,MCI-11508
HCP-1509,Tripti,Narula,Gastroenterologist,C,7,Bengaluru,Karnataka,South,Apollo Hospital,20,Hospital,MCI-11509
HCP-1510,Baljiwan,Chahal,GP,C,8,Bengaluru,Karnataka,South,Aster Medcity,21,Clinic,MCI-11510
HCP-1511,Ethan,Bhagat,Gastroenterologist,A,1,Hyderabad,Telangana,South,,14,Phone,MCI-11511
HCP-1512,Pranav,Krishnamurthy,GP,B,5,Lucknow,Uttar Pradesh,North,,12,Hospital,MCI-11512
HCP-1513,Ekavir,Kari,GP,B,6,Chennai,Tamil Nadu,South,,27,Clinic,MCI-11513
HCP-1514,Aarna,Reddy,Pulmonist,B,5,Delhi,Delhi,North,Care Clinic,19,Hospital,MCI-11514
HCP-1515,Lipika,Seshadri,Diabetologist,B,4,Hyderabad,Telangana,South,AIIMS,19,Clinic,MCI-11515
HCP-1516,Nidhi,Sant,Gastroenterologist,C,9,Hyderabad,Telangana,South,Medanta Hospital,13,Hospital,MCI-11516
HCP-1517,Diya,Badal,Consultant_Physician,B,6,Ahmedabad,Gujarat,West,Narayana Health,2,WhatsApp,MCI-11517
HCP-1518,Lopa,Dani,Pulmonist,B,6,Delhi,Delhi,North,Max Healthcare,2,Phone,MCI-11518
HCP-1519,Abeer,Bhatnagar,Consultant_Physician,C,9,Chennai,Tamil Nadu,South,AIIMS,11,Hospital,MCI-11519
HCP-1520,Chakradev,Bora,Diabetologist,B,5,Bhopal,Madhya Pradesh,West,Artemis Hospital,14,Clinic,MCI-11520
HCP-1521,Ishita,Thakkar,Cardiologist,C,7,Lucknow,Uttar Pradesh,North,Global Hospital,11,Clinic,MCI-11521
HCP-1522,Hitesh,Mann,Pulmonist,B,6,Pune,Maharashtra,West,City Hospital,25,Hospital,MCI-11522
HCP-1523,Charvi,Chadha,Gastroenterologist,A,2,Bengaluru,Karnataka,South,,16,WhatsApp,MCI-11523
HCP-1524,Baghyawati,Sarma,GP,B,7,Bengaluru,Karnataka,South,Kokilaben Hospital,2,Phone,MCI-11524
HCP-1525,Lakshmi,Rana,Cardiologist,B,8,Chennai,Tamil Nadu,South,Kokilaben Hospital,32,WhatsApp,MCI-11525
HCP-1526,Azaan,Som,Consultant_Physician,B,3,Mumbai,Maharashtra,West,Wellness Clinic,25,Hospital,MCI-11526
HCP-1527,Naksh,Walla,Pulmonist,B,7,Pune,Maharashtra,West,City Hospital,7,Clinic,MCI-11527
HCP-1528,Thomas,Deshpande,Pulmonist,C,6,Pune,Maharashtra,West,Apollo Hospital,21,WhatsApp,MCI-11528
HCP-1529,Mahika,Merchant,Pulmonist,B,4,Chennai,Tamil Nadu,South,,30,Clinic,MCI-11529
HCP-1530,Maanas,Misra,Cardiologist,B,7,Bengaluru,Karnataka,South,Sunrise Clinic,31,Hospital,MCI-11530
HCP-1531,Kashvi,Apte,Diabetologist,B,7,Bengaluru,Karnataka,South,Medanta Hospital,40,WhatsApp,MCI-11531
HCP-1532,Lohit,Dasgupta,GP,B,3,Delhi,Delhi,North,Wellness Clinic,27,Clinic,MCI-11532
HCP-1533,Benjamin,Ahluwalia,Gastroenterologist,B,6,Chennai,Tamil Nadu,South,,9,Clinic,MCI-11533
HCP-1534,Meera,Yogi,GP,B,5,Mumbai,Maharashtra,West,,35,WhatsApp,MCI-11534
HCP-1535,Frederick,Mody,GP,C,9,Bengaluru,Karnataka,South,Lilavati Hospital,30,Clinic,MCI-11535
HCP-1536,Shivansh,Padmanabhan,Consultant_Physician,B,3,Ahmedabad,Gujarat,West,Sunrise Clinic,30,Phone,MCI-11536
HCP-1537,Siddharth,Sachar,Pulmonist,A,2,Chennai,Tamil Nadu,South,Aster Medcity,14,Clinic,MCI-11537
HCP-1538,Yauvani,Dhar,GP,A,1,Bengaluru,Karnataka,South,Manipal Hospital,2,Hospital,MCI-11538
HCP-1539,Naveen,Gour,Consultant_Physician,A,2,Bhopal,Madhya Pradesh,West,Fortis Hospital,3,Hospital,MCI-11539
HCP-1540,Timothy,Krishnan,Diabetologist,A,3,Kolkata,West Bengal,East,,36,Hospital,MCI-11540
HCP-1541,Rishi,Contractor,GP,C,7,Kolkata,West Bengal,East,Max Healthcare,11,Phone,MCI-11541
HCP-1542,Pratyush,Bhagat,Consultant_Physician,B,8,Lucknow,Uttar Pradesh,North,Care Clinic,10,Clinic,MCI-11542
HCP-1543,Triya,Bora,Cardiologist,A,3,Bhopal,Madhya Pradesh,West,AIIMS,39,WhatsApp,MCI-11543
HCP-1544,Bina,Bhavsar,Gastroenterologist,B,6,Bengaluru,Karnataka,South,,15,Clinic,MCI-11544
HCP-1545,Zashil,Chaudhari,Cardiologist,B,4,Chennai,Tamil Nadu,South,Sunrise Clinic,11,Phone,MCI-11545
HCP-1546,Rudra,Sur,Gastroenterologist,B,6,Pune,Maharashtra,West,,3,WhatsApp,MCI-11546
HCP-1547,Ganga,Parikh,Consultant_Physician,C,9,Jaipur,Rajasthan,North,Wellness Clinic,28,Phone,MCI-11547
HCP-1548,Kabir,Keer,Consultant_Physician,C,8,Pune,Maharashtra,West,,32,Phone,MCI-11548
HCP-1549,Harish,Mane,Cardiologist,C,6,Pune,Maharashtra,West,Max Healthcare,20,Clinic,MCI-11549
HCP-1550,Ekaraj,Hari,GP,A,2,Ahmedabad,Gujarat,West,Narayana Health,34,Phone,MCI-11550
HCP-1551,Eesha,Sunder,Diabetologist,C,8,Kochi,Kerala,South,Care Clinic,2,Clinic,MCI-11551
HCP-1552,Shravya,Narasimhan,Pulmonist,B,6,Kolkata,West Bengal,East,Narayana Health,28,Hospital,MCI-11552
HCP-1553,Damini,Dua,Consultant_Physician,B,7,Chennai,Tamil Nadu,South,Wellness Clinic,36,Clinic,MCI-11553
HCP-1554,Janya,Mutti,Cardiologist,A,2,Mumbai,Maharashtra,West,,35,Clinic,MCI-11554
HCP-1555,Priya,Ganguly,Pulmonist,B,7,Hyderabad,Telangana,South,Fortis Hospital,10,WhatsApp,MCI-11555
HCP-1556,Aayush,Munshi,GP,B,5,Pune,Maharashtra,West,Aster Medcity,25,Clinic,MCI-11556
HCP-1557,Yatin,Kant,GP,C,6,Mumbai,Maharashtra,West,Kokilaben Hospital,35,Hospital,MCI-11557
HCP-1558,Rajata,Malhotra,Cardiologist,C,10,Bhopal,Madhya Pradesh,West,Fortis Hospital,31,Clinic,MCI-11558
HCP-1559,Jagvi,Desai,Diabetologist,B,3,Delhi,Delhi,North,Narayana Health,32,WhatsApp,MCI-11559
HCP-1560,Garima,Srinivasan,GP,B,5,Delhi,Delhi,North,Max Healthcare,25,Phone,MCI-11560
HCP-1561,Turvi,Sehgal,Consultant_Physician,B,5,Bengaluru,Karnataka,South,,19,WhatsApp,MCI-11561
HCP-1562,Jagrati,Mody,Diabetologist,C,8,Chennai,Tamil Nadu,South,Kokilaben Hospital,4,Phone,MCI-11562
HCP-1563,Vidhi,Chopra,Consultant_Physician,A,3,Mumbai,Maharashtra,West,Aster Medcity,32,Clinic,MCI-11563
HCP-1564,Parth,Bumb,Consultant_Physician,C,7,Ahmedabad,Gujarat,West,,5,WhatsApp,MCI-11564
HCP-1565,Avni,Dey,Diabetologist,B,3,Chennai,Tamil Nadu,South,Global Hospital,35,Hospital,MCI-11565
HCP-1566,Ronith,Lall,Diabetologist,C,8,Mumbai,Maharashtra,West,Fortis Hospital,32,Hospital,MCI-11566
HCP-1567,Faraj,Borra,GP,C,10,Delhi,Delhi,North,Kokilaben Hospital,14,Clinic,MCI-11567
HCP-1568,Anirudh,Tripathi,Gastroenterologist,C,9,Chennai,Tamil Nadu,South,,17,Clinic,MCI-11568
HCP-1569,Azaan,Ravel,Consultant_Physician,B,7,Chennai,Tamil Nadu,South,Aster Medcity,40,Hospital,MCI-11569
HCP-1570,Simon,Bansal,Pulmonist,B,3,Mumbai,Maharashtra,West,Fortis Hospital,14,Clinic,MCI-11570
HCP-1571,Abha,Zacharia,Cardiologist,A,1,Pune,Maharashtra,West,Wellness Clinic,35,Clinic,MCI-11571
HCP-1572,Urmi,Dixit,Pulmonist,A,1,Delhi,Delhi,North,,16,Clinic,MCI-11572
HCP-1573,Jasmit,Ramanathan,Cardiologist,B,5,Kolkata,West Bengal,East,Narayana Health,31,Phone,MCI-11573
HCP-1574,Udant,Mannan,Consultant_Physician,C,8,Ahmedabad,Gujarat,West,,13,Clinic,MCI-11574
HCP-1575,Krish,Shetty,Diabetologist,C,6,Ahmedabad,Gujarat,West,Lilavati Hospital,9,Phone,MCI-11575
HCP-1576,Yachana,Uppal,GP,B,4,Delhi,Delhi,North,Lilavati Hospital,37,Hospital,MCI-11576
HCP-1577,Gautam,Ranganathan,Diabetologist,B,5,Ahmedabad,Gujarat,West,Fortis Hospital,34,Clinic,MCI-11577
HCP-1578,Januja,Thakkar,Diabetologist,B,5,Delhi,Delhi,North,Artemis Hospital,10,Hospital,MCI-11578
HCP-1579,Advaith,Khare,Diabetologist,B,7,Ahmedabad,Gujarat,West,Wellness Clinic,34,Clinic,MCI-11579
HCP-1580,Noah,Varkey,Diabetologist,A,4,Mumbai,Maharashtra,West,Care Clinic,11,Hospital,MCI-11580
HCP-1581,Logan,Sehgal,Consultant_Physician,C,8,Bhopal,Madhya Pradesh,West,Sunrise Clinic,37,Hospital,MCI-11581
HCP-1582,Nathaniel,Gola,Pulmonist,C,9,Mumbai,Maharashtra,West,,13,Clinic,MCI-11582
HCP-1583,Madhav,Sule,Consultant_Physician,C,9,Chennai,Tamil Nadu,South,Sunrise Clinic,39,Clinic,MCI-11583
HCP-1584,Jagrati,Baria,Pulmonist,B,6,Bengaluru,Karnataka,South,Lilavati Hospital,29,Hospital,MCI-11584
HCP-1585,Theodore,Sura,Pulmonist,C,6,Mumbai,Maharashtra,West,Sunrise Clinic,40,Clinic,MCI-11585
HCP-1586,Vincent,Bhatnagar,Pulmonist,B,8,Delhi,Delhi,North,Sunrise Clinic,12,Phone,MCI-11586
HCP-1587,Aishani,Pingle,Diabetologist,B,5,Bhopal,Madhya Pradesh,West,Manipal Hospital,28,Clinic,MCI-11587
HCP-1588,Vivaan,Basak,Diabetologist,A,1,Pune,Maharashtra,West,Apollo Hospital,8,Clinic,MCI-11588
HCP-1589,Samuel,Vasa,Cardiologist,B,7,Kolkata,West Bengal,East,Lilavati Hospital,7,WhatsApp,MCI-11589
HCP-1590,Jalsa,Rama,Gastroenterologist,B,7,Hyderabad,Telangana,South,,24,Hospital,MCI-11590
HCP-1591,Upasna,Sha,GP,C,10,Ahmedabad,Gujarat,West,AIIMS,9,Hospital,MCI-11591
HCP-1592,Chakradhar,Baral,Consultant_Physician,A,2,Lucknow,Uttar Pradesh,North,Care Clinic,38,Phone,MCI-11592
HCP-1593,Ekiya,Chauhan,Cardiologist,A,3,Hyderabad,Telangana,South,,26,Clinic,MCI-11593
HCP-1594,Anusha,Lall,Pulmonist,B,3,Mumbai,Maharashtra,West,Narayana Health,23,Clinic,MCI-11594
HCP-1595,Owen,Puri,Diabetologist,B,7,Bengaluru,Karnataka,South,AIIMS,38,Phone,MCI-11595
HCP-1596,Kritika,Pau,Cardiologist,B,5,Hyderabad,Telangana,South,Kokilaben Hospital,13,Phone,MCI-11596
HCP-1597,Faras,Varughese,GP,B,7,Kolkata,West Bengal,East,Kokilaben Hospital,10,Clinic,MCI-11597
HCP-1598,Zayan,Puri,GP,A,3,Bengaluru,Karnataka,South,Max Healthcare,3,Phone,MCI-11598
HCP-1599,Udant,Varty,Consultant_Physician,A,2,Lucknow,Uttar Pradesh,North,Fortis Hospital,21,Phone,MCI-11599
HCP-1600,Nidra,Pandit,Consultant_Physician,A,1,Pune,Maharashtra,West,Care Clinic,27,Hospital,MCI-11600
HCP-1601,Hemani,Sur,Cardiologist,B,7,Ahmedabad,Gujarat,West,City Hospital,13,WhatsApp,MCI-11601
HCP-1602,Vasatika,Ahuja,Consultant_Physician,B,8,Delhi,Delhi,North,AIIMS,31,Hospital,MCI-11602
HCP-1603,Yachana,Dewan,GP,B,5,Pune,Maharashtra,West,Max Healthcare,16,WhatsApp,MCI-11603
HCP-1604,Ria,Gandhi,GP,C,8,Mumbai,Maharashtra,West,AIIMS,5,WhatsApp,MCI-11604
HCP-1605,Victor,Bose,Consultant_Physician,B,3,Pune,Maharashtra,West,Manipal Hospital,27,Clinic,MCI-11605
HCP-1606,Yoshita,Mand,Consultant_Physician,B,7,Mumbai,Maharashtra,West,Aster Medcity,18,Phone,MCI-11606
HCP-1607,Siddharth,Doctor,Cardiologist,A,2,Ahmedabad,Gujarat,West,AIIMS,2,Clinic,MCI-11607
HCP-1608,Rachit,Dugar,Cardiologist,A,5,Delhi,Delhi,North,Kokilaben Hospital,18,Clinic,MCI-11608
HCP-1609,Janaki,Dani,Gastroenterologist,C,9,Kochi,Kerala,South,AIIMS,10,Hospital,MCI-11609
HCP-1610,Victor,Sachdeva,Pulmonist,B,6,Bengaluru,Karnataka,South,Fortis Hospital,18,Hospital,MCI-11610
HCP-1611,Ganga,Comar,Diabetologist,B,8,Chennai,Tamil Nadu,South,Sunrise Clinic,14,Clinic,MCI-11611
HCP-1612,Vasatika,Srinivas,Diabetologist,C,8,Hyderabad,Telangana,South,,16,Clinic,MCI-11612
HCP-1613,Varenya,Kade,Cardiologist,A,2,Mumbai,Maharashtra,West,,14,Clinic,MCI-11613
HCP-1614,Neel,Roy,Consultant_Physician,C,9,Jaipur,Rajasthan,North,Sunrise Clinic,24,Clinic,MCI-11614
HCP-1615,Anthony,Kohli,Diabetologist,A,3,Ahmedabad,Gujarat,West,Medanta Hospital,8,Phone,MCI-11615
HCP-1616,Caleb,Datta,Diabetologist,B,7,Bengaluru,Karnataka,South,Care Clinic,10,Phone,MCI-11616
HCP-1617,Naveen,Desai,Pulmonist,B,8,Kolkata,West Bengal,East,,13,Clinic,MCI-11617
HCP-1618,Yauvani,Baral,Cardiologist,C,10,Kochi,Kerala,South,,12,Phone,MCI-11618
HCP-1619,Manan,Bhalla,Diabetologist,A,3,Delhi,Delhi,North,AIIMS,24,Clinic,MCI-11619
HCP-1620,Ojas,Kuruvilla,Pulmonist,A,4,Mumbai,Maharashtra,West,Lilavati Hospital,25,Clinic,MCI-11620
HCP-1621,Pranit,Varughese,Consultant_Physician,B,7,Kochi,Kerala,South,Medanta Hospital,40,Hospital,MCI-11621
HCP-1622,Nidra,Bahl,Gastroenterologist,B,5,Delhi,Delhi,North,Lilavati Hospital,10,Hospital,MCI-11622
HCP-1623,Bhanumati,Chada,Gastroenterologist,B,5,Bengaluru,Karnataka,South,,6,Clinic,MCI-11623
HCP-1624,Tarak,Sen,Diabetologist,B,6,Mumbai,Maharashtra,West,,22,Hospital,MCI-11624
HCP-1625,Urishilla,Subramaniam,Diabetologist,B,8,Kolkata,West Bengal,East,Aster Medcity,32,Hospital,MCI-11625
HCP-1626,Onkar,Kanda,Consultant_Physician,C,8,Mumbai,Maharashtra,West,Manipal Hospital,40,Hospital,MCI-11626
HCP-1627,Nirja,Dhar,GP,A,4,Delhi,Delhi,North,Care Clinic,35,Phone,MCI-11627
HCP-1628,Qabil,Vaidya,Pulmonist,A,2,Lucknow,Uttar Pradesh,North,Manipal Hospital,12,Phone,MCI-11628
HCP-1629,Aishani,Ganesh,Pulmonist,C,9,Delhi,Delhi,North,,30,Phone,MCI-11629
HCP-1630,Hema,Setty,Diabetologist,B,8,Kochi,Kerala,South,,9,Hospital,MCI-11630
HCP-1631,Ekapad,Karpe,Consultant_Physician,A,1,Mumbai,Maharashtra,West,Apollo Hospital,18,Clinic,MCI-11631
HCP-1632,Kritika,Rajan,Pulmonist,C,9,Delhi,Delhi,North,Care Clinic,28,Hospital,MCI-11632
HCP-1633,Kevin,Chopra,Pulmonist,B,7,Mumbai,Maharashtra,West,AIIMS,28,Clinic,MCI-11633
HCP-1634,Amol,Jain,GP,B,7,Chennai,Tamil Nadu,South,City Hospital,31,Clinic,MCI-11634
HCP-1635,Yamini,Saini,Cardiologist,B,8,Mumbai,Maharashtra,West,,6,Hospital,MCI-11635
HCP-1636,Mason,Char,Cardiologist,C,7,Hyderabad,Telangana,South,Care Clinic,6,Phone,MCI-11636
HCP-1637,Peter,Soni,GP,C,7,Bengaluru,Karnataka,South,Sunrise Clinic,34,WhatsApp,MCI-11637
HCP-1638,Balvan,Wali,Pulmonist,B,7,Ahmedabad,Gujarat,West,Manipal Hospital,27,Clinic,MCI-11638
HCP-1639,Yahvi,Dalal,Pulmonist,B,4,Chennai,Tamil Nadu,South,Apollo Hospital,13,Clinic,MCI-11639
HCP-1640,Girik,Subramaniam,Diabetologist,B,4,Jaipur,Rajasthan,North,,34,WhatsApp,MCI-11640
HCP-1641,Kalpit,Zacharia,Cardiologist,C,9,Kolkata,West Bengal,East,,36,Clinic,MCI-11641
HCP-1642,Aarav,Sankar,GP,C,7,Jaipur,Rajasthan,North,Manipal Hospital,32,Clinic,MCI-11642
HCP-1643,Osha,Prabhakar,Diabetologist,B,8,Hyderabad,Telangana,South,Wellness Clinic,8,Phone,MCI-11643
HCP-1644,Caleb,Wagle,GP,B,8,Mumbai,Maharashtra,West,AIIMS,15,Clinic,MCI-11644
HCP-1645,Pushti,Karnik,Diabetologist,B,7,Chennai,Tamil Nadu,South,Max Healthcare,38,Clinic,MCI-11645
HCP-1646,Vasatika,Raj,Cardiologist,A,2,Chennai,Tamil Nadu,South,,20,Clinic,MCI-11646
HCP-1647,Inaya,Chaudhari,GP,A,1,Delhi,Delhi,North,Max Healthcare,2,Clinic,MCI-11647
HCP-1648,Pavani,Desai,Cardiologist,C,10,Chennai,Tamil Nadu,South,Wellness Clinic,22,Phone,MCI-11648
HCP-1649,Aachal,Sood,Consultant_Physician,B,6,Mumbai,Maharashtra,West,Wellness Clinic,38,WhatsApp,MCI-11649
HCP-1650,Viraj,Chacko,Cardiologist,A,1,Mumbai,Maharashtra,West,,28,Clinic,MCI-11650
HCP-1651,Bhanumati,Rege,Diabetologist,B,7,Pune,Maharashtra,West,Max Healthcare,8,Hospital,MCI-11651
HCP-1652,Aarini,Gulati,Diabetologist,A,4,Hyderabad,Telangana,South,Artemis Hospital,28,Clinic,MCI-11652
HCP-1653,Abdul,Amble,Cardiologist,B,8,Hyderabad,Telangana,South,Care Clinic,15,Phone,MCI-11653
HCP-1654,Jacob,Venkatesh,Gastroenterologist,C,9,Mumbai,Maharashtra,West,,8,Phone,MCI-11654
HCP-1655,Abhimanyu,Prashad,GP,B,6,Pune,Maharashtra,West,Fortis Hospital,12,WhatsApp,MCI-11655
HCP-1656,Samesh,Mutti,Pulmonist,A,2,Jaipur,Rajasthan,North,,37,Phone,MCI-11656
HCP-1657,Nilima,Pathak,Gastroenterologist,B,4,Mumbai,Maharashtra,West,Sunrise Clinic,30,Hospital,MCI-11657
HCP-1658,Hredhaan,Dubey,Diabetologist,A,1,Mumbai,Maharashtra,West,Max Healthcare,36,Clinic,MCI-11658
HCP-1659,Pooja,Kulkarni,Cardiologist,C,7,Mumbai,Maharashtra,West,,38,Phone,MCI-11659
HCP-1660,Advika,Wason,Consultant_Physician,B,5,Bhopal,Madhya Pradesh,West,Manipal Hospital,29,Hospital,MCI-11660
HCP-1661,Pallavi,Pau,Diabetologist,B,4,Chennai,Tamil Nadu,South,Wellness Clinic,15,Clinic,MCI-11661
HCP-1662,Anya,Ranganathan,GP,C,9,Ahmedabad,Gujarat,West,Artemis Hospital,32,Hospital,MCI-11662
HCP-1663,Samar,Sachdev,Diabetologist,B,7,Lucknow,Uttar Pradesh,North,Max Healthcare,5,Hospital,MCI-11663
HCP-1664,Vasudha,Gola,Diabetologist,B,6,Bengaluru,Karnataka,South,,14,WhatsApp,MCI-11664
HCP-1665,Kamala,Sule,Pulmonist,C,9,Mumbai,Maharashtra,West,Care Clinic,16,Hospital,MCI-11665
HCP-1666,Zehaan,Mohanty,GP,B,6,Chennai,Tamil Nadu,South,Medanta Hospital,39,Hospital,MCI-11666
HCP-1667,Hemangini,Rao,Diabetologist,C,10,Pune,Maharashtra,West,City Hospital,17,Clinic,MCI-11667
HCP-1668,Lakshit,Dani,Consultant_Physician,B,6,Lucknow,Uttar Pradesh,North,,12,Clinic,MCI-11668
HCP-1669,Victor,Sekhon,Diabetologist,C,8,Delhi,Delhi,North,,33,Phone,MCI-11669
HCP-1670,Neel,Chaudhry,Consultant_Physician,A,2,Hyderabad,Telangana,South,,16,Clinic,MCI-11670
HCP-1671,Tanish,Trivedi,GP,B,5,Mumbai,Maharashtra,West,Kokilaben Hospital,26,WhatsApp,MCI-11671
HCP-1672,Nandini,Nigam,GP,C,9,Bengaluru,Karnataka,South,Apollo Hospital,11,Clinic,MCI-11672
HCP-1673,Charles,Dyal,Diabetologist,A,2,Delhi,Delhi,North,Fortis Hospital,2,Clinic,MCI-11673
HCP-1674,Lopa,Ahluwalia,Cardiologist,C,9,Delhi,Delhi,North,,24,Clinic,MCI-11674
HCP-1675,Gavin,Dhillon,Diabetologist,B,4,Delhi,Delhi,North,City Hospital,33,Phone,MCI-11675
HCP-1676,Urishilla,Saran,Consultant_Physician,B,5,Mumbai,Maharashtra,West,,11,Clinic,MCI-11676
HCP-1677,Gaurang,Bhatt,GP,B,4,Mumbai,Maharashtra,West,Care Clinic,33,Phone,MCI-11677
HCP-1678,Adya,Kapadia,GP,C,10,Kolkata,West Bengal,East,Artemis Hospital,2,Hospital,MCI-11678
HCP-1679,Kamala,Buch,GP,B,4,Hyderabad,Telangana,South,Fortis Hospital,22,Clinic,MCI-11679
HCP-1680,Baljiwan,Rajagopalan,GP,C,8,Jaipur,Rajasthan,North,Care Clinic,4,Clinic,MCI-11680
HCP-1681,Nandini,Verma,Gastroenterologist,B,4,Bengaluru,Karnataka,South,AIIMS,13,Clinic,MCI-11681
HCP-1682,Bhavini,Bhandari,Cardiologist,B,6,Chennai,Tamil Nadu,South,Aster Medcity,26,Hospital,MCI-11682
HCP-1683,Parth,Talwar,Cardiologist,B,3,Pune,Maharashtra,West,,6,Clinic,MCI-11683
HCP-1684,Reva,Anne,Consultant_Physician,B,8,Chennai,Tamil Nadu,South,,16,WhatsApp,MCI-11684
HCP-1685,Saksham,Vasa,GP,C,7,Pune,Maharashtra,West,Aster Medcity,27,Clinic,MCI-11685
HCP-1686,Bhavika,Hayer,Gastroenterologist,A,1,Delhi,Delhi,North,,3,Clinic,MCI-11686
HCP-1687,Bahadurjit,Uppal,Cardiologist,A,2,Chennai,Tamil Nadu,South,Medanta Hospital,19,Hospital,MCI-11687
HCP-1688,Zaitra,Kata,Consultant_Physician,B,5,Bengaluru,Karnataka,South,,12,Hospital,MCI-11688
HCP-1689,Omkaar,Banik,Cardiologist,A,3,Jaipur,Rajasthan,North,City Hospital,38,Phone,MCI-11689
HCP-1690,Jagvi,Khare,Diabetologist,C,8,Bhopal,Madhya Pradesh,West,Max Healthcare,31,Hospital,MCI-11690
HCP-1691,Aadi,Dugar,Diabetologist,B,4,Ahmedabad,Gujarat,West,Aster Medcity,4,Hospital,MCI-11691
HCP-1692,Gabriel,Majumdar,GP,C,7,Hyderabad,Telangana,South,Aster Medcity,12,Hospital,MCI-11692
HCP-1693,Mugdha,Pandit,Cardiologist,B,5,Kolkata,West Bengal,East,Fortis Hospital,28,Clinic,MCI-11693
HCP-1694,Megha,Ravi,Consultant_Physician,A,2,Bengaluru,Karnataka,South,Fortis Hospital,26,WhatsApp,MCI-11694
HCP-1695,Sai,Vasa,Pulmonist,C,7,Bengaluru,Karnataka,South,Fortis Hospital,21,Hospital,MCI-11695
HCP-1696,Alexander,Biswas,Cardiologist,B,4,Mumbai,Maharashtra,West,Manipal Hospital,21,Clinic,MCI-11696
HCP-1697,Gautam,Mane,Cardiologist,A,5,Chennai,Tamil Nadu,South,Narayana Health,4,Clinic,MCI-11697
HCP-1698,Ijaya,Palan,Diabetologist,B,7,Mumbai,Maharashtra,West,Medanta Hospital,26,Phone,MCI-11698
HCP-1699,Aradhana,Kara,GP,C,10,Ahmedabad,Gujarat,West,Lilavati Hospital,28,Hospital,MCI-11699
HCP-1700,Robert,Sha,Cardiologist,C,7,Mumbai,Maharashtra,West,Aster Medcity,29,Clinic,MCI-11700
HCP-1701,Netra,Agrawal,Cardiologist,B,7,Lucknow,Uttar Pradesh,North,,5,Phone,MCI-11701
HCP-1702,Advika,Gill,GP,C,9,Chennai,Tamil Nadu,South,Narayana Health,10,Hospital,MCI-11702
HCP-1703,Niharika,Toor,Consultant_Physician,A,2,Ahmedabad,Gujarat,West,City Hospital,7,Hospital,MCI-11703
HCP-1704,Hredhaan,Bora,Diabetologist,B,5,Hyderabad,Telangana,South,Wellness Clinic,34,Clinic,MCI-11704
HCP-1705,Yahvi,Menon,Cardiologist,C,10,Jaipur,Rajasthan,North,,24,Hospital,MCI-11705
HCP-1706,Harini,Dada,Pulmonist,B,8,Kolkata,West Bengal,East,Manipal Hospital,29,WhatsApp,MCI-11706
HCP-1707,Yochana,Kurian,GP,B,5,Lucknow,Uttar Pradesh,North,Medanta Hospital,15,Clinic,MCI-11707
HCP-1708,Zashil,Savant,Consultant_Physician,B,6,Kolkata,West Bengal,East,,28,Clinic,MCI-11708
HCP-1709,Krishna,Sule,GP,B,8,Hyderabad,Telangana,South,Kokilaben Hospital,13,Phone,MCI-11709
HCP-1710,Yagnesh,Nori,Consultant_Physician,C,8,Kochi,Kerala,South,Artemis Hospital,27,WhatsApp,MCI-11710
HCP-1711,Tara,Sharma,Gastroenterologist,B,8,Chennai,Tamil Nadu,South,,5,Clinic,MCI-11711
HCP-1712,Ayaan,Subramaniam,Diabetologist,C,8,Lucknow,Uttar Pradesh,North,Manipal Hospital,29,Hospital,MCI-11712
HCP-1713,Jackson,Kuruvilla,Diabetologist,B,5,Pune,Maharashtra,West,Wellness Clinic,33,Clinic,MCI-11713
HCP-1714,Ekansh,Raja,Pulmonist,B,7,Hyderabad,Telangana,South,Lilavati Hospital,3,Clinic,MCI-11714
HCP-1715,Thomas,Karpe,Consultant_Physician,A,4,Mumbai,Maharashtra,West,Fortis Hospital,37,Hospital,MCI-11715
HCP-1716,Diya,Sachar,Gastroenterologist,B,6,Pune,Maharashtra,West,Kokilaben Hospital,17,Hospital,MCI-11716
HCP-1717,Ira,Varty,Diabetologist,C,8,Chennai,Tamil Nadu,South,,8,Hospital,MCI-11717
HCP-1718,Aditya,Lall,Pulmonist,C,7,Hyderabad,Telangana,South,City Hospital,39,Clinic,MCI-11718
HCP-1719,Yuvraj,Mani,Cardiologist,C,8,Lucknow,Uttar Pradesh,North,,40,WhatsApp,MCI-11719
HCP-1720,Girik,Rastogi,GP,B,7,Pune,Maharashtra,West,,11,Hospital,MCI-11720
HCP-1721,Hema,Borra,Pulmonist,C,7,Bengaluru,Karnataka,South,,32,Clinic,MCI-11721
HCP-1722,Pranav,Soni,Diabetologist,A,2,Lucknow,Uttar Pradesh,North,,5,Hospital,MCI-11722
HCP-1723,Dipta,Pandya,GP,A,2,Kochi,Kerala,South,Lilavati Hospital,27,Hospital,MCI-11723
HCP-1724,Tejas,Luthra,GP,B,4,Lucknow,Uttar Pradesh,North,Aster Medcity,9,Phone,MCI-11724
HCP-1725,Qadim,Gupta,Diabetologist,C,9,Pune,Maharashtra,West,Apollo Hospital,13,Phone,MCI-11725
HCP-1726,Wishi,Iyengar,Gastroenterologist,A,1,Chennai,Tamil Nadu,South,Care Clinic,31,Hospital,MCI-11726
HCP-1727,Wahab,Khurana,Consultant_Physician,C,7,Delhi,Delhi,North,Aster Medcity,5,WhatsApp,MCI-11727
HCP-1728,Alka,Jhaveri,Gastroenterologist,C,7,Lucknow,Uttar Pradesh,North,Global Hospital,18,Phone,MCI-11728
HCP-1729,Veer,Jain,GP,C,6,Ahmedabad,Gujarat,West,Fortis Hospital,29,WhatsApp,MCI-11729
HCP-1730,Zaid,Parekh,GP,B,6,Mumbai,Maharashtra,West,City Hospital,31,Phone,MCI-11730
HCP-1731,Nachiket,Chhabra,GP,C,8,Mumbai,Maharashtra,West,City Hospital,20,Hospital,MCI-11731
HCP-1732,Jagdish,Brar,Diabetologist,B,3,Kolkata,West Bengal,East,Medanta Hospital,30,Phone,MCI-11732
HCP-1733,Waida,Ahuja,GP,B,7,Bhopal,Madhya Pradesh,West,Apollo Hospital,24,Hospital,MCI-11733
HCP-1734,Brijesh,Subramaniam,Pulmonist,A,3,Kolkata,West Bengal,East,Max Healthcare,29,WhatsApp,MCI-11734
HCP-1735,Kamya,Murty,Cardiologist,C,8,Hyderabad,Telangana,South,Apollo Hospital,40,Clinic,MCI-11735
HCP-1736,Waida,Maharaj,Consultant_Physician,B,3,Lucknow,Uttar Pradesh,North,Artemis Hospital,33,Clinic,MCI-11736
HCP-1737,Vritti,Goswami,Cardiologist,C,9,Bengaluru,Karnataka,South,Care Clinic,30,Hospital,MCI-11737
HCP-1738,Yasti,Mammen,GP,B,5,Ahmedabad,Gujarat,West,Sunrise Clinic,36,Phone,MCI-11738
HCP-1739,Mitali,Kapadia,Consultant_Physician,C,10,Bengaluru,Karnataka,South,Apollo Hospital,10,Phone,MCI-11739
HCP-1740,Kabir,Bhagat,Diabetologist,C,6,Lucknow,Uttar Pradesh,North,Global Hospital,15,Clinic,MCI-11740
HCP-1741,Pallavi,Sridhar,Gastroenterologist,C,7,Kochi,Kerala,South,,21,Clinic,MCI-11741
HCP-1742,Bachittar,Thakkar,GP,A,2,Delhi,Delhi,North,,20,Clinic,MCI-11742
HCP-1743,Idika,Ramesh,Diabetologist,C,10,Bhopal,Madhya Pradesh,West,Manipal Hospital,33,Clinic,MCI-11743
HCP-1744,Owen,Shankar,Consultant_Physician,B,6,Mumbai,Maharashtra,West,City Hospital,23,Hospital,MCI-11744
HCP-1745,Jai,Vasa,Cardiologist,A,3,Kolkata,West Bengal,East,Artemis Hospital,5,Hospital,MCI-11745
HCP-1746,Triveni,Mutti,Cardiologist,A,4,Kolkata,West Bengal,East,Wellness Clinic,39,Clinic,MCI-11746
HCP-1747,Abhiram,Arora,Consultant_Physician,A,1,Ahmedabad,Gujarat,West,Wellness Clinic,3,Clinic,MCI-11747
HCP-1748,Shivansh,Raghavan,Gastroenterologist,B,6,Mumbai,Maharashtra,West,Kokilaben Hospital,20,Clinic,MCI-11748
HCP-1749,Harrison,Nanda,Diabetologist,B,7,Lucknow,Uttar Pradesh,North,Artemis Hospital,16,Clinic,MCI-11749
HCP-1750,Janaki,Lad,Consultant_Physician,C,7,Delhi,Delhi,North,City Hospital,33,Clinic,MCI-11750
HCP-1751,Rachit,Lall,Cardiologist,B,6,Hyderabad,Telangana,South,,11,WhatsApp,MCI-11751
HCP-1752,Warjas,Luthra,Diabetologist,C,6,Delhi,Delhi,North,Wellness Clinic,13,Hospital,MCI-11752
HCP-1753,Urishilla,Oza,Cardiologist,B,5,Bengaluru,Karnataka,South,,12,Clinic,MCI-11753
HCP-1754,Jasmit,Gour,Cardiologist,C,9,Mumbai,Maharashtra,West,,19,Phone,MCI-11754
HCP-1755,Wishi,Samra,Cardiologist,C,7,Delhi,Delhi,North,Fortis Hospital,3,Clinic,MCI-11755
HCP-1756,Shivansh,Saini,Gastroenterologist,A,1,Mumbai,Maharashtra,West,Medanta Hospital,17,Phone,MCI-11756
HCP-1757,Kashish,Patla,Cardiologist,C,6,Delhi,Delhi,North,,21,WhatsApp,MCI-11757
HCP-1758,Nandini,Mammen,Diabetologist,A,3,Bengaluru,Karnataka,South,,12,Hospital,MCI-11758
HCP-1759,Shravya,Gole,Diabetologist,C,7,Mumbai,Maharashtra,West,Lilavati Hospital,18,Hospital,MCI-11759
HCP-1760,Karan,Karnik,Pulmonist,A,2,Chennai,Tamil Nadu,South,Apollo Hospital,2,Clinic,MCI-11760
HCP-1761,Harish,Madan,Pulmonist,A,2,Delhi,Delhi,North,,36,Phone,MCI-11761
HCP-1762,Warinder,Sankaran,GP,C,9,Hyderabad,Telangana,South,,33,Hospital,MCI-11762
HCP-1763,Lakshmi,Hayre,GP,B,6,Chennai,Tamil Nadu,South,,7,Hospital,MCI-11763
HCP-1764,Madhav,Doctor,Cardiologist,B,4,Delhi,Delhi,North,,33,Clinic,MCI-11764
HCP-1765,Urvashi,Andra,Pulmonist,C,8,Delhi,Delhi,North,,38,Hospital,MCI-11765
HCP-1766,Patrick,Sama,Cardiologist,B,5,Kochi,Kerala,South,Wellness Clinic,40,Clinic,MCI-11766
HCP-1767,Xalak,Desai,Gastroenterologist,B,4,Jaipur,Rajasthan,North,,27,Clinic,MCI-11767
HCP-1768,Zansi,Walla,Cardiologist,B,5,Mumbai,Maharashtra,West,Max Healthcare,22,Hospital,MCI-11768
HCP-1769,Diya,Sur,Cardiologist,B,4,Pune,Maharashtra,West,Narayana Health,10,Clinic,MCI-11769
HCP-1770,Charita,Krishna,GP,B,5,Delhi,Delhi,North,Wellness Clinic,24,Clinic,MCI-11770
HCP-1771,Champak,Rao,Cardiologist,B,6,Jaipur,Rajasthan,North,AIIMS,33,Hospital,MCI-11771
HCP-1772,Hardik,Gade,Diabetologist,B,7,Bhopal,Madhya Pradesh,West,City Hospital,11,Hospital,MCI-11772
HCP-1773,Darpan,Kale,Consultant_Physician,C,7,Delhi,Delhi,North,Apollo Hospital,14,Clinic,MCI-11773
HCP-1774,Aachal,Soni,Pulmonist,C,8,Kolkata,West Bengal,East,,7,Clinic,MCI-11774
HCP-1775,Gopal,Sengupta,Diabetologist,B,6,Kolkata,West Bengal,East,AIIMS,39,Phone,MCI-11775
HCP-1776,Gaurika,Lad,Diabetologist,A,5,Ahmedabad,Gujarat,West,,20,Clinic,MCI-11776
HCP-1777,Jalsa,Parsa,Diabetologist,B,5,Jaipur,Rajasthan,North,,13,Clinic,MCI-11777
HCP-1778,Aarini,Padmanabhan,Cardiologist,B,7,Chennai,Tamil Nadu,South,,17,WhatsApp,MCI-11778
HCP-1779,Anmol,Sabharwal,Cardiologist,C,7,Mumbai,Maharashtra,West,Aster Medcity,6,Hospital,MCI-11779
HCP-1780,Jairaj,Panchal,Cardiologist,B,5,Bengaluru,Karnataka,South,,40,Clinic,MCI-11780
HCP-1781,Rushil,Yohannan,Consultant_Physician,B,6,Mumbai,Maharashtra,West,,21,Clinic,MCI-11781
HCP-1782,Owen,Mane,Cardiologist,B,7,Hyderabad,Telangana,South,,3,Clinic,MCI-11782
HCP-1783,Isha,Nair,Diabetologist,C,8,Delhi,Delhi,North,City Hospital,16,Hospital,MCI-11783
HCP-1784,Yashvi,Sura,Cardiologist,B,5,Kochi,Kerala,South,Sunrise Clinic,3,Clinic,MCI-11784
HCP-1785,Sanya,Brar,GP,A,2,Pune,Maharashtra,West,,32,Clinic,MCI-11785
HCP-1786,Lakshmi,Mangat,Pulmonist,B,5,Bengaluru,Karnataka,South,Medanta Hospital,30,WhatsApp,MCI-11786
HCP-1787,Ubika,Dhillon,Diabetologist,B,5,Mumbai,Maharashtra,West,Kokilaben Hospital,10,Phone,MCI-11787
HCP-1788,Oliver,Nazareth,Pulmonist,B,4,Mumbai,Maharashtra,West,Artemis Hospital,37,Clinic,MCI-11788
HCP-1789,Oviya,Ravel,GP,A,1,Mumbai,Maharashtra,West,Lilavati Hospital,36,Phone,MCI-11789
HCP-1790,Ekbal,Buch,GP,C,7,Mumbai,Maharashtra,West,Max Healthcare,13,WhatsApp,MCI-11790
HCP-1791,Neel,Oza,GP,B,6,Hyderabad,Telangana,South,Lilavati Hospital,7,Hospital,MCI-11791
HCP-1792,Vedant,Murthy,Cardiologist,C,9,Ahmedabad,Gujarat,West,Apollo Hospital,29,Phone,MCI-11792
HCP-1793,Edhitha,Manne,Consultant_Physician,C,7,Mumbai,Maharashtra,West,Manipal Hospital,21,Phone,MCI-11793
HCP-1794,Amara,Rana,GP,B,5,Ahmedabad,Gujarat,West,Aster Medcity,32,Phone,MCI-11794
HCP-1795,Anika,Saxena,Cardiologist,C,9,Lucknow,Uttar Pradesh,North,Global Hospital,23,Clinic,MCI-11795
HCP-1796,Janani,Verma,Consultant_Physician,A,1,Bengaluru,Karnataka,South,Sunrise Clinic,28,Hospital,MCI-11796
HCP-1797,Shravya,Sachdev,Diabetologist,C,8,Delhi,Delhi,North,Manipal Hospital,13,Clinic,MCI-11797
HCP-1798,Oliver,Gour,Gastroenterologist,C,7,Mumbai,Maharashtra,West,Artemis Hospital,19,Phone,MCI-11798
HCP-1799,Arin,Dass,Gastroenterologist,C,9,Kolkata,West Bengal,East,Aster Medcity,21,Clinic,MCI-11799
HCP-1800,Wahab,Krishnamurthy,GP,C,8,Pune,Maharashtra,West,City Hospital,15,Clinic,MCI-11800
HCP-1801,Fariq,Kade,GP,A,1,Bhopal,Madhya Pradesh,West,Artemis Hospital,22,Hospital,MCI-11801
HCP-1802,Ojas,Ranganathan,Pulmonist,A,1,Mumbai,Maharashtra,West,Lilavati Hospital,22,Clinic,MCI-11802
HCP-1803,Harshil,Chandran,Cardiologist,C,7,Mumbai,Maharashtra,West,Medanta Hospital,10,Clinic,MCI-11803
HCP-1804,Devansh,Solanki,GP,C,10,Ahmedabad,Gujarat,West,Wellness Clinic,31,Phone,MCI-11804
HCP-1805,Chatura,Bal,Cardiologist,B,6,Mumbai,Maharashtra,West,,20,Clinic,MCI-11805
HCP-1806,Mekhala,Viswanathan,Pulmonist,C,8,Bengaluru,Karnataka,South,,22,Phone,MCI-11806
HCP-1807,Fiyaz,Chawla,Cardiologist,B,6,Delhi,Delhi,North,Aster Medcity,9,Clinic,MCI-11807
HCP-1808,Adweta,Dugal,Consultant_Physician,B,7,Delhi,Delhi,North,Aster Medcity,16,Clinic,MCI-11808
HCP-1809,Frado,Ramakrishnan,Pulmonist,B,7,Mumbai,Maharashtra,West,,14,Clinic,MCI-11809
HCP-1810,Dayamai,Karnik,Diabetologist,C,7,Kolkata,West Bengal,East,Aster Medcity,34,WhatsApp,MCI-11810
HCP-1811,Yug,Mander,GP,C,9,Pune,Maharashtra,West,Lilavati Hospital,11,Hospital,MCI-11811
HCP-1812,Saanvi,Date,Consultant_Physician,A,1,Bengaluru,Karnataka,South,Apollo Hospital,36,Clinic,MCI-11812
HCP-1813,Karan,Vyas,GP,A,1,Hyderabad,Telangana,South,,11,Clinic,MCI-11813
HCP-1814,Onkar,Balakrishnan,Gastroenterologist,C,8,Mumbai,Maharashtra,West,,38,Clinic,MCI-11814
HCP-1815,Bakhshi,Parikh,Cardiologist,A,2,Mumbai,Maharashtra,West,AIIMS,8,Phone,MCI-11815
HCP-1816,Eshana,Soni,Gastroenterologist,C,10,Mumbai,Maharashtra,West,Global Hospital,32,Phone,MCI-11816
HCP-1817,Unni,Zachariah,GP,C,9,Delhi,Delhi,North,Manipal Hospital,5,Clinic,MCI-11817
HCP-1818,Anita,Saxena,Consultant_Physician,B,8,Mumbai,Maharashtra,West,Medanta Hospital,18,Clinic,MCI-11818
HCP-1819,Krishna,Zacharia,GP,B,7,Lucknow,Uttar Pradesh,North,Fortis Hospital,15,Clinic,MCI-11819
HCP-1820,Peter,Shan,Cardiologist,A,1,Chennai,Tamil Nadu,South,Medanta Hospital,28,Hospital,MCI-11820
HCP-1821,Radhika,Viswanathan,Cardiologist,B,6,Chennai,Tamil Nadu,South,Care Clinic,35,Hospital,MCI-11821
HCP-1822,Dayita,Palan,Diabetologist,A,3,Kolkata,West Bengal,East,Lilavati Hospital,9,Clinic,MCI-11822
HCP-1823,Vasatika,Zacharia,Gastroenterologist,B,6,Delhi,Delhi,North,Artemis Hospital,5,Clinic,MCI-11823
HCP-1824,Utkarsh,Chakraborty,Diabetologist,A,1,Mumbai,Maharashtra,West,Wellness Clinic,10,Clinic,MCI-11824
HCP-1825,Riya,Morar,Diabetologist,B,7,Pune,Maharashtra,West,Manipal Hospital,19,Phone,MCI-11825
HCP-1826,Jasmit,Sachar,GP,B,6,Delhi,Delhi,North,Lilavati Hospital,31,WhatsApp,MCI-11826
HCP-1827,Abha,Dugal,GP,A,3,Kolkata,West Bengal,East,Aster Medcity,15,Phone,MCI-11827
HCP-1828,Chavvi,Anne,GP,C,8,Delhi,Delhi,North,Sunrise Clinic,17,WhatsApp,MCI-11828
HCP-1829,Aadi,Virk,Cardiologist,B,6,Delhi,Delhi,North,Lilavati Hospital,23,Hospital,MCI-11829
HCP-1830,Laban,Padmanabhan,Gastroenterologist,B,3,Chennai,Tamil Nadu,South,Kokilaben Hospital,36,Clinic,MCI-11830
HCP-1831,Bhavini,Singh,Consultant_Physician,B,4,Ahmedabad,Gujarat,West,Max Healthcare,10,Clinic,MCI-11831
HCP-1832,Abhiram,Swamy,Consultant_Physician,B,4,Delhi,Delhi,North,,28,Hospital,MCI-11832
HCP-1833,Vansha,Mistry,Gastroenterologist,C,7,Pune,Maharashtra,West,Fortis Hospital,36,Clinic,MCI-11833
HCP-1834,Aditya,Sani,Cardiologist,A,3,Chennai,Tamil Nadu,South,,25,Clinic,MCI-11834
HCP-1835,Brinda,Kashyap,GP,C,7,Pune,Maharashtra,West,Lilavati Hospital,5,Clinic,MCI-11835
HCP-1836,Abhimanyu,Prakash,Consultant_Physician,A,2,Kolkata,West Bengal,East,Kokilaben Hospital,37,WhatsApp,MCI-11836
HCP-1837,Ranbir,Sabharwal,Consultant_Physician,B,5,Delhi,Delhi,North,,39,Phone,MCI-11837
HCP-1838,Rajeshri,Rana,Consultant_Physician,B,6,Mumbai,Maharashtra,West,Artemis Hospital,12,Clinic,MCI-11838
HCP-1839,Zaid,Gade,Consultant_Physician,A,3,Mumbai,Maharashtra,West,AIIMS,29,Clinic,MCI-11839
HCP-1840,Madhavi,Radhakrishnan,Diabetologist,B,6,Bhopal,Madhya Pradesh,West,,34,Clinic,MCI-11840
HCP-1841,Thomas,Lall,Diabetologist,B,6,Hyderabad,Telangana,South,,21,Phone,MCI-11841
HCP-1842,Fariq,Sami,Gastroenterologist,C,7,Delhi,Delhi,North,Fortis Hospital,13,Hospital,MCI-11842
HCP-1843,Wriddhish,Varughese,Cardiologist,B,6,Kolkata,West Bengal,East,Lilavati Hospital,33,WhatsApp,MCI-11843
HCP-1844,Anita,Mane,Consultant_Physician,A,3,Delhi,Delhi,North,Artemis Hospital,25,Phone,MCI-11844
HCP-1845,Amruta,Sachar,Diabetologist,B,8,Jaipur,Rajasthan,North,Global Hospital,5,Clinic,MCI-11845
HCP-1846,Raghav,Biswas,Diabetologist,B,6,Delhi,Delhi,North,,38,Hospital,MCI-11846
HCP-1847,Qabil,Deshpande,Consultant_Physician,B,3,Mumbai,Maharashtra,West,City Hospital,16,Phone,MCI-11847
HCP-1848,Bimala,Choudhry,Consultant_Physician,C,9,Bhopal,Madhya Pradesh,West,Max Healthcare,35,Clinic,MCI-11848
HCP-1849,Tamanna,Sethi,Gastroenterologist,A,1,Delhi,Delhi,North,Artemis Hospital,7,Clinic,MCI-11849
HCP-1850,Anita,Swamy,Cardiologist,B,6,Hyderabad,Telangana,South,Artemis Hospital,6,Phone,MCI-11850
HCP-1851,Raghav,Nagi,Cardiologist,C,8,Mumbai,Maharashtra,West,,35,Phone,MCI-11851
HCP-1852,Anirudh,Doshi,GP,B,5,Pune,Maharashtra,West,Medanta Hospital,9,Hospital,MCI-11852
HCP-1853,Chandran,Warrior,Cardiologist,B,6,Lucknow,Uttar Pradesh,North,Care Clinic,18,Clinic,MCI-11853
HCP-1854,Anthony,Grewal,Consultant_Physician,B,5,Chennai,Tamil Nadu,South,Apollo Hospital,36,Clinic,MCI-11854
HCP-1855,Harsh,Manda,Gastroenterologist,A,4,Pune,Maharashtra,West,,38,Phone,MCI-11855
HCP-1856,Amruta,Dass,Consultant_Physician,C,9,Pune,Maharashtra,West,Aster Medcity,33,Hospital,MCI-11856
HCP-1857,Raksha,Anand,Cardiologist,B,5,Delhi,Delhi,North,AIIMS,19,WhatsApp,MCI-11857
HCP-1858,Viraj,Chana,Cardiologist,B,5,Hyderabad,Telangana,South,Artemis Hospital,27,Phone,MCI-11858
HCP-1859,Matthew,Aurora,GP,C,9,Pune,Maharashtra,West,Sunrise Clinic,40,Phone,MCI-11859
HCP-1860,Wakeeta,Kalla,Consultant_Physician,B,5,Jaipur,Rajasthan,North,Aster Medcity,38,Hospital,MCI-11860
HCP-1861,Hema,Salvi,Diabetologist,A,2,Ahmedabad,Gujarat,West,City Hospital,27,WhatsApp,MCI-11861
HCP-1862,Devika,Tara,GP,A,3,Ahmedabad,Gujarat,West,Medanta Hospital,28,Clinic,MCI-11862
HCP-1863,Kamya,Sheth,Cardiologist,B,6,Lucknow,Uttar Pradesh,North,Fortis Hospital,5,Clinic,MCI-11863
HCP-1864,Azad,Narayanan,Gastroenterologist,A,3,Chennai,Tamil Nadu,South,,15,Clinic,MCI-11864
HCP-1865,Faris,Dhingra,Consultant_Physician,B,5,Lucknow,Uttar Pradesh,North,Kokilaben Hospital,32,Hospital,MCI-11865
HCP-1866,Daksh,Lata,Cardiologist,B,6,Bengaluru,Karnataka,South,Manipal Hospital,24,Clinic,MCI-11866
HCP-1867,Manya,Bora,Gastroenterologist,B,5,Mumbai,Maharashtra,West,Sunrise Clinic,37,Clinic,MCI-11867
HCP-1868,Upma,Golla,GP,A,5,Chennai,Tamil Nadu,South,Medanta Hospital,3,WhatsApp,MCI-11868
HCP-1869,Rehaan,Krishna,Pulmonist,B,5,Bhopal,Madhya Pradesh,West,,26,WhatsApp,MCI-11869
HCP-1870,Lakshmi,Arora,Pulmonist,B,7,Jaipur,Rajasthan,North,,33,Clinic,MCI-11870
HCP-1871,Jairaj,Kothari,Consultant_Physician,B,3,Pune,Maharashtra,West,Fortis Hospital,11,Clinic,MCI-11871
HCP-1872,Lekha,Savant,Diabetologist,A,3,Kolkata,West Bengal,East,City Hospital,35,Hospital,MCI-11872
HCP-1873,Yug,Bandi,GP,B,6,Mumbai,Maharashtra,West,Narayana Health,23,Hospital,MCI-11873
HCP-1874,Rushil,Sharma,Consultant_Physician,B,6,Bengaluru,Karnataka,South,AIIMS,34,Clinic,MCI-11874
HCP-1875,Girindra,Verma,Cardiologist,A,3,Mumbai,Maharashtra,West,Narayana Health,2,Hospital,MCI-11875
HCP-1876,Sathvik,Solanki,Cardiologist,C,7,Chennai,Tamil Nadu,South,Kokilaben Hospital,9,Hospital,MCI-11876
HCP-1877,Lopa,Muni,GP,B,4,Pune,Maharashtra,West,,36,WhatsApp,MCI-11877
HCP-1878,Ekantika,Dutt,Diabetologist,A,1,Hyderabad,Telangana,South,,2,Hospital,MCI-11878
HCP-1879,Brijesh,Verma,GP,B,6,Lucknow,Uttar Pradesh,North,Kokilaben Hospital,40,Clinic,MCI-11879
HCP-1880,Jason,Kulkarni,Gastroenterologist,C,7,Bengaluru,Karnataka,South,Global Hospital,33,Clinic,MCI-11880
HCP-1881,Vasana,Misra,GP,A,2,Hyderabad,Telangana,South,Manipal Hospital,5,Hospital,MCI-11881
HCP-1882,Rushil,Patel,Diabetologist,B,6,Mumbai,Maharashtra,West,,10,Clinic,MCI-11882
HCP-1883,Charles,Kamdar,GP,C,6,Chennai,Tamil Nadu,South,City Hospital,30,Phone,MCI-11883
HCP-1884,Isaiah,Keer,GP,C,8,Jaipur,Rajasthan,North,,17,Hospital,MCI-11884
HCP-1885,Radha,Nair,Diabetologist,B,4,Delhi,Delhi,North,Sunrise Clinic,15,Clinic,MCI-11885
HCP-1886,Alexander,Ganesh,GP,B,8,Ahmedabad,Gujarat,West,Max Healthcare,8,Clinic,MCI-11886
HCP-1887,Anya,Dar,Pulmonist,A,3,Kolkata,West Bengal,East,Fortis Hospital,9,Clinic,MCI-11887
HCP-1888,Meghana,Kibe,Consultant_Physician,C,6,Delhi,Delhi,North,Medanta Hospital,34,Hospital,MCI-11888
HCP-1889,Aditya,Basak,Cardiologist,B,7,Bhopal,Madhya Pradesh,West,Medanta Hospital,11,Clinic,MCI-11889
HCP-1890,Vaishnavi,Dubey,Consultant_Physician,A,1,Jaipur,Rajasthan,North,Kokilaben Hospital,36,Clinic,MCI-11890
HCP-1891,Kamya,Chakraborty,Diabetologist,A,3,Lucknow,Uttar Pradesh,North,,30,Hospital,MCI-11891
HCP-1892,Yuvraj,Dugar,Consultant_Physician,A,1,Kochi,Kerala,South,,22,Clinic,MCI-11892
HCP-1893,Xalak,Chand,Gastroenterologist,A,1,Chennai,Tamil Nadu,South,Lilavati Hospital,32,Clinic,MCI-11893
HCP-1894,Hamsini,Bhasin,Diabetologist,C,8,Hyderabad,Telangana,South,Artemis Hospital,3,Clinic,MCI-11894
HCP-1895,Darpan,Parekh,Diabetologist,C,7,Bengaluru,Karnataka,South,Aster Medcity,13,Phone,MCI-11895
HCP-1896,Mitesh,Yadav,GP,A,1,Chennai,Tamil Nadu,South,Kokilaben Hospital,24,Phone,MCI-11896
HCP-1897,Hredhaan,Dass,Pulmonist,C,8,Pune,Maharashtra,West,,13,Hospital,MCI-11897
HCP-1898,Vinaya,Kaul,Cardiologist,B,6,Lucknow,Uttar Pradesh,North,,3,Phone,MCI-11898
HCP-1899,Edhitha,Palan,Consultant_Physician,C,8,Ahmedabad,Gujarat,West,,8,Hospital,MCI-11899
HCP-1900,Reva,Hans,GP,A,1,Mumbai,Maharashtra,West,,40,Clinic,MCI-11900
HCP-1901,Ansh,Purohit,Consultant_Physician,C,7,Pune,Maharashtra,West,Kokilaben Hospital,37,Clinic,MCI-11901
HCP-1902,Ishita,Desai,Consultant_Physician,B,8,Mumbai,Maharashtra,West,Artemis Hospital,8,Clinic,MCI-11902
HCP-1903,Zashil,Baral,Cardiologist,B,6,Ahmedabad,Gujarat,West,Max Healthcare,28,Clinic,MCI-11903
HCP-1904,Vedhika,Sarma,Gastroenterologist,A,2,Hyderabad,Telangana,South,Manipal Hospital,14,Phone,MCI-11904
HCP-1905,Chaitaly,Suri,Cardiologist,A,1,Kolkata,West Bengal,East,Narayana Health,35,Clinic,MCI-11905
HCP-1906,Ranveer,Grover,GP,B,6,Kochi,Kerala,South,Fortis Hospital,34,Clinic,MCI-11906
HCP-1907,Ijaya,Naik,Cardiologist,A,4,Mumbai,Maharashtra,West,,31,Hospital,MCI-11907
HCP-1908,Upadhriti,Maharaj,Cardiologist,C,10,Lucknow,Uttar Pradesh,North,,7,Hospital,MCI-11908
HCP-1909,Naveen,Biswas,GP,B,8,Pune,Maharashtra,West,,17,Clinic,MCI-11909
HCP-1910,Mohammed,Sengupta,GP,B,6,Lucknow,Uttar Pradesh,North,Medanta Hospital,33,Hospital,MCI-11910
HCP-1911,Chakrika,Lall,Consultant_Physician,B,3,Kochi,Kerala,South,City Hospital,6,Clinic,MCI-11911
HCP-1912,Jeevika,Setty,Diabetologist,C,10,Delhi,Delhi,North,,23,Hospital,MCI-11912
HCP-1913,Aadi,Toor,Pulmonist,C,10,Delhi,Delhi,North,Fortis Hospital,40,Clinic,MCI-11913
HCP-1914,Ladli,Goyal,Diabetologist,C,7,Bengaluru,Karnataka,South,,18,WhatsApp,MCI-11914
HCP-1915,Anirudh,Patla,Cardiologist,B,3,Pune,Maharashtra,West,,16,Clinic,MCI-11915
HCP-1916,William,Nagi,Consultant_Physician,C,7,Ahmedabad,Gujarat,West,Sunrise Clinic,27,WhatsApp,MCI-11916
HCP-1917,Dev,Yohannan,Consultant_Physician,B,6,Kochi,Kerala,South,Narayana Health,20,Phone,MCI-11917
HCP-1918,Lila,Gupta,Cardiologist,B,7,Mumbai,Maharashtra,West,Artemis Hospital,40,Hospital,MCI-11918
HCP-1919,Widisha,Dube,GP,B,5,Mumbai,Maharashtra,West,Artemis Hospital,20,WhatsApp,MCI-11919
HCP-1920,Barkha,Naidu,Cardiologist,C,10,Bengaluru,Karnataka,South,Medanta Hospital,12,Clinic,MCI-11920
HCP-1921,Nimrat,Nagy,Pulmonist,A,3,Chennai,Tamil Nadu,South,Kokilaben Hospital,5,Clinic,MCI-11921
HCP-1922,Indrajit,Char,Diabetologist,C,7,Lucknow,Uttar Pradesh,North,Kokilaben Hospital,25,WhatsApp,MCI-11922
HCP-1923,Ekalinga,Bassi,Consultant_Physician,A,4,Mumbai,Maharashtra,West,AIIMS,12,Hospital,MCI-11923
HCP-1924,Kai,Gokhale,Diabetologist,A,3,Kolkata,West Bengal,East,Global Hospital,3,Clinic,MCI-11924
HCP-1925,Azad,Jaggi,Cardiologist,B,5,Kolkata,West Bengal,East,Global Hospital,37,Hospital,MCI-11925
HCP-1926,Hredhaan,Sunder,Diabetologist,B,4,Delhi,Delhi,North,,32,Clinic,MCI-11926
HCP-1927,Rehaan,Chaudhary,GP,B,3,Kolkata,West Bengal,East,,3,Phone,MCI-11927
HCP-1928,Azad,Rama,Pulmonist,B,4,Hyderabad,Telangana,South,,30,WhatsApp,MCI-11928
HCP-1929,Vrishti,Vora,Consultant_Physician,B,3,Bhopal,Madhya Pradesh,West,Max Healthcare,8,Clinic,MCI-11929
HCP-1930,Aahana,Bawa,Pulmonist,C,7,Kochi,Kerala,South,Global Hospital,31,Hospital,MCI-11930
HCP-1931,Jeevika,Kant,Gastroenterologist,C,8,Chennai,Tamil Nadu,South,,31,Hospital,MCI-11931
HCP-1932,Ekavir,Arya,Pulmonist,B,5,Ahmedabad,Gujarat,West,,9,Hospital,MCI-11932
HCP-1933,Sathvik,Swamy,Gastroenterologist,B,6,Bengaluru,Karnataka,South,Manipal Hospital,34,Clinic,MCI-11933
HCP-1934,Fariq,Sidhu,Diabetologist,C,8,Delhi,Delhi,North,,37,Phone,MCI-11934
HCP-1935,Darsh,Patel,Consultant_Physician,A,4,Bengaluru,Karnataka,South,Care Clinic,16,Clinic,MCI-11935
HCP-1936,Ojasvi,Pillay,Cardiologist,B,5,Chennai,Tamil Nadu,South,Lilavati Hospital,8,Phone,MCI-11936
HCP-1937,Dalbir,Lata,Diabetologist,A,1,Ahmedabad,Gujarat,West,Apollo Hospital,34,Phone,MCI-11937
HCP-1938,Banjeet,Bobal,Diabetologist,C,9,Lucknow,Uttar Pradesh,North,,36,Clinic,MCI-11938
HCP-1939,Daksha,Brahmbhatt,Cardiologist,B,4,Ahmedabad,Gujarat,West,Sunrise Clinic,37,Hospital,MCI-11939
HCP-1940,Tarak,Venkataraman,GP,C,9,Delhi,Delhi,North,Wellness Clinic,27,Phone,MCI-11940
HCP-1941,Gunbir,Chaudhuri,GP,A,3,Jaipur,Rajasthan,North,Lilavati Hospital,11,Hospital,MCI-11941
HCP-1942,Vihaan,Wali,GP,C,10,Mumbai,Maharashtra,West,,21,Hospital,MCI-11942
HCP-1943,Lekha,Gupta,Cardiologist,B,6,Bengaluru,Karnataka,South,,33,Phone,MCI-11943
HCP-1944,Reyansh,Vora,GP,C,10,Kolkata,West Bengal,East,Apollo Hospital,27,Hospital,MCI-11944
HCP-1945,Yuvraj,Gola,Cardiologist,B,3,Delhi,Delhi,North,Wellness Clinic,6,Hospital,MCI-11945
HCP-1946,Ojasvi,Cherian,Cardiologist,A,2,Delhi,Delhi,North,Sunrise Clinic,3,Hospital,MCI-11946
HCP-1947,Ishita,Shanker,Cardiologist,A,3,Kochi,Kerala,South,,21,Hospital,MCI-11947
HCP-1948,Prisha,Chawla,Diabetologist,B,6,Mumbai,Maharashtra,West,Narayana Health,24,Clinic,MCI-11948
HCP-1949,Ojas,Gole,Diabetologist,C,10,Ahmedabad,Gujarat,West,Lilavati Hospital,19,Clinic,MCI-11949
HCP-1950,Neelima,Thaman,Gastroenterologist,B,6,Chennai,Tamil Nadu,South,Narayana Health,24,WhatsApp,MCI-11950
HCP-1951,Geetika,Dugar,Cardiologist,C,10,Pune,Maharashtra,West,Global Hospital,30,Phone,MCI-11951
HCP-1952,Saanvi,Pandey,Pulmonist,A,1,Bengaluru,Karnataka,South,,11,Clinic,MCI-11952
HCP-1953,Divya,Nair,Consultant_Physician,A,3,Hyderabad,Telangana,South,Lilavati Hospital,3,WhatsApp,MCI-11953
HCP-1954,Kamya,Sachar,Diabetologist,A,2,Mumbai,Maharashtra,West,,27,Hospital,MCI-11954
HCP-1955,Qushi,Naik,Diabetologist,C,7,Bengaluru,Karnataka,South,Global Hospital,29,Hospital,MCI-11955
HCP-1956,Wridesh,Kala,GP,B,8,Mumbai,Maharashtra,West,Sunrise Clinic,33,Hospital,MCI-11956
HCP-1957,Keya,Kumar,GP,A,2,Hyderabad,Telangana,South,Manipal Hospital,8,Phone,MCI-11957
HCP-1958,Jagvi,Sethi,Diabetologist,B,7,Chennai,Tamil Nadu,South,AIIMS,5,WhatsApp,MCI-11958
HCP-1959,Sara,Ranganathan,Cardiologist,C,8,Delhi,Delhi,North,,7,Clinic,MCI-11959
HCP-1960,Aadi,Banerjee,GP,B,7,Mumbai,Maharashtra,West,Artemis Hospital,39,Hospital,MCI-11960
HCP-1961,Bhavani,Babu,Consultant_Physician,C,8,Mumbai,Maharashtra,West,Artemis Hospital,9,Hospital,MCI-11961
HCP-1962,Zarna,Deshmukh,Diabetologist,C,8,Mumbai,Maharashtra,West,,10,Clinic,MCI-11962
HCP-1963,Chasmum,Ahuja,Gastroenterologist,C,7,Mumbai,Maharashtra,West,,35,Phone,MCI-11963
HCP-1964,Charita,Kapadia,Pulmonist,B,4,Delhi,Delhi,North,Fortis Hospital,19,Clinic,MCI-11964
HCP-1965,Tanish,Murty,GP,A,3,Mumbai,Maharashtra,West,Artemis Hospital,37,Phone,MCI-11965
HCP-1966,Anthony,Majumdar,GP,C,8,Bengaluru,Karnataka,South,Wellness Clinic,7,Hospital,MCI-11966
HCP-1967,Yasti,Dubey,Pulmonist,B,3,Kolkata,West Bengal,East,,13,Clinic,MCI-11967
HCP-1968,Girindra,Barad,GP,B,8,Delhi,Delhi,North,AIIMS,5,Clinic,MCI-11968
HCP-1969,Triveni,Parekh,Cardiologist,B,4,Mumbai,Maharashtra,West,Artemis Hospital,36,Phone,MCI-11969
HCP-1970,Nachiket,Devi,Cardiologist,C,7,Mumbai,Maharashtra,West,Max Healthcare,25,Hospital,MCI-11970
HCP-1971,Alka,Peri,Diabetologist,B,6,Jaipur,Rajasthan,North,,35,Hospital,MCI-11971
HCP-1972,Zaid,Kaul,Pulmonist,A,1,Kochi,Kerala,South,,36,Clinic,MCI-11972
HCP-1973,Aahana,Mital,Diabetologist,B,7,Ahmedabad,Gujarat,West,Aster Medcity,7,Clinic,MCI-11973
HCP-1974,George,Ratta,Gastroenterologist,C,7,Hyderabad,Telangana,South,,29,Clinic,MCI-11974
HCP-1975,Teerth,Brahmbhatt,GP,B,3,Delhi,Delhi,North,Apollo Hospital,40,Hospital,MCI-11975
HCP-1976,Ekta,Subramanian,Diabetologist,C,9,Pune,Maharashtra,West,Care Clinic,8,Hospital,MCI-11976
HCP-1977,Oscar,Sura,Consultant_Physician,C,9,Ahmedabad,Gujarat,West,,37,Phone,MCI-11977
HCP-1978,Girish,Mital,Cardiologist,A,3,Lucknow,Uttar Pradesh,North,Global Hospital,40,Clinic,MCI-11978
HCP-1979,Baljiwan,Raj,Diabetologist,C,9,Mumbai,Maharashtra,West,Narayana Health,35,Hospital,MCI-11979
HCP-1980,Farhan,Bhalla,Diabetologist,B,6,Bengaluru,Karnataka,South,Kokilaben Hospital,30,Clinic,MCI-11980
HCP-1981,Gaurika,Pall,GP,B,7,Kolkata,West Bengal,East,Sunrise Clinic,6,Clinic,MCI-11981
HCP-1982,Radha,Saha,Cardiologist,B,8,Delhi,Delhi,North,Artemis Hospital,17,Phone,MCI-11982
HCP-1983,Jai,Karan,Pulmonist,B,5,Bengaluru,Karnataka,South,Max Healthcare,19,WhatsApp,MCI-11983
HCP-1984,Advay,Raja,Pulmonist,B,6,Bengaluru,Karnataka,South,,32,Hospital,MCI-11984
HCP-1985,Chatura,Mody,GP,B,7,Delhi,Delhi,North,,4,Clinic,MCI-11985
HCP-1986,Benjamin,Nagar,Consultant_Physician,B,7,Jaipur,Rajasthan,North,Narayana Health,36,Clinic,MCI-11986
HCP-1987,Mason,Narain,Gastroenterologist,A,5,Chennai,Tamil Nadu,South,Wellness Clinic,33,Hospital,MCI-11987
HCP-1988,Yadavi,Kant,Cardiologist,B,4,Kochi,Kerala,South,,15,Clinic,MCI-11988
HCP-1989,Michael,Bedi,GP,C,8,Chennai,Tamil Nadu,South,City Hospital,31,Clinic,MCI-11989
HCP-1990,Maya,Sehgal,Cardiologist,A,1,Ahmedabad,Gujarat,West,,14,Phone,MCI-11990
HCP-1991,Yamini,Chana,GP,B,4,Mumbai,Maharashtra,West,Fortis Hospital,22,Hospital,MCI-11991
HCP-1992,Tristan,Sankaran,Cardiologist,B,8,Delhi,Delhi,North,Sunrise Clinic,34,Clinic,MCI-11992
HCP-1993,Bimala,Ramesh,Consultant_Physician,B,6,Chennai,Tamil Nadu,South,,7,Clinic,MCI-11993
HCP-1994,Manbir,Deo,Diabetologist,B,5,Mumbai,Maharashtra,West,Max Healthcare,37,Clinic,MCI-11994
HCP-1995,Gayathri,Butala,Consultant_Physician,C,8,Pune,Maharashtra,West,,31,WhatsApp,MCI-11995
HCP-1996,Vamakshi,Bawa,GP,A,3,Bhopal,Madhya Pradesh,West,AIIMS,10,Phone,MCI-11996
HCP-1997,Mohini,Lala,GP,B,6,Kolkata,West Bengal,East,City Hospital,15,Clinic,MCI-11997
HCP-1998,Frederick,Rastogi,GP,C,7,Ahmedabad,Gujarat,West,,34,Phone,MCI-11998
HCP-1999,Yachana,Saraf,Diabetologist,A,3,Lucknow,Uttar Pradesh,North,Narayana Health,36,Hospital,MCI-11999
HCP-2000,Kalpit,Deshmukh,Consultant_Physician,C,8,Kolkata,West Bengal,East,City Hospital,18,Phone,MCI-12000
HCP-2001,Vasana,Hora,Consultant_Physician,B,7,Ahmedabad,Gujarat,West,Narayana Health,3,Clinic,MCI-12001
HCP-2002,Vinaya,Rana,Cardiologist,B,8,Delhi,Delhi,North,Fortis Hospital,17,Clinic,MCI-12002
HCP-2003,Rohan,Viswanathan,Gastroenterologist,B,7,Kolkata,West Bengal,East,Aster Medcity,30,WhatsApp,MCI-12003
HCP-2004,Yatin,Kibe,Diabetologist,C,6,Pune,Maharashtra,West,AIIMS,32,Hospital,MCI-12004
HCP-2005,Ekbal,Lata,Diabetologist,C,9,Jaipur,Rajasthan,North,AIIMS,11,Phone,MCI-12005
HCP-2006,Qushi,Naik,Gastroenterologist,B,4,Pune,Maharashtra,West,Wellness Clinic,6,Phone,MCI-12006
HCP-2007,Gaurav,Chowdhury,Diabetologist,B,7,Pune,Maharashtra,West,Narayana Health,26,Phone,MCI-12007
HCP-2008,Odika,Sampath,Diabetologist,B,8,Jaipur,Rajasthan,North,Lilavati Hospital,17,Phone,MCI-12008
HCP-2009,Jasmit,Pall,GP,B,6,Kolkata,West Bengal,East,Medanta Hospital,34,WhatsApp,MCI-12009
HCP-2010,Rayaan,Nagi,GP,C,9,Pune,Maharashtra,West,Narayana Health,7,Clinic,MCI-12010
HCP-2011,Hemangini,Bajwa,Pulmonist,C,10,Mumbai,Maharashtra,West,Kokilaben Hospital,26,Hospital,MCI-12011
HCP-2012,Dalaja,Gara,GP,A,3,Ahmedabad,Gujarat,West,Apollo Hospital,5,Hospital,MCI-12012
HCP-2013,Inaya,Sathe,GP,A,3,Chennai,Tamil Nadu,South,City Hospital,25,Hospital,MCI-12013
HCP-2014,Madhav,Sastry,Cardiologist,C,8,Jaipur,Rajasthan,North,,33,Phone,MCI-12014
HCP-2015,Chaitanya,Kaur,Gastroenterologist,A,1,Bengaluru,Karnataka,South,Care Clinic,16,Clinic,MCI-12015
HCP-2016,Ryan,Prakash,Pulmonist,A,1,Ahmedabad,Gujarat,West,Lilavati Hospital,7,Clinic,MCI-12016
HCP-2017,Nachiket,Chada,Gastroenterologist,B,5,Kolkata,West Bengal,East,,20,Hospital,MCI-12017
HCP-2018,Isaiah,Bhagat,Consultant_Physician,A,5,Bengaluru,Karnataka,South,,24,Phone,MCI-12018
HCP-2019,Xavier,Divan,Consultant_Physician,A,5,Chennai,Tamil Nadu,South,Apollo Hospital,19,Hospital,MCI-12019
HCP-2020,Bhavna,Atwal,Gastroenterologist,B,8,Delhi,Delhi,North,Fortis Hospital,8,Clinic,MCI-12020
HCP-2021,Hemal,Choudhry,Diabetologist,B,4,Bengaluru,Karnataka,South,Fortis Hospital,6,Hospital,MCI-12021
HCP-2022,Dalaja,Sengupta,GP,A,4,Chennai,Tamil Nadu,South,Aster Medcity,16,Phone,MCI-12022
HCP-2023,Urishilla,Bajaj,Consultant_Physician,B,7,Chennai,Tamil Nadu,South,AIIMS,29,Clinic,MCI-12023
HCP-2024,Garima,Kadakia,Consultant_Physician,A,5,Hyderabad,Telangana,South,,33,Clinic,MCI-12024
HCP-2025,Siddharth,Jani,Cardiologist,A,5,Delhi,Delhi,North,Aster Medcity,22,Hospital,MCI-12025
HCP-2026,Aarna,Subramanian,Gastroenterologist,A,1,Mumbai,Maharashtra,West,Max Healthcare,4,WhatsApp,MCI-12026
HCP-2027,Lohit,Badami,Gastroenterologist,B,5,Chennai,Tamil Nadu,South,Global Hospital,7,Phone,MCI-12027
HCP-2028,Krisha,Vyas,Cardiologist,C,9,Delhi,Delhi,North,Medanta Hospital,9,Hospital,MCI-12028
HCP-2029,Caleb,Kumer,Consultant_Physician,C,9,Bengaluru,Karnataka,South,Care Clinic,25,Clinic,MCI-12029
HCP-2030,Onkar,Bhasin,Cardiologist,B,7,Chennai,Tamil Nadu,South,,25,Phone,MCI-12030
HCP-2031,Bhanumati,Iyer,GP,C,7,Delhi,Delhi,North,Narayana Health,35,Phone,MCI-12031
HCP-2032,Anika,Bera,Pulmonist,B,8,Mumbai,Maharashtra,West,Artemis Hospital,2,WhatsApp,MCI-12032
HCP-2033,Udyati,Anand,Consultant_Physician,B,3,Chennai,Tamil Nadu,South,Artemis Hospital,13,Hospital,MCI-12033
HCP-2034,Ekalinga,Rama,GP,B,5,Hyderabad,Telangana,South,Max Healthcare,39,Hospital,MCI-12034
HCP-2035,Anika,Parsa,Diabetologist,C,7,Ahmedabad,Gujarat,West,Max Healthcare,27,Clinic,MCI-12035
HCP-2036,Hritik,Bahl,GP,C,6,Jaipur,Rajasthan,North,Artemis Hospital,40,Hospital,MCI-12036
HCP-2037,Brinda,Raju,Diabetologist,B,4,Delhi,Delhi,North,City Hospital,19,Clinic,MCI-12037
HCP-2038,Vihaan,Rai,Consultant_Physician,B,8,Bhopal,Madhya Pradesh,West,,32,Clinic,MCI-12038
HCP-2039,Yashoda,Chaudhary,Consultant_Physician,A,2,Pune,Maharashtra,West,,6,Phone,MCI-12039
HCP-2040,Diya,Sundaram,Cardiologist,A,1,Mumbai,Maharashtra,West,Medanta Hospital,24,Clinic,MCI-12040
HCP-2041,Gaurang,Grewal,Gastroenterologist,B,5,Mumbai,Maharashtra,West,,40,WhatsApp,MCI-12041
HCP-2042,Rushil,Tella,Consultant_Physician,C,7,Chennai,Tamil Nadu,South,Apollo Hospital,11,Clinic,MCI-12042
HCP-2043,Tanvi,Bains,Diabetologist,B,6,Kolkata,West Bengal,East,Artemis Hospital,36,Clinic,MCI-12043
HCP-2044,Balveer,Kota,Consultant_Physician,C,7,Delhi,Delhi,North,Global Hospital,27,Clinic,MCI-12044
HCP-2045,Dalaja,Nath,GP,C,8,Ahmedabad,Gujarat,West,Wellness Clinic,7,Hospital,MCI-12045
HCP-2046,Vrishti,Ramaswamy,Diabetologist,B,4,Lucknow,Uttar Pradesh,North,,9,Clinic,MCI-12046
HCP-2047,Naksh,Badami,Diabetologist,A,2,Hyderabad,Telangana,South,,6,Hospital,MCI-12047
HCP-2048,Idika,Pandey,Diabetologist,B,4,Jaipur,Rajasthan,North,,34,Phone,MCI-12048
HCP-2049,Isha,Mittal,GP,B,3,Bengaluru,Karnataka,South,Manipal Hospital,35,Hospital,MCI-12049
HCP-2050,Warinder,Thaker,Cardiologist,B,7,Hyderabad,Telangana,South,Manipal Hospital,14,Hospital,MCI-12050
HCP-2051,Anya,Bhatia,Consultant_Physician,A,2,Kolkata,West Bengal,East,Aster Medcity,38,Hospital,MCI-12051
HCP-2052,Aarini,Ram,Pulmonist,C,8,Ahmedabad,Gujarat,West,Kokilaben Hospital,31,Hospital,MCI-12052
HCP-2053,Ayushman,Mammen,Diabetologist,C,6,Kolkata,West Bengal,East,,6,Clinic,MCI-12053
HCP-2054,Umang,Doshi,Diabetologist,C,7,Mumbai,Maharashtra,West,Fortis Hospital,11,Phone,MCI-12054
HCP-2055,Harita,Ramaswamy,Pulmonist,B,7,Delhi,Delhi,North,Wellness Clinic,11,WhatsApp,MCI-12055
HCP-2056,Laksh,Chahal,GP,B,6,Mumbai,Maharashtra,West,AIIMS,39,Hospital,MCI-12056
HCP-2057,Lavanya,Verma,Diabetologist,B,6,Delhi,Delhi,North,Manipal Hospital,20,Clinic,MCI-12057
HCP-2058,Utkarsh,Sahni,GP,A,2,Delhi,Delhi,North,City Hospital,14,Clinic,MCI-12058
HCP-2059,Wridesh,Dua,GP,C,8,Kolkata,West Bengal,East,Kokilaben Hospital,9,Hospital,MCI-12059
HCP-2060,Pooja,Muni,GP,B,6,Hyderabad,Telangana,South,,26,WhatsApp,MCI-12060
HCP-2061,Forum,Sen,Cardiologist,B,3,Hyderabad,Telangana,South,,3,WhatsApp,MCI-12061
HCP-2062,Karan,Jhaveri,Consultant_Physician,B,7,Chennai,Tamil Nadu,South,,13,Hospital,MCI-12062
HCP-2063,Lakshit,Jain,Gastroenterologist,A,4,Delhi,Delhi,North,Manipal Hospital,22,Hospital,MCI-12063
HCP-2064,Lakshit,More,Diabetologist,C,8,Jaipur,Rajasthan,North,Care Clinic,7,Phone,MCI-12064
HCP-2065,Krishna,Sani,GP,C,6,Lucknow,Uttar Pradesh,North,Wellness Clinic,18,WhatsApp,MCI-12065
HCP-2066,Maanav,Dugar,GP,B,3,Delhi,Delhi,North,Manipal Hospital,32,Hospital,MCI-12066
HCP-2067,Eesha,Bir,Cardiologist,B,7,Chennai,Tamil Nadu,South,Kokilaben Hospital,23,Clinic,MCI-12067
HCP-2068,Jagat,Gour,Consultant_Physician,C,9,Ahmedabad,Gujarat,West,,31,Hospital,MCI-12068
HCP-2069,Eesha,Dhingra,Pulmonist,C,10,Kolkata,West Bengal,East,Fortis Hospital,14,Clinic,MCI-12069
HCP-2070,Ayushman,Nagar,Gastroenterologist,C,9,Lucknow,Uttar Pradesh,North,Aster Medcity,40,Phone,MCI-12070
HCP-2071,Odika,Sabharwal,Cardiologist,B,4,Pune,Maharashtra,West,City Hospital,29,Clinic,MCI-12071
HCP-2072,Chavvi,Savant,Gastroenterologist,B,7,Chennai,Tamil Nadu,South,Manipal Hospital,9,Clinic,MCI-12072
HCP-2073,Anusha,Doshi,Consultant_Physician,B,4,Mumbai,Maharashtra,West,,20,Hospital,MCI-12073
HCP-2074,Raghav,Chhabra,GP,B,8,Kolkata,West Bengal,East,,23,Hospital,MCI-12074
HCP-2075,Karan,Goyal,Pulmonist,B,5,Lucknow,Uttar Pradesh,North,Max Healthcare,20,Phone,MCI-12075
HCP-2076,Atharv,Loke,Diabetologist,B,4,Jaipur,Rajasthan,North,Care Clinic,5,Hospital,MCI-12076
HCP-2077,Vihaan,Kata,Consultant_Physician,C,7,Chennai,Tamil Nadu,South,,32,Clinic,MCI-12077
HCP-2078,Vihaan,Bal,Gastroenterologist,B,5,Bengaluru,Karnataka,South,Manipal Hospital,7,Hospital,MCI-12078
HCP-2079,Jagrati,Buch,Diabetologist,B,5,Mumbai,Maharashtra,West,Global Hospital,24,Hospital,MCI-12079
HCP-2080,Vansha,Desai,GP,C,9,Chennai,Tamil Nadu,South,Artemis Hospital,4,Phone,MCI-12080
HCP-2081,Yadavi,Singh,Gastroenterologist,B,6,Lucknow,Uttar Pradesh,North,Narayana Health,34,Phone,MCI-12081
HCP-2082,Kashvi,Gour,Cardiologist,C,10,Ahmedabad,Gujarat,West,Sunrise Clinic,6,Hospital,MCI-12082
HCP-2083,Lila,Swamy,Diabetologist,C,8,Pune,Maharashtra,West,Lilavati Hospital,5,Hospital,MCI-12083
HCP-2084,Urvi,Devan,Consultant_Physician,B,8,Mumbai,Maharashtra,West,Global Hospital,33,WhatsApp,MCI-12084
HCP-2085,Nihal,Hans,Gastroenterologist,A,2,Mumbai,Maharashtra,West,Fortis Hospital,21,WhatsApp,MCI-12085
HCP-2086,Upkaar,Bali,Cardiologist,C,9,Delhi,Delhi,North,Max Healthcare,27,Clinic,MCI-12086
HCP-2087,Nilima,Aurora,Cardiologist,B,7,Bengaluru,Karnataka,South,Sunrise Clinic,18,Hospital,MCI-12087
HCP-2088,Anamika,Sachar,GP,A,3,Chennai,Tamil Nadu,South,Wellness Clinic,24,Phone,MCI-12088
HCP-2089,Tristan,Jain,GP,B,5,Delhi,Delhi,North,Manipal Hospital,36,Phone,MCI-12089
HCP-2090,Samarth,Bhatti,Consultant_Physician,B,6,Pune,Maharashtra,West,Artemis Hospital,15,Hospital,MCI-12090
HCP-2091,Peter,Sarna,Diabetologist,C,9,Delhi,Delhi,North,AIIMS,18,Hospital,MCI-12091
HCP-2092,Vrishti,Nair,Pulmonist,C,10,Ahmedabad,Gujarat,West,Sunrise Clinic,18,Clinic,MCI-12092
HCP-2093,Tanvi,Koshy,Gastroenterologist,B,3,Bhopal,Madhya Pradesh,West,Medanta Hospital,4,Phone,MCI-12093
HCP-2094,Prisha,Ravel,Consultant_Physician,B,6,Delhi,Delhi,North,Global Hospital,29,Hospital,MCI-12094
HCP-2095,Benjamin,Rai,Diabetologist,B,6,Mumbai,Maharashtra,West,Medanta Hospital,18,Clinic,MCI-12095
HCP-2096,Dhriti,Ramesh,Pulmonist,B,4,Mumbai,Maharashtra,West,Fortis Hospital,30,Hospital,MCI-12096
HCP-2097,Balvan,Verma,Pulmonist,B,5,Kolkata,West Bengal,East,,40,Clinic,MCI-12097
HCP-2098,Ikbal,Seth,Cardiologist,B,7,Kolkata,West Bengal,East,Apollo Hospital,32,Clinic,MCI-12098
HCP-2099,Tanmayi,Basak,GP,C,9,Delhi,Delhi,North,Medanta Hospital,23,Clinic,MCI-12099
HCP-2100,Yatan,Venkataraman,Gastroenterologist,B,5,Lucknow,Uttar Pradesh,North,Sunrise Clinic,4,WhatsApp,MCI-12100
HCP-2101,Meghana,Baral,GP,B,6,Mumbai,Maharashtra,West,Sunrise Clinic,34,Clinic,MCI-12101
HCP-2102,Lila,Varty,Cardiologist,A,3,Jaipur,Rajasthan,North,Max Healthcare,9,Clinic,MCI-12102
HCP-2103,Chandran,Gupta,Gastroenterologist,B,6,Jaipur,Rajasthan,North,Sunrise Clinic,16,Hospital,MCI-12103
HCP-2104,Bishakha,Sarraf,GP,A,3,Kolkata,West Bengal,East,,22,Clinic,MCI-12104
HCP-2105,Mitali,Modi,Cardiologist,C,6,Jaipur,Rajasthan,North,Manipal Hospital,26,WhatsApp,MCI-12105
HCP-2106,Bhavika,Shenoy,Consultant_Physician,A,1,Kolkata,West Bengal,East,Lilavati Hospital,23,Hospital,MCI-12106
HCP-2107,Ojas,Sami,Gastroenterologist,C,6,Delhi,Delhi,North,Kokilaben Hospital,26,WhatsApp,MCI-12107
HCP-2108,Chaitaly,Bhagat,Cardiologist,C,9,Hyderabad,Telangana,South,Aster Medcity,2,Phone,MCI-12108
HCP-2109,Zansi,Dhar,Consultant_Physician,A,3,Kolkata,West Bengal,East,,9,Phone,MCI-12109
HCP-2110,Ubika,Seth,Consultant_Physician,B,3,Ahmedabad,Gujarat,West,Manipal Hospital,20,Clinic,MCI-12110
HCP-2111,Gautam,Tella,Cardiologist,C,9,Chennai,Tamil Nadu,South,Manipal Hospital,6,Phone,MCI-12111
HCP-2112,Isaiah,Gole,Diabetologist,C,8,Pune,Maharashtra,West,,30,Hospital,MCI-12112
HCP-2113,Krishna,Ramaswamy,Consultant_Physician,C,7,Delhi,Delhi,North,,26,Hospital,MCI-12113
HCP-2114,Odika,Naik,Diabetologist,C,8,Hyderabad,Telangana,South,Artemis Hospital,20,Hospital,MCI-12114
HCP-2115,Shravya,Bakshi,Pulmonist,C,8,Ahmedabad,Gujarat,West,,9,Hospital,MCI-12115
HCP-2116,Praneel,Setty,Gastroenterologist,A,4,Kolkata,West Bengal,East,Kokilaben Hospital,5,Hospital,MCI-12116
HCP-2117,Saksham,Sha,Consultant_Physician,C,8,Jaipur,Rajasthan,North,Narayana Health,31,Clinic,MCI-12117
HCP-2118,Gautam,Krishna,Diabetologist,B,7,Lucknow,Uttar Pradesh,North,Global Hospital,36,Clinic,MCI-12118
HCP-2119,Ekiya,Gade,Pulmonist,C,10,Hyderabad,Telangana,South,,23,Clinic,MCI-12119
HCP-2120,Jatin,Chand,GP,B,7,Mumbai,Maharashtra,West,Narayana Health,10,Clinic,MCI-12120
HCP-2121,Ishaan,Sengupta,Gastroenterologist,A,4,Pune,Maharashtra,West,,20,Phone,MCI-12121
HCP-2122,Janani,Chada,Diabetologist,C,8,Hyderabad,Telangana,South,Apollo Hospital,22,Phone,MCI-12122
HCP-2123,Leena,Vaidya,Pulmonist,C,7,Chennai,Tamil Nadu,South,,19,Phone,MCI-12123
HCP-2124,Nathaniel,Radhakrishnan,Diabetologist,A,4,Bengaluru,Karnataka,South,Aster Medcity,10,WhatsApp,MCI-12124
HCP-2125,Lajita,Bassi,Consultant_Physician,C,10,Pune,Maharashtra,West,,36,Clinic,MCI-12125
HCP-2126,Onkar,Nayak,Consultant_Physician,B,5,Kolkata,West Bengal,East,Kokilaben Hospital,38,Phone,MCI-12126
HCP-2127,Mason,Gaba,Consultant_Physician,B,3,Bengaluru,Karnataka,South,,40,Clinic,MCI-12127
HCP-2128,Maanav,Gola,GP,A,5,Delhi,Delhi,North,Apollo Hospital,6,Clinic,MCI-12128
HCP-2129,Charan,Saini,Gastroenterologist,B,4,Pune,Maharashtra,West,AIIMS,15,Clinic,MCI-12129
HCP-2130,Darika,More,Diabetologist,B,4,Hyderabad,Telangana,South,,10,Phone,MCI-12130
HCP-2131,Sanaya,Mani,Pulmonist,C,9,Mumbai,Maharashtra,West,Artemis Hospital,29,Phone,MCI-12131
HCP-2132,Pratyush,Dalal,Cardiologist,C,9,Kochi,Kerala,South,Narayana Health,10,WhatsApp,MCI-12132
HCP-2133,Karan,Jain,GP,A,1,Pune,Maharashtra,West,Medanta Hospital,24,Phone,MCI-12133
HCP-2134,Aarush,Kulkarni,Diabetologist,B,6,Hyderabad,Telangana,South,,24,Clinic,MCI-12134
HCP-2135,Advik,Shanker,Diabetologist,A,2,Ahmedabad,Gujarat,West,Manipal Hospital,10,Clinic,MCI-12135
HCP-2136,Widisha,Tara,Cardiologist,C,6,Hyderabad,Telangana,South,Kokilaben Hospital,30,Clinic,MCI-12136
HCP-2137,Abdul,Tak,Cardiologist,C,10,Jaipur,Rajasthan,North,Lilavati Hospital,30,Hospital,MCI-12137
HCP-2138,Wazir,Kalla,Pulmonist,B,8,Mumbai,Maharashtra,West,Fortis Hospital,15,Hospital,MCI-12138
HCP-2139,Vamakshi,Setty,Consultant_Physician,B,3,Pune,Maharashtra,West,City Hospital,26,WhatsApp,MCI-12139
HCP-2140,Nimrat,Sathe,Diabetologist,C,8,Delhi,Delhi,North,Medanta Hospital,6,WhatsApp,MCI-12140
HCP-2141,Fariq,Ahuja,Gastroenterologist,B,6,Chennai,Tamil Nadu,South,Fortis Hospital,40,Clinic,MCI-12141
HCP-2142,Yash,Mall,Consultant_Physician,A,2,Bengaluru,Karnataka,South,Narayana Health,34,Hospital,MCI-12142
HCP-2143,Sarthak,Bawa,Gastroenterologist,B,8,Mumbai,Maharashtra,West,,34,Hospital,MCI-12143
HCP-2144,Qasim,Divan,Gastroenterologist,A,1,Delhi,Delhi,North,Fortis Hospital,21,Hospital,MCI-12144
HCP-2145,Christopher,Palla,Cardiologist,B,5,Chennai,Tamil Nadu,South,City Hospital,9,Clinic,MCI-12145
HCP-2146,Balhaar,Dhillon,GP,C,9,Ahmedabad,Gujarat,West,,39,WhatsApp,MCI-12146
HCP-2147,Bachittar,Misra,Diabetologist,B,6,Bengaluru,Karnataka,South,Wellness Clinic,13,Hospital,MCI-12147
HCP-2148,Garima,Chahal,Diabetologist,B,7,Jaipur,Rajasthan,North,Lilavati Hospital,9,Hospital,MCI-12148
HCP-2149,Chandran,Chopra,Pulmonist,B,8,Pune,Maharashtra,West,,36,Clinic,MCI-12149
HCP-2150,Omaja,Gokhale,Consultant_Physician,C,8,Lucknow,Uttar Pradesh,North,,25,Phone,MCI-12150
HCP-2151,Neel,Mane,Cardiologist,B,4,Bengaluru,Karnataka,South,Aster Medcity,28,Hospital,MCI-12151
HCP-2152,Peter,Shah,Consultant_Physician,C,9,Ahmedabad,Gujarat,West,Care Clinic,16,Clinic,MCI-12152
HCP-2153,Jagvi,Banik,Cardiologist,B,5,Mumbai,Maharashtra,West,AIIMS,25,Clinic,MCI-12153
HCP-2154,Girik,Mistry,GP,C,7,Bengaluru,Karnataka,South,Apollo Hospital,40,Hospital,MCI-12154
HCP-2155,Ekantika,Pillay,GP,B,8,Kolkata,West Bengal,East,,36,Clinic,MCI-12155
HCP-2156,Ladli,Bir,Diabetologist,C,8,Hyderabad,Telangana,South,Medanta Hospital,32,Hospital,MCI-12156
HCP-2157,Prisha,Bhattacharyya,Pulmonist,B,5,Bengaluru,Karnataka,South,Global Hospital,5,Phone,MCI-12157
HCP-2158,Brinda,Sinha,GP,A,5,Ahmedabad,Gujarat,West,Global Hospital,14,Clinic,MCI-12158
HCP-2159,Krish,Dara,GP,C,10,Delhi,Delhi,North,Max Healthcare,20,Phone,MCI-12159
HCP-2160,Anvi,Narayan,Consultant_Physician,C,8,Mumbai,Maharashtra,West,Manipal Hospital,26,Clinic,MCI-12160
HCP-2161,Odika,Vohra,GP,A,4,Jaipur,Rajasthan,North,Kokilaben Hospital,37,Clinic,MCI-12161
HCP-2162,Shaurya,Kadakia,Diabetologist,B,5,Mumbai,Maharashtra,West,City Hospital,2,Clinic,MCI-12162
HCP-2163,Dalbir,Chopra,Cardiologist,C,9,Pune,Maharashtra,West,Care Clinic,13,Phone,MCI-12163
HCP-2164,Gagan,Sule,Cardiologist,B,5,Delhi,Delhi,North,,26,Hospital,MCI-12164
HCP-2165,Bhavna,Sane,GP,A,1,Mumbai,Maharashtra,West,,23,Clinic,MCI-12165
HCP-2166,Edhitha,Lad,GP,C,8,Hyderabad,Telangana,South,Fortis Hospital,8,Clinic,MCI-12166
HCP-2167,Irya,Dayal,GP,B,8,Hyderabad,Telangana,South,Sunrise Clinic,19,Hospital,MCI-12167
HCP-2168,Watika,Venkatesh,Cardiologist,B,4,Kolkata,West Bengal,East,Sunrise Clinic,19,Clinic,MCI-12168
HCP-2169,Widisha,Tailor,GP,A,1,Bengaluru,Karnataka,South,,11,Clinic,MCI-12169
HCP-2170,Pranit,Kaul,Consultant_Physician,C,8,Kolkata,West Bengal,East,Global Hospital,35,WhatsApp,MCI-12170
HCP-2171,Bina,Hari,Cardiologist,B,5,Pune,Maharashtra,West,,6,Clinic,MCI-12171
HCP-2172,Aarav,Dani,Consultant_Physician,C,9,Chennai,Tamil Nadu,South,Aster Medcity,10,WhatsApp,MCI-12172
HCP-2173,Arjun,Shroff,Diabetologist,C,7,Jaipur,Rajasthan,North,,3,Phone,MCI-12173
HCP-2174,Jacob,Johal,Gastroenterologist,B,6,Jaipur,Rajasthan,North,AIIMS,24,Phone,MCI-12174
HCP-2175,Oeshi,Sachdev,Gastroenterologist,B,5,Mumbai,Maharashtra,West,,20,Clinic,MCI-12175
HCP-2176,Chakradev,Nath,Pulmonist,C,7,Jaipur,Rajasthan,North,Aster Medcity,13,Clinic,MCI-12176
HCP-2177,Inaya,Kala,Cardiologist,B,6,Bengaluru,Karnataka,South,Artemis Hospital,5,Clinic,MCI-12177
HCP-2178,Advay,Jaggi,GP,C,9,Ahmedabad,Gujarat,West,City Hospital,2,Clinic,MCI-12178
HCP-2179,Baghyawati,Kumar,Pulmonist,B,3,Lucknow,Uttar Pradesh,North,Fortis Hospital,16,Clinic,MCI-12179
HCP-2180,Ekansh,Morar,Gastroenterologist,A,5,Chennai,Tamil Nadu,South,Lilavati Hospital,8,Hospital,MCI-12180
HCP-2181,Charita,Toor,Consultant_Physician,B,4,Hyderabad,Telangana,South,City Hospital,8,Clinic,MCI-12181
HCP-2182,Ekiya,Ahuja,Consultant_Physician,A,5,Kolkata,West Bengal,East,City Hospital,24,Hospital,MCI-12182
HCP-2183,Ishaan,Nath,Gastroenterologist,B,7,Kolkata,West Bengal,East,Fortis Hospital,7,Clinic,MCI-12183
HCP-2184,Harita,Randhawa,Cardiologist,B,4,Jaipur,Rajasthan,North,,16,Phone,MCI-12184
HCP-2185,Ayush,Gill,GP,C,9,Delhi,Delhi,North,City Hospital,24,Hospital,MCI-12185
HCP-2186,Rishi,Narayanan,Gastroenterologist,C,6,Delhi,Delhi,North,Aster Medcity,34,Hospital,MCI-12186
HCP-2187,Hamsini,Srinivas,Cardiologist,A,3,Jaipur,Rajasthan,North,Wellness Clinic,32,Hospital,MCI-12187
HCP-2188,Urvi,Banik,Diabetologist,A,1,Hyderabad,Telangana,South,Medanta Hospital,34,Phone,MCI-12188
HCP-2189,Laban,Subramaniam,GP,B,4,Delhi,Delhi,North,Aster Medcity,3,Hospital,MCI-12189
HCP-2190,Nachiket,Sharma,GP,B,6,Bhopal,Madhya Pradesh,West,Apollo Hospital,19,Clinic,MCI-12190
HCP-2191,Gautami,Shere,GP,A,4,Hyderabad,Telangana,South,Apollo Hospital,2,Clinic,MCI-12191
HCP-2192,Odika,Bhalla,Consultant_Physician,B,4,Delhi,Delhi,North,,27,Hospital,MCI-12192
HCP-2193,Chandani,Mutti,Cardiologist,B,5,Delhi,Delhi,North,Manipal Hospital,7,Clinic,MCI-12193
HCP-2194,Anirudh,Joshi,GP,B,4,Delhi,Delhi,North,,22,Clinic,MCI-12194
HCP-2195,Garima,Pandya,Diabetologist,C,6,Jaipur,Rajasthan,North,City Hospital,35,Phone,MCI-12195
HCP-2196,Dominic,Dixit,Cardiologist,B,5,Mumbai,Maharashtra,West,Aster Medcity,3,Clinic,MCI-12196
HCP-2197,Avni,Balasubramanian,Pulmonist,B,4,Bengaluru,Karnataka,South,,21,Phone,MCI-12197
HCP-2198,Harinakshi,Prashad,Cardiologist,B,6,Bengaluru,Karnataka,South,,29,Clinic,MCI-12198
HCP-2199,Noah,Ramachandran,GP,B,6,Chennai,Tamil Nadu,South,,7,Clinic,MCI-12199
HCP-2200,Rachit,Dada,GP,B,8,Mumbai,Maharashtra,West,,22,Clinic,MCI-12200
HCP-2201,Darika,Murty,Consultant_Physician,B,6,Ahmedabad,Gujarat,West,,37,Phone,MCI-12201
HCP-2202,Azad,Magar,GP,B,4,Pune,Maharashtra,West,Artemis Hospital,32,Clinic,MCI-12202
HCP-2203,Odika,Chadha,GP,B,4,Bengaluru,Karnataka,South,Medanta Hospital,18,Phone,MCI-12203
HCP-2204,Watika,Khanna,Diabetologist,C,8,Hyderabad,Telangana,South,,33,Phone,MCI-12204
HCP-2205,Kamya,Seth,Diabetologist,C,8,Mumbai,Maharashtra,West,Care Clinic,20,Hospital,MCI-12205
HCP-2206,Chasmum,Kalita,GP,B,6,Kolkata,West Bengal,East,Aster Medcity,20,Clinic,MCI-12206
HCP-2207,Chasmum,Gill,Diabetologist,A,1,Mumbai,Maharashtra,West,,31,WhatsApp,MCI-12207
HCP-2208,Isaac,Prasad,GP,C,9,Mumbai,Maharashtra,West,,34,Phone,MCI-12208
HCP-2209,Baljiwan,Jaggi,GP,C,10,Delhi,Delhi,North,,3,Hospital,MCI-12209
HCP-2210,George,Sawhney,Diabetologist,A,3,Bengaluru,Karnataka,South,,39,Phone,MCI-12210
HCP-2211,Yashawini,Bakshi,Cardiologist,C,9,Delhi,Delhi,North,,38,Hospital,MCI-12211
HCP-2212,Vasudha,Tella,Pulmonist,B,3,Mumbai,Maharashtra,West,Lilavati Hospital,18,WhatsApp,MCI-12212
HCP-2213,Mitesh,Gupta,Diabetologist,B,6,Jaipur,Rajasthan,North,,28,Clinic,MCI-12213
HCP-2214,Harini,Sule,Pulmonist,B,6,Kochi,Kerala,South,City Hospital,18,Hospital,MCI-12214
HCP-2215,Dayita,Narang,Diabetologist,B,8,Ahmedabad,Gujarat,West,,22,WhatsApp,MCI-12215
HCP-2216,Luke,Chaudhari,Diabetologist,C,10,Mumbai,Maharashtra,West,City Hospital,8,Hospital,MCI-12216
HCP-2217,Zaitra,Deo,Diabetologist,B,5,Jaipur,Rajasthan,North,Global Hospital,11,Clinic,MCI-12217
HCP-2218,Samesh,Bansal,Consultant_Physician,C,8,Lucknow,Uttar Pradesh,North,Care Clinic,25,Hospital,MCI-12218
HCP-2219,Tripti,Ram,GP,C,9,Chennai,Tamil Nadu,South,Wellness Clinic,26,Hospital,MCI-12219
HCP-2220,Jack,Agrawal,Cardiologist,B,3,Lucknow,Uttar Pradesh,North,,26,WhatsApp,MCI-12220
HCP-2221,Deepa,Basu,GP,C,8,Mumbai,Maharashtra,West,Wellness Clinic,9,Hospital,MCI-12221
HCP-2222,Gagan,Nath,GP,B,7,Hyderabad,Telangana,South,Artemis Hospital,26,Phone,MCI-12222
HCP-2223,Unni,Batra,Consultant_Physician,A,3,Delhi,Delhi,North,Kokilaben Hospital,3,Phone,MCI-12223
HCP-2224,Harshil,Verma,Pulmonist,C,9,Chennai,Tamil Nadu,South,Manipal Hospital,11,WhatsApp,MCI-12224
HCP-2225,Devika,Bajaj,GP,B,5,Mumbai,Maharashtra,West,Wellness Clinic,8,WhatsApp,MCI-12225
HCP-2226,Devika,Kadakia,GP,B,6,Hyderabad,Telangana,South,AIIMS,38,Hospital,MCI-12226
HCP-2227,Ekani,Iyer,Diabetologist,C,7,Delhi,Delhi,North,Lilavati Hospital,20,Phone,MCI-12227
HCP-2228,Reyansh,Mangat,Gastroenterologist,B,5,Chennai,Tamil Nadu,South,Wellness Clinic,14,Hospital,MCI-12228
HCP-2229,Aradhana,Walia,Cardiologist,B,6,Bhopal,Madhya Pradesh,West,Artemis Hospital,25,Phone,MCI-12229
HCP-2230,Eiravati,Sastry,GP,A,1,Kolkata,West Bengal,East,Artemis Hospital,16,WhatsApp,MCI-12230
HCP-2231,Jacob,Mahajan,GP,B,4,Mumbai,Maharashtra,West,,3,Hospital,MCI-12231
HCP-2232,Manthan,Dugar,Pulmonist,A,3,Chennai,Tamil Nadu,South,Care Clinic,18,Phone,MCI-12232
HCP-2233,Anusha,Contractor,Gastroenterologist,C,6,Bhopal,Madhya Pradesh,West,Global Hospital,22,Hospital,MCI-12233
HCP-2234,Alexander,Varkey,GP,B,3,Bhopal,Madhya Pradesh,West,,7,Clinic,MCI-12234
HCP-2235,Harsh,Jhaveri,Consultant_Physician,B,6,Hyderabad,Telangana,South,,32,Clinic,MCI-12235
HCP-2236,Inaya,Nagar,Diabetologist,B,6,Bengaluru,Karnataka,South,Lilavati Hospital,11,Clinic,MCI-12236
HCP-2237,Anika,Dhaliwal,Pulmonist,C,10,Jaipur,Rajasthan,North,Apollo Hospital,34,Clinic,MCI-12237
HCP-2238,Bhanumati,Konda,Gastroenterologist,C,9,Hyderabad,Telangana,South,Artemis Hospital,25,Clinic,MCI-12238
HCP-2239,Onveer,Bobal,Consultant_Physician,A,1,Delhi,Delhi,North,Fortis Hospital,2,Phone,MCI-12239
HCP-2240,Deepa,Nigam,Pulmonist,B,6,Kochi,Kerala,South,,17,Hospital,MCI-12240
HCP-2241,Sachi,Bedi,Cardiologist,B,4,Bengaluru,Karnataka,South,Narayana Health,20,Hospital,MCI-12241
HCP-2242,Kalpit,Balakrishnan,Pulmonist,C,9,Hyderabad,Telangana,South,Wellness Clinic,28,Clinic,MCI-12242
HCP-2243,Urishilla,Bedi,Consultant_Physician,B,5,Delhi,Delhi,North,,20,WhatsApp,MCI-12243
HCP-2244,Hitesh,Rajagopal,Gastroenterologist,B,3,Pune,Maharashtra,West,,19,Clinic,MCI-12244
HCP-2245,Chatura,Chadha,Consultant_Physician,B,6,Jaipur,Rajasthan,North,,25,Phone,MCI-12245
HCP-2246,Pooja,Ramanathan,Diabetologist,A,2,Jaipur,Rajasthan,North,Aster Medcity,11,WhatsApp,MCI-12246
HCP-2247,Praneel,Sehgal,GP,C,7,Delhi,Delhi,North,Wellness Clinic,28,Phone,MCI-12247
HCP-2248,Ishani,Muni,GP,A,3,Kolkata,West Bengal,East,Kokilaben Hospital,34,Hospital,MCI-12248
HCP-2249,Gaurangi,Hora,Gastroenterologist,B,5,Pune,Maharashtra,West,Aster Medcity,4,Phone,MCI-12249
HCP-2250,Farhan,Shroff,Diabetologist,A,1,Kolkata,West Bengal,East,Manipal Hospital,21,Clinic,MCI-12250
HCP-2251,Karan,Chander,Diabetologist,B,5,Ahmedabad,Gujarat,West,,30,Clinic,MCI-12251
HCP-2252,Upadhriti,Chatterjee,GP,B,3,Chennai,Tamil Nadu,South,Artemis Hospital,2,Clinic,MCI-12252
HCP-2253,Tamanna,Mukherjee,Diabetologist,A,1,Kolkata,West Bengal,East,Fortis Hospital,39,Clinic,MCI-12253
HCP-2254,Udyati,Singhal,Diabetologist,A,1,Mumbai,Maharashtra,West,Apollo Hospital,14,Clinic,MCI-12254
HCP-2255,Vincent,Kapur,Consultant_Physician,B,8,Hyderabad,Telangana,South,Sunrise Clinic,38,Phone,MCI-12255
HCP-2256,Maanas,Kuruvilla,Pulmonist,C,9,Kochi,Kerala,South,,34,Hospital,MCI-12256
HCP-2257,Januja,Ramanathan,Diabetologist,B,4,Mumbai,Maharashtra,West,,28,Clinic,MCI-12257
HCP-2258,Qadim,Narayanan,Cardiologist,B,6,Kolkata,West Bengal,East,Sunrise Clinic,15,Hospital,MCI-12258
HCP-2259,Ekta,Setty,Diabetologist,C,8,Mumbai,Maharashtra,West,Artemis Hospital,2,Clinic,MCI-12259
HCP-2260,Vinaya,Balan,GP,C,10,Mumbai,Maharashtra,West,,20,Clinic,MCI-12260
HCP-2261,Dhruv,Soman,GP,C,9,Bengaluru,Karnataka,South,Care Clinic,20,WhatsApp,MCI-12261
HCP-2262,Isaiah,Panchal,GP,C,8,Jaipur,Rajasthan,North,,18,Phone,MCI-12262
HCP-2263,Varenya,Shenoy,Consultant_Physician,A,3,Delhi,Delhi,North,,30,Phone,MCI-12263
HCP-2264,Onkar,Mandal,Gastroenterologist,B,5,Mumbai,Maharashtra,West,Max Healthcare,23,Hospital,MCI-12264
HCP-2265,Ijaya,Datta,GP,C,8,Chennai,Tamil Nadu,South,,13,Clinic,MCI-12265
HCP-2266,Yashoda,Chauhan,Gastroenterologist,B,3,Jaipur,Rajasthan,North,,30,Clinic,MCI-12266
HCP-2267,Nidra,Chhabra,Cardiologist,B,8,Hyderabad,Telangana,South,,36,Clinic,MCI-12267
HCP-2268,Eshana,Bobal,Cardiologist,C,8,Ahmedabad,Gujarat,West,,36,Hospital,MCI-12268
HCP-2269,Chasmum,Walia,Consultant_Physician,B,3,Chennai,Tamil Nadu,South,Sunrise Clinic,14,Hospital,MCI-12269
HCP-2270,Triya,Rattan,Consultant_Physician,C,8,Pune,Maharashtra,West,Kokilaben Hospital,25,WhatsApp,MCI-12270
HCP-2271,Odika,Khare,GP,A,3,Hyderabad,Telangana,South,Global Hospital,38,Clinic,MCI-12271
HCP-2272,Yagnesh,Dutt,GP,C,7,Bhopal,Madhya Pradesh,West,Narayana Health,7,Hospital,MCI-12272
HCP-2273,Vasatika,Rajagopalan,Diabetologist,C,9,Bhopal,Madhya Pradesh,West,,12,Hospital,MCI-12273
HCP-2274,Dominic,Oak,Cardiologist,B,4,Mumbai,Maharashtra,West,Aster Medcity,9,Phone,MCI-12274
HCP-2275,Sathvik,Sankar,Diabetologist,B,5,Chennai,Tamil Nadu,South,,15,Clinic,MCI-12275
HCP-2276,Radhika,Oommen,Consultant_Physician,B,5,Jaipur,Rajasthan,North,,11,Clinic,MCI-12276
HCP-2277,Warinder,Ghose,Diabetologist,C,6,Ahmedabad,Gujarat,West,,25,Clinic,MCI-12277
HCP-2278,Faras,Sur,Gastroenterologist,A,4,Mumbai,Maharashtra,West,Fortis Hospital,37,Hospital,MCI-12278
HCP-2279,Ishwar,Sheth,Cardiologist,C,8,Mumbai,Maharashtra,West,Lilavati Hospital,17,Hospital,MCI-12279
HCP-2280,Eshana,Chatterjee,Consultant_Physician,B,3,Bengaluru,Karnataka,South,Artemis Hospital,3,WhatsApp,MCI-12280
HCP-2281,Sai,Goda,Pulmonist,A,5,Pune,Maharashtra,West,Artemis Hospital,19,Hospital,MCI-12281
HCP-2282,Darika,Ravi,Pulmonist,B,7,Ahmedabad,Gujarat,West,Care Clinic,28,WhatsApp,MCI-12282
HCP-2283,Ekaraj,Chopra,Diabetologist,C,9,Bengaluru,Karnataka,South,Max Healthcare,32,Hospital,MCI-12283
HCP-2284,Ladli,Narang,GP,C,9,Kolkata,West Bengal,East,Sunrise Clinic,12,Phone,MCI-12284
HCP-2285,Warda,Bhat,Diabetologist,A,2,Hyderabad,Telangana,South,Max Healthcare,38,Clinic,MCI-12285
HCP-2286,Gautam,Kalla,GP,B,5,Mumbai,Maharashtra,West,Global Hospital,28,Clinic,MCI-12286
HCP-2287,Liam,Acharya,Gastroenterologist,B,5,Delhi,Delhi,North,,19,Hospital,MCI-12287
HCP-2288,Manan,Dixit,Pulmonist,A,1,Ahmedabad,Gujarat,West,,17,Clinic,MCI-12288
HCP-2289,Sneha,Wali,Consultant_Physician,B,6,Chennai,Tamil Nadu,South,AIIMS,18,Phone,MCI-12289
HCP-2290,Bishakha,Ramakrishnan,GP,A,1,Ahmedabad,Gujarat,West,Artemis Hospital,4,Clinic,MCI-12290
HCP-2291,Sanya,Hayre,Cardiologist,B,7,Bhopal,Madhya Pradesh,West,Sunrise Clinic,29,Clinic,MCI-12291
HCP-2292,Samesh,Nadig,Diabetologist,A,3,Mumbai,Maharashtra,West,Lilavati Hospital,35,Phone,MCI-12292
HCP-2293,Chandani,Modi,Gastroenterologist,B,5,Chennai,Tamil Nadu,South,Artemis Hospital,16,Clinic,MCI-12293
HCP-2294,Radhika,Padmanabhan,Consultant_Physician,B,7,Jaipur,Rajasthan,North,Lilavati Hospital,10,Hospital,MCI-12294
HCP-2295,Gaurav,Anand,Pulmonist,A,1,Bengaluru,Karnataka,South,,25,Hospital,MCI-12295
HCP-2296,Yashvi,Raval,GP,B,6,Chennai,Tamil Nadu,South,Max Healthcare,11,Clinic,MCI-12296
HCP-2297,Joshua,Menon,Gastroenterologist,C,9,Kolkata,West Bengal,East,Global Hospital,10,Hospital,MCI-12297
HCP-2298,David,Pingle,Diabetologist,A,3,Mumbai,Maharashtra,West,,34,Clinic,MCI-12298
HCP-2299,Chatresh,Acharya,Consultant_Physician,C,7,Mumbai,Maharashtra,West,,34,Clinic,MCI-12299
HCP-2300,Jagrati,Choudhary,Diabetologist,A,4,Bengaluru,Karnataka,South,Fortis Hospital,21,WhatsApp,MCI-12300
HCP-2301,Baghyawati,Balasubramanian,Consultant_Physician,A,2,Lucknow,Uttar Pradesh,North,,40,Phone,MCI-12301
HCP-2302,Wahab,Sankaran,Cardiologist,B,6,Mumbai,Maharashtra,West,,5,Hospital,MCI-12302
HCP-2303,Meera,Nadkarni,Cardiologist,B,5,Hyderabad,Telangana,South,,23,Clinic,MCI-12303
HCP-2304,Lavanya,Ravi,GP,C,9,Kolkata,West Bengal,East,Artemis Hospital,37,Phone,MCI-12304
HCP-2305,Lakshmi,Saran,GP,C,10,Hyderabad,Telangana,South,,38,Clinic,MCI-12305
HCP-2306,Siddharth,Ghose,Consultant_Physician,A,1,Mumbai,Maharashtra,West,Aster Medcity,2,WhatsApp,MCI-12306
HCP-2307,Vaishnavi,Dewan,GP,B,7,Chennai,Tamil Nadu,South,Max Healthcare,30,Phone,MCI-12307
HCP-2308,Raghav,Rajagopalan,Consultant_Physician,C,7,Mumbai,Maharashtra,West,,37,Clinic,MCI-12308
HCP-2309,Jagvi,Sahni,GP,B,5,Lucknow,Uttar Pradesh,North,,14,Hospital,MCI-12309
HCP-2310,Mitesh,Mani,Gastroenterologist,B,5,Ahmedabad,Gujarat,West,,37,Clinic,MCI-12310
HCP-2311,Jeremiah,Desai,Diabetologist,B,7,Jaipur,Rajasthan,North,Aster Medcity,16,Clinic,MCI-12311
HCP-2312,Advay,Bora,Cardiologist,C,9,Mumbai,Maharashtra,West,,16,Clinic,MCI-12312
HCP-2313,Amol,Dhawan,Consultant_Physician,B,8,Lucknow,Uttar Pradesh,North,Wellness Clinic,8,Clinic,MCI-12313
HCP-2314,Vidhi,Sarkar,Cardiologist,B,5,Mumbai,Maharashtra,West,Global Hospital,11,Hospital,MCI-12314
HCP-2315,Laban,Chad,Cardiologist,B,3,Pune,Maharashtra,West,Global Hospital,40,Phone,MCI-12315
HCP-2316,Laksh,Sagar,GP,C,6,Pune,Maharashtra,West,,4,Hospital,MCI-12316
HCP-2317,Tamanna,Sandal,Cardiologist,A,4,Mumbai,Maharashtra,West,,16,Phone,MCI-12317
HCP-2318,Pranit,Sha,GP,A,2,Delhi,Delhi,North,,7,Clinic,MCI-12318
HCP-2319,Yashodhara,Samra,Pulmonist,B,4,Delhi,Delhi,North,Fortis Hospital,10,Phone,MCI-12319
HCP-2320,Shivani,Rajagopalan,GP,A,1,Mumbai,Maharashtra,West,Max Healthcare,39,Clinic,MCI-12320
HCP-2321,Isha,Kara,GP,B,3,Chennai,Tamil Nadu,South,Wellness Clinic,5,Clinic,MCI-12321
HCP-2322,Quincy,Samra,Diabetologist,B,7,Mumbai,Maharashtra,West,Global Hospital,32,Clinic,MCI-12322
HCP-2323,Abhimanyu,Tara,Cardiologist,C,8,Delhi,Delhi,North,,19,WhatsApp,MCI-12323
HCP-2324,Warjas,Thaker,Pulmonist,A,3,Kochi,Kerala,South,AIIMS,4,Phone,MCI-12324
HCP-2325,Amruta,Roy,Diabetologist,A,1,Jaipur,Rajasthan,North,Max Healthcare,3,Clinic,MCI-12325
HCP-2326,Jeevika,Bandi,GP,B,5,Ahmedabad,Gujarat,West,Lilavati Hospital,28,Clinic,MCI-12326
HCP-2327,Baljiwan,Subramanian,GP,B,5,Delhi,Delhi,North,Care Clinic,23,Hospital,MCI-12327
HCP-2328,Jyoti,Chowdhury,Pulmonist,C,8,Kolkata,West Bengal,East,Fortis Hospital,10,Clinic,MCI-12328
HCP-2329,Vasatika,Buch,GP,B,8,Jaipur,Rajasthan,North,Fortis Hospital,4,Phone,MCI-12329
HCP-2330,Lucky,Vyas,Consultant_Physician,C,8,Lucknow,Uttar Pradesh,North,Fortis Hospital,18,Phone,MCI-12330
HCP-2331,Ati,Shroff,Consultant_Physician,A,4,Mumbai,Maharashtra,West,AIIMS,30,Phone,MCI-12331
HCP-2332,Zansi,Brar,GP,B,5,Bengaluru,Karnataka,South,,26,Hospital,MCI-12332
HCP-2333,Gaurang,Korpal,Gastroenterologist,B,6,Hyderabad,Telangana,South,Care Clinic,37,Hospital,MCI-12333
HCP-2334,Urmi,Brahmbhatt,Cardiologist,C,7,Kochi,Kerala,South,Aster Medcity,5,Clinic,MCI-12334
HCP-2335,Devika,Bera,GP,C,10,Mumbai,Maharashtra,West,AIIMS,18,Clinic,MCI-12335
HCP-2336,Hemal,Warrior,GP,B,8,Delhi,Delhi,North,Max Healthcare,7,Hospital,MCI-12336
HCP-2337,Advay,Singh,Pulmonist,B,8,Bengaluru,Karnataka,South,,7,Clinic,MCI-12337
HCP-2338,Sudiksha,Vala,GP,C,9,Delhi,Delhi,North,Aster Medcity,19,Clinic,MCI-12338
HCP-2339,Upasna,Narula,Consultant_Physician,C,9,Kolkata,West Bengal,East,Narayana Health,37,Clinic,MCI-12339
HCP-2340,Oviya,Pandit,GP,B,3,Mumbai,Maharashtra,West,Max Healthcare,28,Phone,MCI-12340
HCP-2341,Chaitaly,Mann,Cardiologist,B,8,Bengaluru,Karnataka,South,Narayana Health,31,WhatsApp,MCI-12341
HCP-2342,Oliver,Banik,GP,A,5,Kolkata,West Bengal,East,Wellness Clinic,27,Phone,MCI-12342
HCP-2343,Daksha,Lad,GP,B,6,Ahmedabad,Gujarat,West,Artemis Hospital,9,Hospital,MCI-12343
HCP-2344,Darsh,Solanki,Consultant_Physician,B,6,Hyderabad,Telangana,South,Medanta Hospital,23,Clinic,MCI-12344
HCP-2345,Omkaar,Behl,Consultant_Physician,B,3,Lucknow,Uttar Pradesh,North,,13,Hospital,MCI-12345
HCP-2346,Bishakha,Bala,Cardiologist,B,5,Jaipur,Rajasthan,North,Care Clinic,40,Phone,MCI-12346
HCP-2347,Bhavini,Sundaram,Consultant_Physician,B,8,Delhi,Delhi,North,Medanta Hospital,13,Hospital,MCI-12347
HCP-2348,Fitan,Date,Cardiologist,C,8,Kolkata,West Bengal,East,Aster Medcity,28,Hospital,MCI-12348
HCP-2349,Yashasvi,Bose,Consultant_Physician,C,8,Chennai,Tamil Nadu,South,Aster Medcity,36,Phone,MCI-12349
HCP-2350,Arunima,Krishnan,GP,C,9,Lucknow,Uttar Pradesh,North,Lilavati Hospital,28,Clinic,MCI-12350
HCP-2351,Kevin,Mand,GP,B,7,Bengaluru,Karnataka,South,AIIMS,22,WhatsApp,MCI-12351
HCP-2352,Anvi,Kurian,Consultant_Physician,C,10,Ahmedabad,Gujarat,West,Lilavati Hospital,3,Phone,MCI-12352
HCP-2353,Akshay,Choudhury,Pulmonist,C,7,Bhopal,Madhya Pradesh,West,,13,WhatsApp,MCI-12353
HCP-2354,Owen,Dora,Gastroenterologist,B,5,Delhi,Delhi,North,Medanta Hospital,30,WhatsApp,MCI-12354
HCP-2355,Sanya,Pingle,GP,C,6,Mumbai,Maharashtra,West,Lilavati Hospital,26,Clinic,MCI-12355
HCP-2356,Parth,Lal,Pulmonist,B,5,Hyderabad,Telangana,South,Manipal Hospital,38,WhatsApp,MCI-12356
HCP-2357,Warinder,Sundaram,GP,A,2,Delhi,Delhi,North,Medanta Hospital,33,Hospital,MCI-12357
HCP-2358,Pratyush,Wable,Diabetologist,B,6,Delhi,Delhi,North,Wellness Clinic,15,Phone,MCI-12358
HCP-2359,Bachittar,Oza,GP,B,6,Delhi,Delhi,North,Wellness Clinic,10,WhatsApp,MCI-12359
HCP-2360,Frado,Dhillon,Cardiologist,B,5,Chennai,Tamil Nadu,South,Max Healthcare,5,Hospital,MCI-12360
HCP-2361,Mitesh,Tandon,GP,B,6,Mumbai,Maharashtra,West,Care Clinic,20,WhatsApp,MCI-12361
HCP-2362,Nitara,Rajagopal,Diabetologist,B,4,Chennai,Tamil Nadu,South,,14,Hospital,MCI-12362
HCP-2363,Wazir,Sarraf,GP,C,10,Kolkata,West Bengal,East,Care Clinic,16,Hospital,MCI-12363
HCP-2364,Oliver,Kade,Pulmonist,B,5,Mumbai,Maharashtra,West,,14,Clinic,MCI-12364
HCP-2365,Hemani,Bhagat,Consultant_Physician,B,7,Ahmedabad,Gujarat,West,Medanta Hospital,33,Hospital,MCI-12365
HCP-2366,Aishani,D’Alia,Cardiologist,A,1,Bengaluru,Karnataka,South,,10,Phone,MCI-12366
HCP-2367,Charles,Ganesh,Gastroenterologist,B,8,Bengaluru,Karnataka,South,Sunrise Clinic,3,Phone,MCI-12367
HCP-2368,Ucchal,Rastogi,GP,B,4,Delhi,Delhi,North,Max Healthcare,8,WhatsApp,MCI-12368
HCP-2369,Vamakshi,Mitra,GP,B,5,Chennai,Tamil Nadu,South,,22,Phone,MCI-12369
HCP-2370,Vamakshi,Walia,Consultant_Physician,A,5,Hyderabad,Telangana,South,Manipal Hospital,27,Hospital,MCI-12370
HCP-2371,Vivaan,Raghavan,GP,B,8,Hyderabad,Telangana,South,Aster Medcity,39,Hospital,MCI-12371
HCP-2372,Madhavi,Som,GP,B,6,Kolkata,West Bengal,East,,24,Hospital,MCI-12372
HCP-2373,Adweta,Dhillon,Consultant_Physician,A,1,Mumbai,Maharashtra,West,Global Hospital,35,Clinic,MCI-12373
HCP-2374,Radhika,Arora,Gastroenterologist,A,2,Delhi,Delhi,North,Apollo Hospital,29,Phone,MCI-12374
HCP-2375,Bhavya,Sen,Cardiologist,B,8,Kolkata,West Bengal,East,,7,Clinic,MCI-12375
HCP-2376,Lavanya,Mutti,Cardiologist,B,6,Hyderabad,Telangana,South,Global Hospital,2,Phone,MCI-12376
HCP-2377,Benjamin,Chatterjee,Cardiologist,B,5,Bhopal,Madhya Pradesh,West,,14,Hospital,MCI-12377
HCP-2378,Irya,Sankaran,Diabetologist,C,9,Delhi,Delhi,North,Narayana Health,7,Hospital,MCI-12378
HCP-2379,Anjali,Nayak,Cardiologist,A,1,Mumbai,Maharashtra,West,Sunrise Clinic,9,Hospital,MCI-12379
HCP-2380,Anamika,Loke,GP,C,10,Kolkata,West Bengal,East,AIIMS,27,Clinic,MCI-12380
HCP-2381,Guneet,Kumer,Diabetologist,C,10,Bengaluru,Karnataka,South,,5,Hospital,MCI-12381
HCP-2382,Mahika,Shenoy,Cardiologist,C,9,Pune,Maharashtra,West,Artemis Hospital,35,Clinic,MCI-12382
HCP-2383,Wyatt,Hayer,GP,B,3,Bhopal,Madhya Pradesh,West,Narayana Health,30,Phone,MCI-12383
HCP-2384,Zinal,Nazareth,GP,B,5,Mumbai,Maharashtra,West,Aster Medcity,12,Clinic,MCI-12384
HCP-2385,Pranit,Munshi,Cardiologist,C,6,Delhi,Delhi,North,Manipal Hospital,16,WhatsApp,MCI-12385
HCP-2386,Advaith,Anand,Diabetologist,B,5,Lucknow,Uttar Pradesh,North,Max Healthcare,27,Hospital,MCI-12386
HCP-2387,Ekansh,Arora,Gastroenterologist,A,5,Mumbai,Maharashtra,West,Wellness Clinic,31,Hospital,MCI-12387
HCP-2388,Nisha,Chaudhari,Cardiologist,B,5,Chennai,Tamil Nadu,South,,30,WhatsApp,MCI-12388
HCP-2389,Hemang,Sehgal,GP,A,4,Pune,Maharashtra,West,Max Healthcare,18,Clinic,MCI-12389
HCP-2390,Indali,Kanda,Cardiologist,A,3,Ahmedabad,Gujarat,West,,15,Phone,MCI-12390
HCP-2391,Bhanumati,Krishnamurthy,Consultant_Physician,B,6,Mumbai,Maharashtra,West,City Hospital,13,Clinic,MCI-12391
HCP-2392,Reyansh,Bandi,Gastroenterologist,B,7,Mumbai,Maharashtra,West,Kokilaben Hospital,32,WhatsApp,MCI-12392
HCP-2393,Arjun,Chanda,Cardiologist,B,5,Kolkata,West Bengal,East,,10,Clinic,MCI-12393
HCP-2394,Dakshesh,Kalla,GP,C,8,Kolkata,West Bengal,East,Aster Medcity,37,Clinic,MCI-12394
HCP-2395,Jairaj,Dar,Cardiologist,C,8,Kolkata,West Bengal,East,Fortis Hospital,34,Clinic,MCI-12395
HCP-2396,Gabriel,De,Cardiologist,B,5,Mumbai,Maharashtra,West,City Hospital,4,Hospital,MCI-12396
HCP-2397,Keya,Goyal,GP,C,8,Delhi,Delhi,North,,34,Clinic,MCI-12397
HCP-2398,Indrajit,Gour,Consultant_Physician,C,10,Pune,Maharashtra,West,Narayana Health,38,Phone,MCI-12398
HCP-2399,Zehaan,Menon,Pulmonist,C,9,Chennai,Tamil Nadu,South,Manipal Hospital,4,WhatsApp,MCI-12399
HCP-2400,Unni,Borra,Gastroenterologist,C,10,Ahmedabad,Gujarat,West,City Hospital,22,WhatsApp,MCI-12400
HCP-2401,Sudiksha,Malhotra,GP,B,3,Lucknow,Uttar Pradesh,North,,18,Clinic,MCI-12401
HCP-2402,Prisha,Naik,Consultant_Physician,B,6,Bengaluru,Karnataka,South,Manipal Hospital,32,Clinic,MCI-12402
HCP-2403,Aarini,Edwin,Consultant_Physician,B,3,Ahmedabad,Gujarat,West,Care Clinic,20,Hospital,MCI-12403
HCP-2404,Ethan,Malhotra,GP,A,3,Mumbai,Maharashtra,West,,5,Phone,MCI-12404
HCP-2405,David,Raja,Consultant_Physician,B,3,Pune,Maharashtra,West,Lilavati Hospital,24,Clinic,MCI-12405
HCP-2406,Lipika,Natarajan,Diabetologist,C,9,Delhi,Delhi,North,Fortis Hospital,7,WhatsApp,MCI-12406
HCP-2407,Darpan,Kuruvilla,Diabetologist,C,7,Bengaluru,Karnataka,South,Medanta Hospital,12,Clinic,MCI-12407
HCP-2408,Alka,Gokhale,Gastroenterologist,C,10,Pune,Maharashtra,West,Manipal Hospital,31,Hospital,MCI-12408
HCP-2409,Ridhi,Boase,Diabetologist,C,9,Delhi,Delhi,North,Max Healthcare,35,Phone,MCI-12409
HCP-2410,Vyanjana,Iyer,Diabetologist,C,7,Delhi,Delhi,North,AIIMS,22,WhatsApp,MCI-12410
HCP-2411,Maya,Gokhale,GP,C,10,Kolkata,West Bengal,East,Sunrise Clinic,19,Clinic,MCI-12411
HCP-2412,Vyanjana,Chopra,GP,A,2,Delhi,Delhi,North,,10,Clinic,MCI-12412
HCP-2413,Maanas,Zachariah,Consultant_Physician,B,6,Jaipur,Rajasthan,North,Sunrise Clinic,7,Hospital,MCI-12413
HCP-2414,Raagini,Kamdar,Gastroenterologist,B,4,Bhopal,Madhya Pradesh,West,Narayana Health,20,Clinic,MCI-12414
HCP-2415,Hitesh,Sathe,Gastroenterologist,B,3,Kolkata,West Bengal,East,City Hospital,36,Clinic,MCI-12415
HCP-2416,Aashi,Chauhan,Consultant_Physician,B,5,Kolkata,West Bengal,East,Wellness Clinic,7,Clinic,MCI-12416
HCP-2417,Bakhshi,Bora,GP,C,10,Pune,Maharashtra,West,,37,Hospital,MCI-12417
HCP-2418,Ekavir,Krishna,Cardiologist,B,5,Bengaluru,Karnataka,South,Max Healthcare,40,Phone,MCI-12418
HCP-2419,Sanaya,Bahl,Diabetologist,C,10,Hyderabad,Telangana,South,Sunrise Clinic,19,Clinic,MCI-12419
HCP-2420,Widisha,Dixit,Cardiologist,C,8,Mumbai,Maharashtra,West,,37,Phone,MCI-12420
HCP-2421,Aadi,Barad,Diabetologist,B,4,Ahmedabad,Gujarat,West,Lilavati Hospital,12,Hospital,MCI-12421
HCP-2422,Madhavi,Lata,GP,B,6,Mumbai,Maharashtra,West,Aster Medcity,15,WhatsApp,MCI-12422
HCP-2423,Max,Narayan,Gastroenterologist,C,8,Hyderabad,Telangana,South,,4,Clinic,MCI-12423
HCP-2424,Mahika,Aggarwal,GP,B,4,Hyderabad,Telangana,South,Wellness Clinic,31,Hospital,MCI-12424
HCP-2425,Yutika,Swaminathan,GP,B,4,Mumbai,Maharashtra,West,Max Healthcare,28,WhatsApp,MCI-12425
HCP-2426,Vanya,Sarin,GP,A,1,Kolkata,West Bengal,East,,28,Clinic,MCI-12426
HCP-2427,Netra,Boase,Pulmonist,C,10,Delhi,Delhi,North,Sunrise Clinic,16,Phone,MCI-12427
HCP-2428,Upkaar,Aggarwal,Gastroenterologist,A,2,Mumbai,Maharashtra,West,Lilavati Hospital,11,Hospital,MCI-12428
HCP-2429,Leena,Subramaniam,GP,B,4,Jaipur,Rajasthan,North,Max Healthcare,6,Phone,MCI-12429
HCP-2430,Jairaj,Wason,GP,B,5,Chennai,Tamil Nadu,South,Care Clinic,36,Hospital,MCI-12430
HCP-2431,Jagrati,Nath,Pulmonist,B,5,Mumbai,Maharashtra,West,,37,Phone,MCI-12431
HCP-2432,Chavvi,Rattan,GP,A,2,Hyderabad,Telangana,South,,11,Phone,MCI-12432
HCP-2433,Christopher,Chana,Consultant_Physician,B,6,Hyderabad,Telangana,South,,3,Phone,MCI-12433
HCP-2434,Jasmit,Warrior,Consultant_Physician,A,3,Bengaluru,Karnataka,South,Lilavati Hospital,22,Clinic,MCI-12434
HCP-2435,Harini,Buch,GP,C,6,Mumbai,Maharashtra,West,,16,Clinic,MCI-12435
HCP-2436,Tripti,Mann,Cardiologist,B,3,Bengaluru,Karnataka,South,Global Hospital,23,Clinic,MCI-12436
HCP-2437,Samaksh,Goda,Gastroenterologist,A,2,Delhi,Delhi,North,City Hospital,39,Clinic,MCI-12437
HCP-2438,Balveer,Rajagopalan,Gastroenterologist,A,4,Bengaluru,Karnataka,South,,40,Clinic,MCI-12438
HCP-2439,Rayaan,Mistry,Diabetologist,A,3,Bengaluru,Karnataka,South,Manipal Hospital,7,Hospital,MCI-12439
HCP-2440,Madhavi,Chhabra,Consultant_Physician,B,5,Hyderabad,Telangana,South,Medanta Hospital,21,Clinic,MCI-12440
HCP-2441,Jagrati,Sur,Cardiologist,A,2,Kolkata,West Bengal,East,AIIMS,9,Hospital,MCI-12441
HCP-2442,Frado,Sarma,Cardiologist,B,4,Delhi,Delhi,North,Artemis Hospital,19,Clinic,MCI-12442
HCP-2443,Ranveer,Dey,GP,A,4,Delhi,Delhi,North,AIIMS,11,Hospital,MCI-12443
HCP-2444,Balendra,Hans,Diabetologist,A,2,Mumbai,Maharashtra,West,Kokilaben Hospital,30,Hospital,MCI-12444
HCP-2445,Aryan,Khare,GP,B,5,Bengaluru,Karnataka,South,,15,WhatsApp,MCI-12445
HCP-2446,Vrinda,Ramachandran,Diabetologist,A,5,Delhi,Delhi,North,,11,Hospital,MCI-12446
HCP-2447,Dev,Zachariah,Diabetologist,A,1,Ahmedabad,Gujarat,West,Fortis Hospital,30,Hospital,MCI-12447
HCP-2448,Darika,Tata,Pulmonist,B,5,Mumbai,Maharashtra,West,,21,Clinic,MCI-12448
HCP-2449,Shivani,Babu,Gastroenterologist,B,6,Mumbai,Maharashtra,West,Medanta Hospital,30,Clinic,MCI-12449
HCP-2450,Balhaar,Nori,Diabetologist,C,9,Pune,Maharashtra,West,,2,Clinic,MCI-12450
HCP-2451,Daksh,Nazareth,Gastroenterologist,A,3,Mumbai,Maharashtra,West,Aster Medcity,6,Hospital,MCI-12451
HCP-2452,Brijesh,Ravi,Diabetologist,B,4,Ahmedabad,Gujarat,West,Sunrise Clinic,32,Hospital,MCI-12452
HCP-2453,Jagat,Kakar,GP,A,1,Pune,Maharashtra,West,Aster Medcity,10,Hospital,MCI-12453
HCP-2454,Tara,Yadav,GP,B,8,Hyderabad,Telangana,South,City Hospital,28,Clinic,MCI-12454
HCP-2455,Manthan,Kaul,Cardiologist,C,9,Delhi,Delhi,North,Max Healthcare,14,Clinic,MCI-12455
HCP-2456,Ekbal,Bansal,Diabetologist,C,8,Mumbai,Maharashtra,West,Care Clinic,34,Clinic,MCI-12456
HCP-2457,Lohit,Suresh,Consultant_Physician,B,6,Chennai,Tamil Nadu,South,,21,Phone,MCI-12457
HCP-2458,Anirudh,Sinha,Diabetologist,A,1,Pune,Maharashtra,West,AIIMS,30,Clinic,MCI-12458
HCP-2459,Chakradev,Kibe,Consultant_Physician,A,5,Kochi,Kerala,South,Kokilaben Hospital,26,Hospital,MCI-12459
HCP-2460,Kalpit,Atwal,Cardiologist,B,7,Jaipur,Rajasthan,North,Global Hospital,23,Clinic,MCI-12460
HCP-2461,Orinder,Bedi,Consultant_Physician,B,3,Kolkata,West Bengal,East,Artemis Hospital,26,Clinic,MCI-12461
HCP-2462,Damyanti,Chatterjee,GP,C,8,Ahmedabad,Gujarat,West,Global Hospital,31,Clinic,MCI-12462
HCP-2463,Tanmayi,Garde,GP,B,7,Pune,Maharashtra,West,,25,Hospital,MCI-12463
HCP-2464,Devansh,Cherian,GP,B,5,Pune,Maharashtra,West,,28,Clinic,MCI-12464
HCP-2465,Ishaan,Tank,Gastroenterologist,B,6,Kolkata,West Bengal,East,,39,Hospital,MCI-12465
HCP-2466,Thomas,Bhatnagar,Gastroenterologist,B,7,Hyderabad,Telangana,South,Wellness Clinic,8,Clinic,MCI-12466
HCP-2467,Samaksh,Sandhu,Gastroenterologist,B,6,Kochi,Kerala,South,Lilavati Hospital,34,Hospital,MCI-12467
HCP-2468,Geetika,Ratti,GP,C,9,Mumbai,Maharashtra,West,Manipal Hospital,32,Clinic,MCI-12468
HCP-2469,Ekta,Dara,Gastroenterologist,B,5,Bengaluru,Karnataka,South,,37,Hospital,MCI-12469
HCP-2470,Laksh,Nagy,Pulmonist,C,10,Mumbai,Maharashtra,West,Medanta Hospital,30,Hospital,MCI-12470
HCP-2471,Tanay,Bath,GP,B,8,Mumbai,Maharashtra,West,Sunrise Clinic,10,Clinic,MCI-12471
HCP-2472,Oscar,Nayak,Cardiologist,A,4,Mumbai,Maharashtra,West,Wellness Clinic,2,Phone,MCI-12472
HCP-2473,Dev,Dara,GP,C,8,Delhi,Delhi,North,Lilavati Hospital,16,Clinic,MCI-12473
HCP-2474,Anusha,Dhaliwal,Cardiologist,B,6,Pune,Maharashtra,West,Aster Medcity,35,Clinic,MCI-12474
HCP-2475,Ojasvi,Ganguly,Gastroenterologist,B,6,Ahmedabad,Gujarat,West,City Hospital,31,Clinic,MCI-12475
HCP-2476,Kala,Gala,Cardiologist,B,6,Ahmedabad,Gujarat,West,Lilavati Hospital,29,Phone,MCI-12476
HCP-2477,Reva,Kohli,GP,A,2,Delhi,Delhi,North,,14,Hospital,MCI-12477
HCP-2478,Banjeet,Deol,Diabetologist,A,4,Mumbai,Maharashtra,West,,39,Phone,MCI-12478
HCP-2479,Harish,Puri,Consultant_Physician,B,7,Pune,Maharashtra,West,,36,Clinic,MCI-12479
HCP-2480,Nakul,Babu,Cardiologist,B,3,Pune,Maharashtra,West,,17,Hospital,MCI-12480
HCP-2481,Vidhi,Buch,Gastroenterologist,A,2,Delhi,Delhi,North,AIIMS,34,Clinic,MCI-12481
HCP-2482,Abeer,Amble,Gastroenterologist,B,6,Chennai,Tamil Nadu,South,Medanta Hospital,6,WhatsApp,MCI-12482
HCP-2483,Praneel,Chakraborty,Pulmonist,C,8,Lucknow,Uttar Pradesh,North,,30,WhatsApp,MCI-12483
HCP-2484,Bhanumati,Saha,Cardiologist,A,1,Bhopal,Madhya Pradesh,West,,31,Hospital,MCI-12484
HCP-2485,Vamakshi,Date,Consultant_Physician,C,7,Pune,Maharashtra,West,,2,Clinic,MCI-12485
HCP-2486,Samuel,Dhar,GP,B,6,Chennai,Tamil Nadu,South,Aster Medcity,3,Hospital,MCI-12486
HCP-2487,Anika,Virk,GP,C,10,Kolkata,West Bengal,East,,26,Hospital,MCI-12487
HCP-2488,Shravya,Sabharwal,Cardiologist,A,5,Lucknow,Uttar Pradesh,North,Global Hospital,5,Clinic,MCI-12488
HCP-2489,William,Ghosh,GP,B,5,Bengaluru,Karnataka,South,,8,Phone,MCI-12489
HCP-2490,Baljiwan,Gole,Consultant_Physician,B,8,Bengaluru,Karnataka,South,,32,Hospital,MCI-12490
HCP-2491,Xalak,Chakrabarti,GP,C,9,Chennai,Tamil Nadu,South,Global Hospital,22,Hospital,MCI-12491
HCP-2492,Charvi,Pall,Cardiologist,C,9,Chennai,Tamil Nadu,South,Care Clinic,2,Hospital,MCI-12492
HCP-2493,Omya,Agrawal,Gastroenterologist,B,5,Bengaluru,Karnataka,South,,32,Clinic,MCI-12493
HCP-2494,Warinder,Handa,Pulmonist,B,7,Delhi,Delhi,North,Wellness Clinic,21,Clinic,MCI-12494
HCP-2495,Jacob,Wagle,Diabetologist,B,7,Pune,Maharashtra,West,Narayana Health,14,Phone,MCI-12495
HCP-2496,Girish,Pathak,Consultant_Physician,B,6,Delhi,Delhi,North,Max Healthcare,8,Clinic,MCI-12496
HCP-2497,Yashica,Kanda,Pulmonist,B,5,Bengaluru,Karnataka,South,Apollo Hospital,13,Hospital,MCI-12497
HCP-2498,Ucchal,Joshi,Consultant_Physician,B,7,Bengaluru,Karnataka,South,AIIMS,15,Clinic,MCI-12498
HCP-2499,Aradhana,Bera,Diabetologist,C,8,Jaipur,Rajasthan,North,,40,Phone,MCI-12499
HCP-2500,Rishi,Chowdhury,Pulmonist,A,5,Pune,Maharashtra,West,,15,WhatsApp,MCI-12500
HCP-2501,Manthan,Som,Cardiologist,B,5,Delhi,Delhi,North,Care Clinic,26,Hospital,MCI-12501
HCP-2502,Widisha,Goda,Consultant_Physician,B,4,Jaipur,Rajasthan,North,,5,Hospital,MCI-12502
HCP-2503,Nathaniel,Bassi,GP,B,7,Mumbai,Maharashtra,West,,5,Hospital,MCI-12503
HCP-2504,Chatura,Patla,Consultant_Physician,A,1,Delhi,Delhi,North,,21,Clinic,MCI-12504
HCP-2505,Bhavani,Kadakia,Cardiologist,C,9,Mumbai,Maharashtra,West,Wellness Clinic,2,Clinic,MCI-12505
HCP-2506,Radhika,Krishnamurthy,Cardiologist,A,2,Mumbai,Maharashtra,West,Artemis Hospital,13,Clinic,MCI-12506
HCP-2507,Gaurika,Setty,GP,B,8,Kolkata,West Bengal,East,,40,Hospital,MCI-12507
HCP-2508,Caleb,Chawla,GP,B,4,Ahmedabad,Gujarat,West,Manipal Hospital,14,Hospital,MCI-12508
HCP-2509,Charles,Yogi,Consultant_Physician,A,2,Bhopal,Madhya Pradesh,West,Care Clinic,29,Clinic,MCI-12509
HCP-2510,Patrick,Dugar,Diabetologist,A,1,Delhi,Delhi,North,,3,Hospital,MCI-12510
HCP-2511,Ayush,Sundaram,Consultant_Physician,A,2,Bengaluru,Karnataka,South,,34,Phone,MCI-12511
HCP-2512,Yutika,D’Alia,Pulmonist,B,8,Delhi,Delhi,North,,30,Clinic,MCI-12512
HCP-2513,Ekavir,Keer,Cardiologist,B,5,Hyderabad,Telangana,South,City Hospital,17,Clinic,MCI-12513
HCP-2514,Sai,Nanda,Cardiologist,C,10,Pune,Maharashtra,West,,19,Clinic,MCI-12514
HCP-2515,Oni,Issac,Diabetologist,C,10,Bengaluru,Karnataka,South,,24,WhatsApp,MCI-12515
HCP-2516,Eshana,Karpe,Gastroenterologist,A,3,Jaipur,Rajasthan,North,,15,WhatsApp,MCI-12516
HCP-2517,Imaran,Nanda,Pulmonist,A,3,Delhi,Delhi,North,,36,Phone,MCI-12517
HCP-2518,Vedant,Chaudhari,Pulmonist,B,5,Bengaluru,Karnataka,South,,7,Hospital,MCI-12518
HCP-2519,Warjas,Sachar,Diabetologist,A,2,Pune,Maharashtra,West,,4,Clinic,MCI-12519
HCP-2520,Ryan,Prashad,Gastroenterologist,A,3,Pune,Maharashtra,West,,21,Phone,MCI-12520
HCP-2521,Thomas,Borah,GP,B,7,Bengaluru,Karnataka,South,Kokilaben Hospital,38,Phone,MCI-12521
HCP-2522,Urishilla,Sundaram,Diabetologist,B,5,Hyderabad,Telangana,South,Care Clinic,29,Clinic,MCI-12522
HCP-2523,Chatura,Sarin,Diabetologist,C,10,Bengaluru,Karnataka,South,Global Hospital,5,Clinic,MCI-12523
HCP-2524,Maanav,Kalita,GP,A,2,Bhopal,Madhya Pradesh,West,,32,Phone,MCI-12524
HCP-2525,Suhani,Gokhale,GP,B,4,Bengaluru,Karnataka,South,Fortis Hospital,22,Hospital,MCI-12525
HCP-2526,Lila,Prakash,Diabetologist,A,3,Bengaluru,Karnataka,South,Manipal Hospital,25,Phone,MCI-12526
HCP-2527,Laban,Shankar,Diabetologist,B,5,Mumbai,Maharashtra,West,Aster Medcity,24,Hospital,MCI-12527
HCP-2528,Rishi,Parmer,Cardiologist,B,4,Delhi,Delhi,North,Narayana Health,28,WhatsApp,MCI-12528
HCP-2529,Anamika,Jain,Gastroenterologist,B,4,Pune,Maharashtra,West,Lilavati Hospital,40,Hospital,MCI-12529
HCP-2530,Gautami,Datta,Cardiologist,B,6,Mumbai,Maharashtra,West,,4,Clinic,MCI-12530
HCP-2531,Azad,Bhasin,Diabetologist,B,7,Mumbai,Maharashtra,West,,14,Hospital,MCI-12531
HCP-2532,Avni,Deshpande,GP,B,6,Jaipur,Rajasthan,North,Apollo Hospital,2,Clinic,MCI-12532
HCP-2533,Indrajit,Shroff,Consultant_Physician,C,8,Delhi,Delhi,North,Kokilaben Hospital,39,Phone,MCI-12533
HCP-2534,Tara,Sahota,GP,B,6,Kolkata,West Bengal,East,,20,Clinic,MCI-12534
HCP-2535,Onveer,Oza,GP,B,5,Delhi,Delhi,North,,33,Phone,MCI-12535
HCP-2536,Thomas,Merchant,GP,B,5,Chennai,Tamil Nadu,South,Narayana Health,2,Clinic,MCI-12536
HCP-2537,Naksh,Garde,GP,B,4,Pune,Maharashtra,West,Kokilaben Hospital,21,Clinic,MCI-12537
HCP-2538,Victor,Chadha,Consultant_Physician,A,2,Jaipur,Rajasthan,North,Aster Medcity,32,WhatsApp,MCI-12538
HCP-2539,Nisha,Vig,GP,B,5,Chennai,Tamil Nadu,South,City Hospital,15,Hospital,MCI-12539
HCP-2540,Vrinda,Kalita,Pulmonist,C,9,Ahmedabad,Gujarat,West,Narayana Health,19,Hospital,MCI-12540
HCP-2541,Urvashi,Shere,Consultant_Physician,B,6,Chennai,Tamil Nadu,South,,32,Clinic,MCI-12541
HCP-2542,Arya,Atwal,Gastroenterologist,B,5,Mumbai,Maharashtra,West,Manipal Hospital,24,Clinic,MCI-12542
HCP-2543,Priya,Koshy,Diabetologist,C,8,Ahmedabad,Gujarat,West,,7,Clinic,MCI-12543
HCP-2544,Yug,Narang,Diabetologist,B,5,Mumbai,Maharashtra,West,Medanta Hospital,27,Clinic,MCI-12544
HCP-2545,Radha,Kapadia,Diabetologist,C,7,Lucknow,Uttar Pradesh,North,Max Healthcare,7,Hospital,MCI-12545
HCP-2546,Manthan,Ahluwalia,GP,A,2,Hyderabad,Telangana,South,City Hospital,8,Phone,MCI-12546
HCP-2547,Omisha,Basu,Diabetologist,B,4,Jaipur,Rajasthan,North,,15,Clinic,MCI-12547
HCP-2548,Banjeet,Singhal,Cardiologist,B,6,Jaipur,Rajasthan,North,Max Healthcare,39,Clinic,MCI-12548
HCP-2549,Yamini,Bandi,Diabetologist,A,1,Kolkata,West Bengal,East,Fortis Hospital,23,Clinic,MCI-12549
HCP-2550,Pavani,Wali,Consultant_Physician,B,7,Kochi,Kerala,South,Apollo Hospital,20,Clinic,MCI-12550
HCP-2551,Meera,Srinivas,Consultant_Physician,A,3,Jaipur,Rajasthan,North,Apollo Hospital,35,Phone,MCI-12551
HCP-2552,Guneet,Sethi,Diabetologist,A,3,Pune,Maharashtra,West,Global Hospital,17,Hospital,MCI-12552
HCP-2553,Warhi,Khosla,Consultant_Physician,C,9,Delhi,Delhi,North,Fortis Hospital,2,Phone,MCI-12553
HCP-2554,Fiyaz,Arora,GP,B,4,Pune,Maharashtra,West,Max Healthcare,37,Clinic,MCI-12554
HCP-2555,Niharika,Kamdar,Consultant_Physician,A,1,Kolkata,West Bengal,East,,6,Clinic,MCI-12555
HCP-2556,Kevin,Parmer,Gastroenterologist,A,2,Lucknow,Uttar Pradesh,North,Fortis Hospital,27,Phone,MCI-12556
HCP-2557,Chakrika,Khare,Cardiologist,B,4,Kolkata,West Bengal,East,Kokilaben Hospital,31,Phone,MCI-12557
HCP-2558,Gautam,Babu,GP,C,8,Delhi,Delhi,North,Lilavati Hospital,32,Phone,MCI-12558
HCP-2559,Varsha,Mody,Pulmonist,C,9,Delhi,Delhi,North,Aster Medcity,13,Hospital,MCI-12559
HCP-2560,Neel,Sharaf,GP,A,2,Bengaluru,Karnataka,South,,39,WhatsApp,MCI-12560
HCP-2561,Arjun,Sha,Diabetologist,A,2,Hyderabad,Telangana,South,Aster Medcity,40,Phone,MCI-12561
HCP-2562,Ubika,Devi,Diabetologist,B,6,Chennai,Tamil Nadu,South,AIIMS,12,Clinic,MCI-12562
HCP-2563,Nidra,Goyal,Cardiologist,A,2,Delhi,Delhi,North,Artemis Hospital,39,Hospital,MCI-12563
HCP-2564,Kamala,Shetty,Cardiologist,B,6,Pune,Maharashtra,West,Manipal Hospital,30,Clinic,MCI-12564
HCP-2565,Aarav,Bobal,GP,C,7,Hyderabad,Telangana,South,Global Hospital,32,Clinic,MCI-12565
HCP-2566,Lekha,Natarajan,Diabetologist,A,1,Ahmedabad,Gujarat,West,City Hospital,28,Clinic,MCI-12566
HCP-2567,Bachittar,Minhas,GP,B,4,Hyderabad,Telangana,South,Medanta Hospital,29,Hospital,MCI-12567
HCP-2568,Pooja,Madan,GP,C,9,Mumbai,Maharashtra,West,Fortis Hospital,39,Hospital,MCI-12568
HCP-2569,Sarthak,Buch,Diabetologist,C,10,Lucknow,Uttar Pradesh,North,City Hospital,29,Hospital,MCI-12569
HCP-2570,Gautami,Bhakta,GP,B,4,Delhi,Delhi,North,,14,Phone,MCI-12570
HCP-2571,Yutika,Patla,Diabetologist,C,10,Mumbai,Maharashtra,West,,7,WhatsApp,MCI-12571
HCP-2572,Charan,Choudhry,Consultant_Physician,C,8,Mumbai,Maharashtra,West,,13,Clinic,MCI-12572
HCP-2573,Leela,Pau,Consultant_Physician,A,2,Chennai,Tamil Nadu,South,Care Clinic,11,Clinic,MCI-12573
HCP-2574,Udyati,Baria,Diabetologist,C,9,Chennai,Tamil Nadu,South,,24,WhatsApp,MCI-12574
HCP-2575,Jasmit,Peri,Diabetologist,B,4,Delhi,Delhi,North,Wellness Clinic,19,Clinic,MCI-12575
HCP-2576,Parth,Bhavsar,Cardiologist,A,1,Bhopal,Madhya Pradesh,West,,2,Hospital,MCI-12576
HCP-2577,Samarth,Devi,GP,A,4,Hyderabad,Telangana,South,Artemis Hospital,5,Clinic,MCI-12577
HCP-2578,Gaurika,Khare,GP,B,7,Ahmedabad,Gujarat,West,AIIMS,26,Hospital,MCI-12578
HCP-2579,Ishaan,Sridhar,GP,B,5,Hyderabad,Telangana,South,,38,Phone,MCI-12579
HCP-2580,Shaurya,Kar,Pulmonist,B,5,Mumbai,Maharashtra,West,Global Hospital,11,Phone,MCI-12580
HCP-2581,Ekani,Pandit,Gastroenterologist,B,5,Bhopal,Madhya Pradesh,West,AIIMS,10,Phone,MCI-12581
HCP-2582,Amara,Thakur,Diabetologist,A,3,Bengaluru,Karnataka,South,,19,Clinic,MCI-12582
HCP-2583,Pallavi,Malhotra,Diabetologist,C,10,Chennai,Tamil Nadu,South,Fortis Hospital,25,Clinic,MCI-12583
HCP-2584,Chatura,Bhatnagar,GP,C,8,Kochi,Kerala,South,,38,Hospital,MCI-12584
HCP-2585,Kashish,Pai,Gastroenterologist,B,4,Kolkata,West Bengal,East,Manipal Hospital,6,Clinic,MCI-12585
HCP-2586,Sneha,Sunder,Diabetologist,C,10,Bengaluru,Karnataka,South,City Hospital,12,WhatsApp,MCI-12586
HCP-2587,Yachana,Vyas,GP,B,6,Delhi,Delhi,North,Max Healthcare,14,Hospital,MCI-12587
HCP-2588,Jason,Singhal,Diabetologist,B,5,Mumbai,Maharashtra,West,Max Healthcare,11,Clinic,MCI-12588
HCP-2589,Brinda,Seth,GP,C,7,Kolkata,West Bengal,East,Global Hospital,36,Clinic,MCI-12589
HCP-2590,Jhalak,Bhatti,GP,C,6,Mumbai,Maharashtra,West,,34,Hospital,MCI-12590
HCP-2591,Raghav,Shankar,Cardiologist,C,7,Mumbai,Maharashtra,West,Global Hospital,16,Hospital,MCI-12591
HCP-2592,Gagan,Buch,Gastroenterologist,C,7,Mumbai,Maharashtra,West,Global Hospital,3,Hospital,MCI-12592
HCP-2593,Mahika,Gola,GP,C,6,Bhopal,Madhya Pradesh,West,Apollo Hospital,10,Hospital,MCI-12593
HCP-2594,Bhavya,Bose,Diabetologist,B,7,Chennai,Tamil Nadu,South,Manipal Hospital,32,Phone,MCI-12594
HCP-2595,Ikbal,Gala,Cardiologist,B,8,Bengaluru,Karnataka,South,,32,Hospital,MCI-12595
HCP-2596,Anya,Choudhury,Gastroenterologist,C,9,Delhi,Delhi,North,Narayana Health,3,Hospital,MCI-12596
HCP-2597,Manbir,Taneja,Pulmonist,B,6,Bengaluru,Karnataka,South,,34,Clinic,MCI-12597
HCP-2598,Matthew,Jayaraman,GP,C,9,Bengaluru,Karnataka,South,,21,Clinic,MCI-12598
HCP-2599,Arin,Memon,GP,B,8,Chennai,Tamil Nadu,South,,35,Phone,MCI-12599
HCP-2600,Omaja,Deo,Gastroenterologist,B,5,Hyderabad,Telangana,South,,3,Phone,MCI-12600
HCP-2601,Urvi,Palan,Cardiologist,A,2,Mumbai,Maharashtra,West,Global Hospital,27,Phone,MCI-12601
HCP-2602,Osha,Sawhney,Cardiologist,A,2,Bengaluru,Karnataka,South,Aster Medcity,26,Clinic,MCI-12602
HCP-2603,Ansh,Manne,GP,B,3,Bengaluru,Karnataka,South,Kokilaben Hospital,9,WhatsApp,MCI-12603
HCP-2604,Ranbir,Bhatnagar,Pulmonist,B,6,Pune,Maharashtra,West,City Hospital,14,Hospital,MCI-12604
HCP-2605,Anthony,Kata,Diabetologist,B,5,Pune,Maharashtra,West,Apollo Hospital,18,Clinic,MCI-12605
HCP-2606,Zinal,Nayak,GP,B,8,Kolkata,West Bengal,East,,7,Hospital,MCI-12606
HCP-2607,Nisha,Oza,Diabetologist,C,7,Kolkata,West Bengal,East,,36,Hospital,MCI-12607
HCP-2608,Eta,Sunder,Gastroenterologist,C,9,Hyderabad,Telangana,South,Sunrise Clinic,21,Phone,MCI-12608
HCP-2609,Sai,Shankar,Consultant_Physician,B,5,Mumbai,Maharashtra,West,Narayana Health,26,Clinic,MCI-12609
HCP-2610,Daksha,Deo,Diabetologist,B,7,Hyderabad,Telangana,South,Fortis Hospital,34,Phone,MCI-12610
HCP-2611,Damini,Garg,Consultant_Physician,B,7,Bengaluru,Karnataka,South,Apollo Hospital,26,Hospital,MCI-12611
HCP-2612,Abha,Karan,GP,B,6,Lucknow,Uttar Pradesh,North,Artemis Hospital,25,Hospital,MCI-12612
HCP-2613,Veda,Prabhu,Cardiologist,B,5,Mumbai,Maharashtra,West,City Hospital,20,Clinic,MCI-12613
HCP-2614,Bhavya,Batta,GP,B,4,Chennai,Tamil Nadu,South,,26,Clinic,MCI-12614
HCP-2615,Manbir,Pandit,GP,C,9,Kolkata,West Bengal,East,Wellness Clinic,36,Hospital,MCI-12615
HCP-2616,Bhavani,Shah,Consultant_Physician,C,7,Delhi,Delhi,North,AIIMS,2,Hospital,MCI-12616
HCP-2617,Ojas,Dyal,Cardiologist,B,5,Pune,Maharashtra,West,City Hospital,20,WhatsApp,MCI-12617
HCP-2618,Bhavika,Gopal,Diabetologist,B,8,Jaipur,Rajasthan,North,Medanta Hospital,16,Hospital,MCI-12618
HCP-2619,Parth,Dube,GP,B,5,Kolkata,West Bengal,East,,13,Hospital,MCI-12619
HCP-2620,Neel,Khanna,Diabetologist,C,6,Mumbai,Maharashtra,West,AIIMS,18,Clinic,MCI-12620
HCP-2621,Jackson,Barman,Cardiologist,B,6,Kolkata,West Bengal,East,,19,Clinic,MCI-12621
HCP-2622,Edhitha,Date,GP,B,4,Jaipur,Rajasthan,North,Artemis Hospital,15,Hospital,MCI-12622
HCP-2623,Ridhi,Lad,Diabetologist,B,5,Bengaluru,Karnataka,South,Artemis Hospital,37,Hospital,MCI-12623
HCP-2624,Kala,Gour,Consultant_Physician,B,5,Lucknow,Uttar Pradesh,North,Narayana Health,4,Clinic,MCI-12624
HCP-2625,Samesh,Banerjee,GP,A,3,Mumbai,Maharashtra,West,Aster Medcity,4,Clinic,MCI-12625
HCP-2626,Edhitha,Padmanabhan,Consultant_Physician,B,3,Kolkata,West Bengal,East,,19,Clinic,MCI-12626
HCP-2627,Manbir,Pradhan,Gastroenterologist,B,3,Hyderabad,Telangana,South,,6,WhatsApp,MCI-12627
HCP-2628,Saumya,Zacharia,Pulmonist,B,5,Bengaluru,Karnataka,South,Medanta Hospital,25,Phone,MCI-12628
HCP-2629,Nicholas,Walla,Cardiologist,B,5,Hyderabad,Telangana,South,Care Clinic,3,Hospital,MCI-12629
HCP-2630,Charvi,Dara,GP,B,6,Pune,Maharashtra,West,,36,Clinic,MCI-12630
HCP-2631,Aryan,Ravel,Consultant_Physician,B,4,Bengaluru,Karnataka,South,Apollo Hospital,9,Clinic,MCI-12631
HCP-2632,Xalak,Dhillon,Pulmonist,A,2,Bhopal,Madhya Pradesh,West,Medanta Hospital,19,Hospital,MCI-12632
HCP-2633,Tara,Nagarajan,Pulmonist,A,4,Mumbai,Maharashtra,West,,17,Hospital,MCI-12633
HCP-2634,Nachiket,Agrawal,Gastroenterologist,A,1,Delhi,Delhi,North,Apollo Hospital,25,Clinic,MCI-12634
HCP-2635,Yashica,Narula,GP,A,5,Pune,Maharashtra,West,Sunrise Clinic,26,Clinic,MCI-12635
HCP-2636,Chakrika,Som,GP,C,8,Bengaluru,Karnataka,South,,33,Clinic,MCI-12636
HCP-2637,Bimala,Din,Diabetologist,B,5,Ahmedabad,Gujarat,West,,24,Phone,MCI-12637
HCP-2638,Riya,Nigam,Diabetologist,C,6,Hyderabad,Telangana,South,Narayana Health,39,Phone,MCI-12638
HCP-2639,Isaiah,Srinivas,Diabetologist,B,4,Mumbai,Maharashtra,West,Global Hospital,22,Hospital,MCI-12639
HCP-2640,Banjeet,Dewan,Cardiologist,B,7,Chennai,Tamil Nadu,South,Global Hospital,27,Hospital,MCI-12640
HCP-2641,Jackson,Morar,Diabetologist,C,9,Pune,Maharashtra,West,,26,Clinic,MCI-12641
HCP-2642,Aryan,Ratti,Gastroenterologist,B,4,Pune,Maharashtra,West,Manipal Hospital,9,Clinic,MCI-12642
HCP-2643,Thomas,Sehgal,Pulmonist,B,5,Pune,Maharashtra,West,Manipal Hospital,29,Clinic,MCI-12643
HCP-2644,Ishanvi,Chanda,GP,C,8,Jaipur,Rajasthan,North,Artemis Hospital,21,Clinic,MCI-12644
HCP-2645,Eta,Bhakta,Consultant_Physician,A,3,Chennai,Tamil Nadu,South,Apollo Hospital,22,Clinic,MCI-12645
HCP-2646,Robert,Vyas,GP,B,8,Jaipur,Rajasthan,North,Sunrise Clinic,25,Clinic,MCI-12646
HCP-2647,Tristan,Mall,Cardiologist,B,3,Mumbai,Maharashtra,West,Kokilaben Hospital,37,Clinic,MCI-12647
HCP-2648,Rohan,Bajaj,Consultant_Physician,B,6,Kolkata,West Bengal,East,,7,Phone,MCI-12648
HCP-2649,Fiyaz,Yohannan,Cardiologist,B,4,Pune,Maharashtra,West,Max Healthcare,35,Clinic,MCI-12649
HCP-2650,Sanaya,Chahal,Diabetologist,B,7,Kochi,Kerala,South,,3,Clinic,MCI-12650
HCP-2651,Yauvani,Ramesh,Pulmonist,C,9,Bengaluru,Karnataka,South,,34,Clinic,MCI-12651
HCP-2652,Robert,Swaminathan,Diabetologist,C,10,Bhopal,Madhya Pradesh,West,,30,Phone,MCI-12652
HCP-2653,Eesha,Vaidya,GP,C,8,Chennai,Tamil Nadu,South,Max Healthcare,35,Phone,MCI-12653
HCP-2654,Daksh,Patel,Gastroenterologist,B,3,Chennai,Tamil Nadu,South,AIIMS,36,Clinic,MCI-12654
HCP-2655,Mitali,Divan,Consultant_Physician,B,5,Kochi,Kerala,South,Apollo Hospital,17,Hospital,MCI-12655
HCP-2656,Prisha,Pingle,Pulmonist,B,7,Kolkata,West Bengal,East,Aster Medcity,35,Phone,MCI-12656
HCP-2657,Libni,Pradhan,Diabetologist,A,2,Bhopal,Madhya Pradesh,West,Medanta Hospital,12,Clinic,MCI-12657
HCP-2658,Advik,Mane,Diabetologist,C,8,Bengaluru,Karnataka,South,,4,Clinic,MCI-12658
HCP-2659,Hemani,Panchal,Diabetologist,C,8,Pune,Maharashtra,West,Global Hospital,35,Clinic,MCI-12659
HCP-2660,Darika,Sehgal,Gastroenterologist,C,10,Pune,Maharashtra,West,Apollo Hospital,36,Hospital,MCI-12660
HCP-2661,Gagan,Kale,GP,A,2,Bengaluru,Karnataka,South,,2,Clinic,MCI-12661
HCP-2662,Sachi,Sagar,Pulmonist,C,10,Kochi,Kerala,South,,27,Hospital,MCI-12662
HCP-2663,Saanvi,Mani,Cardiologist,B,5,Mumbai,Maharashtra,West,Kokilaben Hospital,4,Phone,MCI-12663
HCP-2664,Nihal,Samra,GP,B,5,Jaipur,Rajasthan,North,Care Clinic,37,Hospital,MCI-12664
HCP-2665,Oeshi,Dewan,Cardiologist,B,7,Ahmedabad,Gujarat,West,Kokilaben Hospital,8,Clinic,MCI-12665
HCP-2666,Gabriel,Dhawan,GP,A,5,Kolkata,West Bengal,East,Artemis Hospital,28,Clinic,MCI-12666
HCP-2667,Sarthak,Mitter,GP,B,5,Delhi,Delhi,North,Care Clinic,17,Hospital,MCI-12667
HCP-2668,Vaishnavi,Vohra,Consultant_Physician,A,1,Mumbai,Maharashtra,West,,6,Phone,MCI-12668
HCP-2669,Gautami,Bhatti,Diabetologist,B,4,Mumbai,Maharashtra,West,Apollo Hospital,12,Hospital,MCI-12669
HCP-2670,Keya,Chakrabarti,Consultant_Physician,A,1,Chennai,Tamil Nadu,South,Global Hospital,8,Hospital,MCI-12670
HCP-2671,Abeer,Rout,Diabetologist,B,5,Hyderabad,Telangana,South,Aster Medcity,35,Phone,MCI-12671
HCP-2672,Anjali,Sachdeva,Cardiologist,B,8,Chennai,Tamil Nadu,South,Global Hospital,30,WhatsApp,MCI-12672
HCP-2673,Parth,Shere,GP,B,4,Chennai,Tamil Nadu,South,,20,Hospital,MCI-12673
HCP-2674,Laksh,Iyengar,GP,C,8,Jaipur,Rajasthan,North,Apollo Hospital,18,WhatsApp,MCI-12674
HCP-2675,Quincy,Raj,Cardiologist,A,3,Delhi,Delhi,North,Sunrise Clinic,37,Phone,MCI-12675
HCP-2676,Bimala,Swaminathan,Diabetologist,B,5,Pune,Maharashtra,West,Wellness Clinic,21,Phone,MCI-12676
HCP-2677,Brijesh,Mittal,Consultant_Physician,C,6,Chennai,Tamil Nadu,South,,12,Hospital,MCI-12677
HCP-2678,Daksha,Tak,GP,B,6,Chennai,Tamil Nadu,South,Wellness Clinic,31,Clinic,MCI-12678
HCP-2679,Ubika,Kapur,Cardiologist,C,8,Hyderabad,Telangana,South,Kokilaben Hospital,14,Clinic,MCI-12679
HCP-2680,Avi,Agate,GP,B,4,Hyderabad,Telangana,South,Lilavati Hospital,17,Hospital,MCI-12680
HCP-2681,Mitesh,Lala,Pulmonist,B,4,Ahmedabad,Gujarat,West,Sunrise Clinic,7,Clinic,MCI-12681
HCP-2682,Charita,Sodhi,Diabetologist,B,6,Hyderabad,Telangana,South,,32,Clinic,MCI-12682
HCP-2683,Jeet,Mani,GP,B,6,Lucknow,Uttar Pradesh,North,Artemis Hospital,23,Phone,MCI-12683
HCP-2684,Omisha,Gola,Cardiologist,C,8,Delhi,Delhi,North,,28,Clinic,MCI-12684
HCP-2685,Vyanjana,Konda,Diabetologist,B,6,Ahmedabad,Gujarat,West,Aster Medcity,17,Phone,MCI-12685
HCP-2686,Ayush,Dar,Cardiologist,C,10,Mumbai,Maharashtra,West,Fortis Hospital,34,Clinic,MCI-12686
HCP-2687,Aradhana,Tailor,GP,B,7,Pune,Maharashtra,West,AIIMS,7,Clinic,MCI-12687
HCP-2688,Ekalinga,Pathak,Cardiologist,C,7,Ahmedabad,Gujarat,West,City Hospital,23,Hospital,MCI-12688
HCP-2689,Vasana,Sarin,Cardiologist,C,7,Ahmedabad,Gujarat,West,Lilavati Hospital,11,Hospital,MCI-12689
HCP-2690,Aarna,Soni,GP,C,7,Mumbai,Maharashtra,West,Aster Medcity,3,WhatsApp,MCI-12690
HCP-2691,Jagdish,Prakash,Cardiologist,C,9,Mumbai,Maharashtra,West,Wellness Clinic,5,Clinic,MCI-12691
HCP-2692,Yauvani,Badal,GP,B,4,Jaipur,Rajasthan,North,,24,WhatsApp,MCI-12692
HCP-2693,Aashi,Gaba,Pulmonist,B,6,Bengaluru,Karnataka,South,,24,Hospital,MCI-12693
HCP-2694,Dalbir,Dhingra,Consultant_Physician,C,7,Ahmedabad,Gujarat,West,Artemis Hospital,11,Clinic,MCI-12694
HCP-2695,Ekaja,Shenoy,GP,C,8,Pune,Maharashtra,West,Medanta Hospital,38,Hospital,MCI-12695
HCP-2696,Krishna,Parikh,Pulmonist,C,10,Bhopal,Madhya Pradesh,West,Medanta Hospital,25,Hospital,MCI-12696
HCP-2697,Nihal,Bera,GP,B,8,Bengaluru,Karnataka,South,Fortis Hospital,29,Clinic,MCI-12697
HCP-2698,Anjali,Patel,GP,A,2,Pune,Maharashtra,West,AIIMS,35,WhatsApp,MCI-12698
HCP-2699,Oni,Parekh,GP,B,3,Mumbai,Maharashtra,West,,29,Hospital,MCI-12699
HCP-2700,Chanakya,Mann,GP,B,3,Delhi,Delhi,North,Narayana Health,25,Hospital,MCI-12700
HCP-2701,Bishakha,Wagle,Cardiologist,B,5,Delhi,Delhi,North,,25,Clinic,MCI-12701
HCP-2702,Faraj,Varkey,Gastroenterologist,B,5,Pune,Maharashtra,West,Max Healthcare,20,Hospital,MCI-12702
HCP-2703,Rishi,Goswami,Cardiologist,A,1,Kolkata,West Bengal,East,Kokilaben Hospital,34,Clinic,MCI-12703
HCP-2704,Girindra,Ganesh,Diabetologist,A,1,Delhi,Delhi,North,,22,Hospital,MCI-12704
HCP-2705,Ekantika,Mutti,GP,C,9,Delhi,Delhi,North,,8,Hospital,MCI-12705
HCP-2706,Charvi,Madan,Cardiologist,B,7,Lucknow,Uttar Pradesh,North,Kokilaben Hospital,15,WhatsApp,MCI-12706
HCP-2707,Janani,Char,Gastroenterologist,B,5,Bengaluru,Karnataka,South,Kokilaben Hospital,18,Hospital,MCI-12707
HCP-2708,Indira,Dhawan,GP,B,7,Mumbai,Maharashtra,West,Kokilaben Hospital,3,Clinic,MCI-12708
HCP-2709,Agastya,Devan,Diabetologist,B,7,Delhi,Delhi,North,,40,Clinic,MCI-12709
HCP-2710,Zarna,Manda,GP,A,1,Chennai,Tamil Nadu,South,,21,Clinic,MCI-12710
HCP-2711,Kashish,Sundaram,Cardiologist,B,3,Ahmedabad,Gujarat,West,,33,Hospital,MCI-12711
HCP-2712,Nisha,Oak,GP,B,8,Chennai,Tamil Nadu,South,,23,Clinic,MCI-12712
HCP-2713,Nicholas,Chaudry,GP,B,3,Mumbai,Maharashtra,West,City Hospital,27,Clinic,MCI-12713
HCP-2714,Tejas,Dubey,GP,C,9,Chennai,Tamil Nadu,South,Manipal Hospital,13,Clinic,MCI-12714
HCP-2715,Yahvi,Kant,Cardiologist,B,5,Bengaluru,Karnataka,South,Medanta Hospital,35,Phone,MCI-12715
HCP-2716,Raghav,Vora,Pulmonist,B,5,Pune,Maharashtra,West,,24,Hospital,MCI-12716
HCP-2717,Ishaan,Sahni,Diabetologist,B,5,Chennai,Tamil Nadu,South,Care Clinic,16,WhatsApp,MCI-12717
HCP-2718,Triveni,Bose,Pulmonist,C,10,Mumbai,Maharashtra,West,Lilavati Hospital,14,Hospital,MCI-12718
HCP-2719,Jackson,Deep,Gastroenterologist,B,6,Chennai,Tamil Nadu,South,,21,Clinic,MCI-12719
HCP-2720,Anay,Srinivasan,GP,C,9,Kolkata,West Bengal,East,City Hospital,34,Clinic,MCI-12720
HCP-2721,Ijaya,Muni,Cardiologist,B,5,Delhi,Delhi,North,Care Clinic,32,Phone,MCI-12721
HCP-2722,Janani,Dewan,Pulmonist,B,6,Chennai,Tamil Nadu,South,Max Healthcare,36,Hospital,MCI-12722
HCP-2723,Riya,Virk,Cardiologist,B,5,Pune,Maharashtra,West,,17,Clinic,MCI-12723
HCP-2724,Hema,Gera,Gastroenterologist,B,6,Jaipur,Rajasthan,North,Narayana Health,20,Phone,MCI-12724
HCP-2725,Daksha,Balakrishnan,Diabetologist,B,6,Bengaluru,Karnataka,South,,25,Phone,MCI-12725
HCP-2726,Jagat,Kapadia,Pulmonist,A,1,Delhi,Delhi,North,Medanta Hospital,5,Phone,MCI-12726
HCP-2727,Kabir,Dhar,Gastroenterologist,B,8,Ahmedabad,Gujarat,West,City Hospital,18,Hospital,MCI-12727
HCP-2728,Utkarsh,Mohanty,GP,B,7,Ahmedabad,Gujarat,West,Global Hospital,40,Hospital,MCI-12728
HCP-2729,Jeremiah,Kadakia,Diabetologist,B,4,Pune,Maharashtra,West,,17,Clinic,MCI-12729
HCP-2730,Kalpit,Brar,Diabetologist,B,8,Chennai,Tamil Nadu,South,Max Healthcare,18,Phone,MCI-12730
HCP-2731,Pavani,Choudhury,Cardiologist,C,8,Delhi,Delhi,North,Apollo Hospital,20,WhatsApp,MCI-12731
HCP-2732,Faras,Bahl,Consultant_Physician,B,6,Kolkata,West Bengal,East,Lilavati Hospital,12,Hospital,MCI-12732
HCP-2733,Veda,Sankar,Pulmonist,B,4,Kochi,Kerala,South,Narayana Health,9,Phone,MCI-12733
HCP-2734,Brijesh,Hegde,Cardiologist,C,9,Bengaluru,Karnataka,South,,12,Phone,MCI-12734
HCP-2735,Hritik,Bali,Gastroenterologist,B,8,Chennai,Tamil Nadu,South,Manipal Hospital,20,WhatsApp,MCI-12735
HCP-2736,Yochana,Bhargava,Diabetologist,C,9,Hyderabad,Telangana,South,Aster Medcity,18,WhatsApp,MCI-12736
HCP-2737,Upasna,Dani,Diabetologist,C,8,Pune,Maharashtra,West,Manipal Hospital,29,Phone,MCI-12737
HCP-2738,Zehaan,Bassi,Diabetologist,C,9,Mumbai,Maharashtra,West,,27,Hospital,MCI-12738
HCP-2739,Dominic,Mitra,Consultant_Physician,C,7,Mumbai,Maharashtra,West,City Hospital,22,Clinic,MCI-12739
HCP-2740,Advaith,Char,Consultant_Physician,B,5,Chennai,Tamil Nadu,South,,34,Clinic,MCI-12740
HCP-2741,Jatin,Jha,Consultant_Physician,B,6,Bengaluru,Karnataka,South,Aster Medcity,39,WhatsApp,MCI-12741
HCP-2742,Ryan,Goyal,Pulmonist,C,9,Hyderabad,Telangana,South,Manipal Hospital,32,WhatsApp,MCI-12742
HCP-2743,Indali,Balakrishnan,Pulmonist,A,1,Ahmedabad,Gujarat,West,Lilavati Hospital,12,Hospital,MCI-12743
HCP-2744,Gautam,Dhingra,GP,C,9,Bengaluru,Karnataka,South,Max Healthcare,7,Clinic,MCI-12744
HCP-2745,Arunima,Pall,Diabetologist,B,4,Ahmedabad,Gujarat,West,Medanta Hospital,37,Hospital,MCI-12745
HCP-2746,Indira,Dyal,Diabetologist,C,8,Mumbai,Maharashtra,West,City Hospital,12,Clinic,MCI-12746
HCP-2747,Xiti,Khurana,GP,A,4,Lucknow,Uttar Pradesh,North,Global Hospital,3,Hospital,MCI-12747
HCP-2748,Yashasvi,Bir,Diabetologist,C,9,Hyderabad,Telangana,South,,22,Hospital,MCI-12748
HCP-2749,Hardik,Atwal,Consultant_Physician,B,8,Bengaluru,Karnataka,South,Aster Medcity,27,Clinic,MCI-12749
HCP-2750,Teerth,Handa,Cardiologist,C,10,Delhi,Delhi,North,Manipal Hospital,23,Clinic,MCI-12750
HCP-2751,Baghyawati,Garg,Cardiologist,B,6,Chennai,Tamil Nadu,South,Wellness Clinic,24,Hospital,MCI-12751
HCP-2752,Aayush,Chaudhary,Pulmonist,C,10,Delhi,Delhi,North,Manipal Hospital,34,Clinic,MCI-12752
HCP-2753,Tanish,Thaman,Gastroenterologist,A,2,Chennai,Tamil Nadu,South,Narayana Health,25,Hospital,MCI-12753
HCP-2754,Vaishnavi,Peri,GP,B,6,Mumbai,Maharashtra,West,Kokilaben Hospital,25,Hospital,MCI-12754
HCP-2755,Qasim,Sarraf,Pulmonist,A,1,Mumbai,Maharashtra,West,City Hospital,8,Phone,MCI-12755
HCP-2756,Hredhaan,Golla,Consultant_Physician,B,5,Delhi,Delhi,North,Medanta Hospital,37,Hospital,MCI-12756
HCP-2757,Isha,Raghavan,Cardiologist,A,1,Lucknow,Uttar Pradesh,North,Kokilaben Hospital,30,Phone,MCI-12757
HCP-2758,Panini,Kala,Diabetologist,C,8,Bengaluru,Karnataka,South,Apollo Hospital,15,Phone,MCI-12758
HCP-2759,Yoshita,Kari,Cardiologist,B,3,Kolkata,West Bengal,East,AIIMS,29,Hospital,MCI-12759
HCP-2760,Nikita,Chowdhury,GP,C,9,Kolkata,West Bengal,East,Manipal Hospital,6,Clinic,MCI-12760
HCP-2761,Dipta,Dasgupta,GP,B,6,Bhopal,Madhya Pradesh,West,Kokilaben Hospital,35,Clinic,MCI-12761
HCP-2762,Unnati,Choudhary,Pulmonist,B,6,Kolkata,West Bengal,East,Artemis Hospital,8,Phone,MCI-12762
HCP-2763,Zinal,Deshpande,Cardiologist,C,8,Kochi,Kerala,South,Kokilaben Hospital,17,Clinic,MCI-12763
HCP-2764,Warhi,Patel,Diabetologist,A,2,Lucknow,Uttar Pradesh,North,Global Hospital,40,Hospital,MCI-12764
HCP-2765,Bhavya,Baria,GP,C,8,Kolkata,West Bengal,East,,5,Phone,MCI-12765
HCP-2766,Fitan,Narang,GP,B,7,Mumbai,Maharashtra,West,,23,Hospital,MCI-12766
HCP-2767,Wakeeta,D’Alia,Diabetologist,B,6,Bengaluru,Karnataka,South,Kokilaben Hospital,32,Clinic,MCI-12767
HCP-2768,Lekha,Mander,GP,A,4,Delhi,Delhi,North,AIIMS,18,Clinic,MCI-12768
HCP-2769,Tanmayi,Muni,Pulmonist,B,8,Kochi,Kerala,South,Kokilaben Hospital,39,Hospital,MCI-12769
HCP-2770,Sachi,Kara,Pulmonist,B,4,Kolkata,West Bengal,East,,31,Phone,MCI-12770
HCP-2771,Nikita,Mannan,GP,C,8,Kochi,Kerala,South,,39,WhatsApp,MCI-12771
HCP-2772,Priya,Gulati,Consultant_Physician,C,10,Hyderabad,Telangana,South,,24,WhatsApp,MCI-12772
HCP-2773,Ekaraj,Soni,Cardiologist,C,9,Hyderabad,Telangana,South,,10,Clinic,MCI-12773
HCP-2774,Jhalak,Gola,Cardiologist,B,7,Mumbai,Maharashtra,West,Lilavati Hospital,27,Phone,MCI-12774
HCP-2775,Agastya,Swamy,Diabetologist,A,3,Mumbai,Maharashtra,West,,37,Phone,MCI-12775
HCP-2776,Henry,Randhawa,GP,B,8,Bengaluru,Karnataka,South,Care Clinic,32,Clinic,MCI-12776
HCP-2777,Raksha,Virk,Consultant_Physician,C,8,Hyderabad,Telangana,South,,34,Clinic,MCI-12777
HCP-2778,Frederick,Dar,Pulmonist,B,6,Hyderabad,Telangana,South,,20,Clinic,MCI-12778
HCP-2779,Luke,Rana,Consultant_Physician,C,8,Hyderabad,Telangana,South,Wellness Clinic,18,Hospital,MCI-12779
HCP-2780,Nandini,Chaudry,Gastroenterologist,C,7,Bengaluru,Karnataka,South,Wellness Clinic,30,Hospital,MCI-12780
HCP-2781,Om,Bhattacharyya,Gastroenterologist,C,9,Hyderabad,Telangana,South,City Hospital,37,Clinic,MCI-12781
HCP-2782,Januja,Issac,Pulmonist,C,7,Kolkata,West Bengal,East,Narayana Health,32,Phone,MCI-12782
HCP-2783,Hamsini,Iyer,Cardiologist,A,2,Hyderabad,Telangana,South,Narayana Health,24,WhatsApp,MCI-12783
HCP-2784,Netra,Das,GP,C,8,Bengaluru,Karnataka,South,Kokilaben Hospital,23,Clinic,MCI-12784
HCP-2785,Viraj,Samra,Diabetologist,C,10,Chennai,Tamil Nadu,South,,29,Clinic,MCI-12785
HCP-2786,Xalak,Mallick,GP,A,3,Mumbai,Maharashtra,West,,34,Hospital,MCI-12786
HCP-2787,Anjali,Ratta,Gastroenterologist,C,9,Chennai,Tamil Nadu,South,Narayana Health,24,Hospital,MCI-12787
HCP-2788,Ishani,Soni,Diabetologist,B,8,Pune,Maharashtra,West,,30,Hospital,MCI-12788
HCP-2789,Nidhi,Sundaram,Diabetologist,C,8,Mumbai,Maharashtra,West,Apollo Hospital,34,Clinic,MCI-12789
HCP-2790,Yasti,Mallick,Pulmonist,C,9,Hyderabad,Telangana,South,,36,Hospital,MCI-12790
HCP-2791,Manan,Sha,GP,B,6,Chennai,Tamil Nadu,South,,40,Clinic,MCI-12791
HCP-2792,Hritik,Das,Pulmonist,B,8,Delhi,Delhi,North,City Hospital,16,Clinic,MCI-12792
HCP-2793,Zashil,Suri,Pulmonist,B,6,Delhi,Delhi,North,Apollo Hospital,10,Hospital,MCI-12793
HCP-2794,Widisha,Kashyap,Consultant_Physician,C,9,Lucknow,Uttar Pradesh,North,,36,Hospital,MCI-12794
HCP-2795,Krish,Balan,Cardiologist,B,5,Kolkata,West Bengal,East,,2,WhatsApp,MCI-12795
HCP-2796,Hardik,Bera,Gastroenterologist,C,9,Kolkata,West Bengal,East,Max Healthcare,2,Clinic,MCI-12796
HCP-2797,Ekansh,Tara,Diabetologist,B,6,Jaipur,Rajasthan,North,Narayana Health,38,Clinic,MCI-12797
HCP-2798,Avi,Gola,Diabetologist,A,1,Jaipur,Rajasthan,North,AIIMS,11,Phone,MCI-12798
HCP-2799,Lavanya,Narain,Cardiologist,C,7,Bengaluru,Karnataka,South,Global Hospital,8,Hospital,MCI-12799
HCP-2800,Michael,Mitter,GP,B,7,Mumbai,Maharashtra,West,,9,Hospital,MCI-12800
HCP-2801,Gopal,Bose,GP,B,5,Ahmedabad,Gujarat,West,Lilavati Hospital,5,Hospital,MCI-12801
HCP-2802,Zinal,Tailor,Gastroenterologist,A,4,Kolkata,West Bengal,East,Wellness Clinic,30,Hospital,MCI-12802
HCP-2803,Unnati,Jaggi,GP,C,9,Mumbai,Maharashtra,West,Care Clinic,12,Hospital,MCI-12803
HCP-2804,Chaaya,Tank,GP,A,4,Hyderabad,Telangana,South,Kokilaben Hospital,21,WhatsApp,MCI-12804
HCP-2805,Vritti,Thaman,Cardiologist,C,10,Bengaluru,Karnataka,South,Wellness Clinic,31,Hospital,MCI-12805
HCP-2806,Advika,Oza,GP,B,3,Kolkata,West Bengal,East,Fortis Hospital,5,Clinic,MCI-12806
HCP-2807,Andrew,Balay,Cardiologist,C,8,Chennai,Tamil Nadu,South,Wellness Clinic,14,Phone,MCI-12807
HCP-2808,Qushi,Dani,Consultant_Physician,C,10,Bengaluru,Karnataka,South,Apollo Hospital,2,Clinic,MCI-12808
HCP-2809,Leela,Sengupta,Pulmonist,A,4,Ahmedabad,Gujarat,West,Kokilaben Hospital,10,Clinic,MCI-12809
HCP-2810,Divya,Puri,Diabetologist,C,8,Mumbai,Maharashtra,West,,35,Hospital,MCI-12810
HCP-2811,Saanvi,Sharaf,Diabetologist,B,4,Pune,Maharashtra,West,Lilavati Hospital,32,Clinic,MCI-12811
HCP-2812,Balendra,Bali,GP,B,4,Ahmedabad,Gujarat,West,,39,WhatsApp,MCI-12812
HCP-2813,Peter,Mitter,Cardiologist,B,7,Delhi,Delhi,North,Sunrise Clinic,28,Clinic,MCI-12813
HCP-2814,Nitesh,Swamy,Consultant_Physician,B,7,Bengaluru,Karnataka,South,Kokilaben Hospital,14,Clinic,MCI-12814
HCP-2815,Raagini,Desai,GP,B,4,Bengaluru,Karnataka,South,Wellness Clinic,32,WhatsApp,MCI-12815
HCP-2816,Devika,Ramachandran,Consultant_Physician,B,6,Kolkata,West Bengal,East,,31,WhatsApp,MCI-12816
HCP-2817,Vinaya,Choudhary,Diabetologist,B,5,Bengaluru,Karnataka,South,,7,Clinic,MCI-12817
HCP-2818,Vritti,Zacharia,Pulmonist,B,4,Mumbai,Maharashtra,West,Max Healthcare,31,Hospital,MCI-12818
HCP-2819,Upma,Soni,Consultant_Physician,C,6,Delhi,Delhi,North,Artemis Hospital,27,Clinic,MCI-12819
HCP-2820,Naksh,Toor,Gastroenterologist,B,8,Mumbai,Maharashtra,West,,37,Clinic,MCI-12820
HCP-2821,Daksh,Raman,Consultant_Physician,A,1,Bengaluru,Karnataka,South,,34,Clinic,MCI-12821
HCP-2822,Adya,Talwar,Pulmonist,B,7,Ahmedabad,Gujarat,West,Max Healthcare,32,Clinic,MCI-12822
HCP-2823,Krishna,Pandit,Pulmonist,A,1,Delhi,Delhi,North,City Hospital,34,Hospital,MCI-12823
HCP-2824,Bhavani,Nagi,Diabetologist,B,5,Kolkata,West Bengal,East,,35,Hospital,MCI-12824
HCP-2825,Darsh,Bala,GP,B,7,Mumbai,Maharashtra,West,Lilavati Hospital,4,Hospital,MCI-12825
HCP-2826,Chakradev,Dave,Cardiologist,B,4,Kolkata,West Bengal,East,AIIMS,19,Hospital,MCI-12826
HCP-2827,Jeevika,Palla,Diabetologist,B,6,Bengaluru,Karnataka,South,,19,WhatsApp,MCI-12827
HCP-2828,Avi,Om,Diabetologist,B,6,Ahmedabad,Gujarat,West,Apollo Hospital,2,Phone,MCI-12828
HCP-2829,Lajita,Chatterjee,GP,C,9,Bengaluru,Karnataka,South,Manipal Hospital,26,Hospital,MCI-12829
HCP-2830,Priya,Pai,Cardiologist,B,8,Mumbai,Maharashtra,West,Sunrise Clinic,16,Phone,MCI-12830
HCP-2831,Ishanvi,Sabharwal,Gastroenterologist,B,7,Ahmedabad,Gujarat,West,Lilavati Hospital,35,Clinic,MCI-12831
HCP-2832,Indali,Bhalla,GP,C,6,Lucknow,Uttar Pradesh,North,Wellness Clinic,4,Phone,MCI-12832
HCP-2833,Yash,Kota,Consultant_Physician,B,5,Bengaluru,Karnataka,South,,24,Hospital,MCI-12833
HCP-2834,Wahab,Muni,Consultant_Physician,C,8,Hyderabad,Telangana,South,Care Clinic,21,Hospital,MCI-12834
HCP-2835,Frado,Bhatti,GP,B,6,Mumbai,Maharashtra,West,,5,Hospital,MCI-12835
HCP-2836,Dalaja,Contractor,Gastroenterologist,C,8,Bengaluru,Karnataka,South,Lilavati Hospital,37,Clinic,MCI-12836
HCP-2837,Geetika,Gara,Consultant_Physician,A,1,Mumbai,Maharashtra,West,Wellness Clinic,7,Hospital,MCI-12837
HCP-2838,Anmol,Yohannan,GP,A,1,Bengaluru,Karnataka,South,Narayana Health,21,Clinic,MCI-12838
HCP-2839,Eshana,Barad,Diabetologist,B,6,Bengaluru,Karnataka,South,Apollo Hospital,12,Clinic,MCI-12839
HCP-2840,Triveni,Sami,Gastroenterologist,B,8,Chennai,Tamil Nadu,South,,18,Phone,MCI-12840
HCP-2841,Yutika,Sama,Diabetologist,B,4,Kolkata,West Bengal,East,Kokilaben Hospital,37,Hospital,MCI-12841
HCP-2842,Amara,Bahri,GP,A,4,Kolkata,West Bengal,East,Care Clinic,9,Clinic,MCI-12842
HCP-2843,Upasna,Bains,GP,C,9,Kolkata,West Bengal,East,Narayana Health,10,Hospital,MCI-12843
HCP-2844,Edhitha,Purohit,Consultant_Physician,C,7,Lucknow,Uttar Pradesh,North,Apollo Hospital,21,Phone,MCI-12844
HCP-2845,Madhavi,Naidu,Pulmonist,B,4,Delhi,Delhi,North,Apollo Hospital,21,Clinic,MCI-12845
HCP-2846,Guneet,Suresh,GP,C,9,Delhi,Delhi,North,Medanta Hospital,26,Phone,MCI-12846
HCP-2847,Harish,Jha,Diabetologist,B,6,Delhi,Delhi,North,,36,Phone,MCI-12847
HCP-2848,Gayathri,Taneja,Gastroenterologist,C,10,Lucknow,Uttar Pradesh,North,,24,Phone,MCI-12848
HCP-2849,Yadavi,Nori,Pulmonist,C,10,Hyderabad,Telangana,South,,18,Hospital,MCI-12849
HCP-2850,Ojas,Mistry,Gastroenterologist,A,1,Jaipur,Rajasthan,North,Aster Medcity,5,Phone,MCI-12850
HCP-2851,Januja,Sarin,GP,A,4,Bengaluru,Karnataka,South,AIIMS,4,Clinic,MCI-12851
HCP-2852,Saksham,Taneja,Consultant_Physician,B,7,Hyderabad,Telangana,South,Lilavati Hospital,39,Clinic,MCI-12852
HCP-2853,Faqid,Wason,GP,B,6,Mumbai,Maharashtra,West,Fortis Hospital,9,WhatsApp,MCI-12853
HCP-2854,Tanish,Mani,Consultant_Physician,C,9,Hyderabad,Telangana,South,Medanta Hospital,8,Clinic,MCI-12854
HCP-2855,Alka,Batta,GP,B,6,Delhi,Delhi,North,AIIMS,3,Phone,MCI-12855
HCP-2856,Chameli,Ratti,Cardiologist,C,8,Chennai,Tamil Nadu,South,Sunrise Clinic,39,Clinic,MCI-12856
HCP-2857,Upkaar,Chanda,Diabetologist,B,6,Hyderabad,Telangana,South,Aster Medcity,28,Clinic,MCI-12857
HCP-2858,Girish,Nayar,Cardiologist,C,10,Mumbai,Maharashtra,West,,2,Hospital,MCI-12858
HCP-2859,Anjali,Bhavsar,GP,B,7,Delhi,Delhi,North,Global Hospital,30,Hospital,MCI-12859
HCP-2860,Vaishnavi,Sane,GP,C,7,Bengaluru,Karnataka,South,Manipal Hospital,20,Hospital,MCI-12860
HCP-2861,Shaurya,Palan,Pulmonist,C,6,Hyderabad,Telangana,South,Global Hospital,29,Phone,MCI-12861
HCP-2862,Faraj,Mittal,Pulmonist,A,2,Ahmedabad,Gujarat,West,Wellness Clinic,2,Clinic,MCI-12862
HCP-2863,Yamini,Mital,Gastroenterologist,A,4,Ahmedabad,Gujarat,West,Sunrise Clinic,3,Clinic,MCI-12863
HCP-2864,Rachita,Zacharia,Diabetologist,B,7,Kolkata,West Bengal,East,,13,Clinic,MCI-12864
HCP-2865,Dhriti,Iyengar,GP,C,8,Hyderabad,Telangana,South,Artemis Hospital,5,Phone,MCI-12865
HCP-2866,Oeshi,Ratti,Cardiologist,A,1,Delhi,Delhi,North,Care Clinic,2,Hospital,MCI-12866
HCP-2867,Zayan,Varma,Cardiologist,B,5,Mumbai,Maharashtra,West,,8,WhatsApp,MCI-12867
HCP-2868,Sudiksha,Gole,Gastroenterologist,C,10,Pune,Maharashtra,West,AIIMS,35,Hospital,MCI-12868
HCP-2869,Anirudh,Varty,Consultant_Physician,C,7,Delhi,Delhi,North,Narayana Health,36,Hospital,MCI-12869
HCP-2870,Rachit,Tata,Diabetologist,A,2,Mumbai,Maharashtra,West,Medanta Hospital,11,Hospital,MCI-12870
HCP-2871,Tanay,Sibal,Cardiologist,C,10,Hyderabad,Telangana,South,Global Hospital,3,WhatsApp,MCI-12871
HCP-2872,Amrita,Walia,GP,C,7,Pune,Maharashtra,West,,3,Phone,MCI-12872
HCP-2873,Radha,Bhasin,Gastroenterologist,C,8,Delhi,Delhi,North,Wellness Clinic,2,Clinic,MCI-12873
HCP-2874,Sai,Patla,Pulmonist,B,4,Bengaluru,Karnataka,South,,20,Hospital,MCI-12874
HCP-2875,Turvi,Divan,Cardiologist,B,7,Pune,Maharashtra,West,Medanta Hospital,8,Hospital,MCI-12875
HCP-2876,Wridesh,Dora,Diabetologist,A,2,Kochi,Kerala,South,Kokilaben Hospital,4,Clinic,MCI-12876
HCP-2877,Charita,Saran,GP,B,6,Chennai,Tamil Nadu,South,Medanta Hospital,27,Clinic,MCI-12877
HCP-2878,Nirja,Nagar,Consultant_Physician,A,2,Jaipur,Rajasthan,North,Apollo Hospital,25,Phone,MCI-12878
HCP-2879,Devansh,Jani,Consultant_Physician,B,6,Delhi,Delhi,North,AIIMS,18,Hospital,MCI-12879
HCP-2880,Nitara,Loke,Diabetologist,A,4,Hyderabad,Telangana,South,Manipal Hospital,5,Clinic,MCI-12880
HCP-2881,Bhavini,Dyal,GP,B,8,Kolkata,West Bengal,East,AIIMS,23,Clinic,MCI-12881
HCP-2882,Aahana,Keer,Cardiologist,A,2,Chennai,Tamil Nadu,South,,12,WhatsApp,MCI-12882
HCP-2883,Nidra,Khare,Cardiologist,B,5,Chennai,Tamil Nadu,South,City Hospital,33,Clinic,MCI-12883
HCP-2884,Ishaan,Doctor,Consultant_Physician,C,10,Kochi,Kerala,South,Medanta Hospital,40,Clinic,MCI-12884
HCP-2885,Rehaan,Bala,Cardiologist,B,4,Mumbai,Maharashtra,West,Manipal Hospital,3,Phone,MCI-12885
HCP-2886,Yatan,Mukherjee,Consultant_Physician,B,4,Mumbai,Maharashtra,West,Medanta Hospital,33,Phone,MCI-12886
HCP-2887,Ucchal,Sunder,GP,A,2,Chennai,Tamil Nadu,South,Narayana Health,26,Clinic,MCI-12887
HCP-2888,Rajata,Sami,Diabetologist,A,2,Mumbai,Maharashtra,West,Care Clinic,36,Clinic,MCI-12888
HCP-2889,Balhaar,Jaggi,Diabetologist,A,3,Mumbai,Maharashtra,West,Sunrise Clinic,38,Phone,MCI-12889
HCP-2890,Nathaniel,Mahajan,Gastroenterologist,C,7,Pune,Maharashtra,West,Kokilaben Hospital,8,Phone,MCI-12890
HCP-2891,Laban,Balakrishnan,Gastroenterologist,C,8,Delhi,Delhi,North,Manipal Hospital,23,Clinic,MCI-12891
HCP-2892,Aarna,Mall,Cardiologist,B,7,Kochi,Kerala,South,Sunrise Clinic,6,Phone,MCI-12892
HCP-2893,Patrick,Basak,Cardiologist,C,10,Hyderabad,Telangana,South,Fortis Hospital,8,Clinic,MCI-12893
HCP-2894,Vedika,Bahri,GP,B,3,Mumbai,Maharashtra,West,Kokilaben Hospital,7,Phone,MCI-12894
HCP-2895,Christopher,Chacko,GP,C,7,Mumbai,Maharashtra,West,Aster Medcity,25,Clinic,MCI-12895
HCP-2896,Dipta,Misra,Gastroenterologist,B,7,Kolkata,West Bengal,East,Narayana Health,23,Clinic,MCI-12896
HCP-2897,Devansh,Ray,Pulmonist,B,6,Delhi,Delhi,North,Manipal Hospital,23,WhatsApp,MCI-12897
HCP-2898,Januja,Chana,Diabetologist,B,5,Bengaluru,Karnataka,South,,29,Hospital,MCI-12898
HCP-2899,Mekhala,Dey,Diabetologist,A,2,Mumbai,Maharashtra,West,,22,Phone,MCI-12899
HCP-2900,Warinder,Choudhury,Pulmonist,B,4,Jaipur,Rajasthan,North,Care Clinic,6,Clinic,MCI-12900
HCP-2901,Xiti,Dara,Consultant_Physician,A,2,Mumbai,Maharashtra,West,Wellness Clinic,11,Clinic,MCI-12901
HCP-2902,Zayan,Taneja,Consultant_Physician,B,8,Hyderabad,Telangana,South,Global Hospital,39,Phone,MCI-12902
HCP-2903,Gautam,Khanna,Pulmonist,A,1,Bhopal,Madhya Pradesh,West,Artemis Hospital,12,Clinic,MCI-12903
HCP-2904,Jason,Munshi,Pulmonist,C,6,Mumbai,Maharashtra,West,Global Hospital,12,Clinic,MCI-12904
HCP-2905,Forum,Ramakrishnan,Pulmonist,B,7,Lucknow,Uttar Pradesh,North,Max Healthcare,35,Clinic,MCI-12905
HCP-2906,Warinder,Sampath,Cardiologist,C,6,Delhi,Delhi,North,Global Hospital,38,WhatsApp,MCI-12906
HCP-2907,Tejas,Dhawan,Cardiologist,C,6,Chennai,Tamil Nadu,South,,33,Hospital,MCI-12907
HCP-2908,Hredhaan,Gill,Diabetologist,C,10,Lucknow,Uttar Pradesh,North,AIIMS,34,Clinic,MCI-12908
HCP-2909,Tanish,Maharaj,Diabetologist,C,6,Chennai,Tamil Nadu,South,,37,Clinic,MCI-12909
HCP-2910,Ria,Rege,Consultant_Physician,B,6,Ahmedabad,Gujarat,West,Apollo Hospital,27,Hospital,MCI-12910
HCP-2911,Aachal,Bhalla,Pulmonist,A,2,Delhi,Delhi,North,,22,Phone,MCI-12911
HCP-2912,Vritti,Walla,Diabetologist,B,5,Hyderabad,Telangana,South,,13,Hospital,MCI-12912
HCP-2913,Kavya,Chowdhury,Gastroenterologist,C,9,Kolkata,West Bengal,East,Lilavati Hospital,39,Clinic,MCI-12913
HCP-2914,Edhitha,Sampath,Pulmonist,B,5,Delhi,Delhi,North,Aster Medcity,32,Phone,MCI-12914
HCP-2915,Vaishnavi,Koshy,Pulmonist,B,6,Mumbai,Maharashtra,West,Manipal Hospital,33,Phone,MCI-12915
HCP-2916,Arunima,Dhillon,Diabetologist,A,1,Hyderabad,Telangana,South,Fortis Hospital,3,Clinic,MCI-12916
HCP-2917,Janani,Soman,Diabetologist,C,9,Bengaluru,Karnataka,South,,24,Hospital,MCI-12917
HCP-2918,Jhalak,Morar,Gastroenterologist,A,1,Jaipur,Rajasthan,North,,2,Clinic,MCI-12918
HCP-2919,Ansh,Banerjee,Pulmonist,C,8,Delhi,Delhi,North,,17,Hospital,MCI-12919
HCP-2920,Chatura,Khatri,GP,C,8,Delhi,Delhi,North,Global Hospital,19,Clinic,MCI-12920
HCP-2921,Zehaan,Rajagopalan,Consultant_Physician,B,7,Kochi,Kerala,South,Global Hospital,39,Phone,MCI-12921
HCP-2922,Dayamai,Patil,Consultant_Physician,B,6,Mumbai,Maharashtra,West,Global Hospital,23,Hospital,MCI-12922
HCP-2923,Jairaj,Warrior,Cardiologist,B,6,Kolkata,West Bengal,East,City Hospital,2,Clinic,MCI-12923
HCP-2924,Warjas,Savant,Consultant_Physician,B,5,Bhopal,Madhya Pradesh,West,Medanta Hospital,14,Clinic,MCI-12924
HCP-2925,Lipika,Anand,GP,C,8,Chennai,Tamil Nadu,South,Care Clinic,13,Phone,MCI-12925
HCP-2926,Maya,Kumer,Pulmonist,C,8,Hyderabad,Telangana,South,Max Healthcare,4,Clinic,MCI-12926
HCP-2927,Charvi,Chana,Diabetologist,C,6,Mumbai,Maharashtra,West,,30,WhatsApp,MCI-12927
HCP-2928,Warinder,Mishra,Gastroenterologist,B,8,Hyderabad,Telangana,South,Sunrise Clinic,21,Clinic,MCI-12928
HCP-2929,Shivansh,Dyal,Cardiologist,A,2,Delhi,Delhi,North,,10,Hospital,MCI-12929
HCP-2930,Reva,Nadig,Diabetologist,C,8,Delhi,Delhi,North,Global Hospital,17,Clinic,MCI-12930
HCP-2931,Niharika,Bandi,GP,B,8,Mumbai,Maharashtra,West,AIIMS,29,Clinic,MCI-12931
HCP-2932,Anusha,Buch,Gastroenterologist,B,7,Delhi,Delhi,North,City Hospital,6,Hospital,MCI-12932
HCP-2933,Vyanjana,Sinha,Consultant_Physician,B,6,Pune,Maharashtra,West,,18,Hospital,MCI-12933
HCP-2934,Nitara,Natarajan,Pulmonist,B,6,Mumbai,Maharashtra,West,Global Hospital,30,Phone,MCI-12934
HCP-2935,Pahal,Chaudhry,GP,B,7,Kolkata,West Bengal,East,Wellness Clinic,6,Clinic,MCI-12935
HCP-2936,Naveen,Lal,Diabetologist,A,1,Lucknow,Uttar Pradesh,North,Wellness Clinic,8,Clinic,MCI-12936
HCP-2937,Yashawini,Bhatti,GP,B,3,Kochi,Kerala,South,,4,WhatsApp,MCI-12937
HCP-2938,Indira,Salvi,Consultant_Physician,B,4,Pune,Maharashtra,West,Artemis Hospital,21,Phone,MCI-12938
HCP-2939,Eta,Setty,Gastroenterologist,B,6,Lucknow,Uttar Pradesh,North,City Hospital,17,Clinic,MCI-12939
HCP-2940,Ayaan,Ben,Consultant_Physician,C,9,Mumbai,Maharashtra,West,,40,Clinic,MCI-12940
HCP-2941,Qarin,Sawhney,Pulmonist,C,9,Chennai,Tamil Nadu,South,,38,WhatsApp,MCI-12941
HCP-2942,Laban,Aggarwal,Gastroenterologist,B,7,Bengaluru,Karnataka,South,,24,Hospital,MCI-12942
HCP-2943,Nandini,Iyengar,Pulmonist,B,8,Pune,Maharashtra,West,Care Clinic,22,Clinic,MCI-12943
HCP-2944,Dalaja,Murthy,Diabetologist,B,5,Bengaluru,Karnataka,South,City Hospital,26,Clinic,MCI-12944
HCP-2945,Fitan,Choudhry,GP,A,1,Delhi,Delhi,North,,16,Phone,MCI-12945
HCP-2946,Nakul,Krish,Cardiologist,C,8,Delhi,Delhi,North,Care Clinic,4,Hospital,MCI-12946
HCP-2947,Zaitra,De,Consultant_Physician,B,5,Kolkata,West Bengal,East,,39,Phone,MCI-12947
HCP-2948,Nirja,Nagarajan,Consultant_Physician,B,5,Delhi,Delhi,North,Kokilaben Hospital,27,Phone,MCI-12948
HCP-2949,Siya,Sridhar,Pulmonist,A,3,Mumbai,Maharashtra,West,,29,Clinic,MCI-12949
HCP-2950,Kiaan,Lad,Pulmonist,A,2,Kolkata,West Bengal,East,City Hospital,16,Clinic,MCI-12950
HCP-2951,Oscar,Narang,Consultant_Physician,B,6,Hyderabad,Telangana,South,,38,Clinic,MCI-12951
HCP-2952,Baghyawati,Issac,Cardiologist,B,3,Hyderabad,Telangana,South,,38,Hospital,MCI-12952
HCP-2953,Frado,Sachdeva,Consultant_Physician,B,3,Jaipur,Rajasthan,North,Global Hospital,39,Hospital,MCI-12953
HCP-2954,Jhalak,Gopal,Cardiologist,B,5,Delhi,Delhi,North,,38,Phone,MCI-12954
HCP-2955,Maya,Purohit,Gastroenterologist,B,6,Bengaluru,Karnataka,South,,15,WhatsApp,MCI-12955
HCP-2956,Udarsh,Bail,Diabetologist,C,8,Kochi,Kerala,South,,22,Phone,MCI-12956
HCP-2957,Arin,Karnik,GP,B,4,Mumbai,Maharashtra,West,Kokilaben Hospital,3,Phone,MCI-12957
HCP-2958,Gaurav,Shere,Pulmonist,C,10,Bengaluru,Karnataka,South,,2,Clinic,MCI-12958
HCP-2959,Rushil,Lala,Pulmonist,B,7,Lucknow,Uttar Pradesh,North,Wellness Clinic,2,Hospital,MCI-12959
HCP-2960,Om,Bawa,Pulmonist,B,6,Mumbai,Maharashtra,West,Kokilaben Hospital,11,Hospital,MCI-12960
HCP-2961,Nandini,Sanghvi,GP,B,3,Chennai,Tamil Nadu,South,Sunrise Clinic,6,Clinic,MCI-12961
HCP-2962,Abha,Dixit,Consultant_Physician,B,4,Chennai,Tamil Nadu,South,Apollo Hospital,39,Clinic,MCI-12962
HCP-2963,Gaurav,Pillai,Pulmonist,A,4,Bengaluru,Karnataka,South,Global Hospital,26,Hospital,MCI-12963
HCP-2964,Onkar,Dalal,Consultant_Physician,C,9,Hyderabad,Telangana,South,,23,Clinic,MCI-12964
HCP-2965,Akshay,Vora,Cardiologist,B,4,Pune,Maharashtra,West,Global Hospital,13,Clinic,MCI-12965
HCP-2966,Radhika,Setty,GP,C,9,Pune,Maharashtra,West,City Hospital,14,Hospital,MCI-12966
HCP-2967,Warda,Dani,Consultant_Physician,A,2,Pune,Maharashtra,West,City Hospital,27,WhatsApp,MCI-12967
HCP-2968,Udarsh,Jani,Diabetologist,A,1,Mumbai,Maharashtra,West,Apollo Hospital,10,Clinic,MCI-12968
HCP-2969,Rayaan,Lata,Cardiologist,B,6,Chennai,Tamil Nadu,South,,32,Clinic,MCI-12969
HCP-2970,Bhavna,Talwar,GP,B,6,Kochi,Kerala,South,AIIMS,40,Phone,MCI-12970
HCP-2971,Lavanya,De,Cardiologist,A,1,Lucknow,Uttar Pradesh,North,Kokilaben Hospital,5,Hospital,MCI-12971
HCP-2972,Raagini,Jhaveri,Pulmonist,B,5,Chennai,Tamil Nadu,South,,5,Clinic,MCI-12972
HCP-2973,Tanveer,Mandal,GP,C,10,Chennai,Tamil Nadu,South,Max Healthcare,13,Hospital,MCI-12973
HCP-2974,Ranbir,Sahota,GP,B,5,Delhi,Delhi,North,Manipal Hospital,17,Clinic,MCI-12974
HCP-2975,Pranit,Rege,Diabetologist,C,9,Pune,Maharashtra,West,,38,Clinic,MCI-12975
HCP-2976,Madhav,Balakrishnan,GP,A,4,Kolkata,West Bengal,East,Narayana Health,30,Clinic,MCI-12976
HCP-2977,Bina,Lala,GP,C,9,Kochi,Kerala,South,Sunrise Clinic,5,Clinic,MCI-12977
HCP-2978,Warinder,Seshadri,Diabetologist,B,3,Lucknow,Uttar Pradesh,North,Manipal Hospital,8,Clinic,MCI-12978
HCP-2979,Yuvraj,Pingle,Gastroenterologist,B,6,Kolkata,West Bengal,East,AIIMS,27,Clinic,MCI-12979
HCP-2980,Tara,Chada,Consultant_Physician,C,9,Ahmedabad,Gujarat,West,Max Healthcare,14,Phone,MCI-12980
HCP-2981,Advaith,Singh,GP,B,6,Mumbai,Maharashtra,West,,34,Hospital,MCI-12981
HCP-2982,Kiaan,Naik,Diabetologist,B,8,Chennai,Tamil Nadu,South,Lilavati Hospital,24,WhatsApp,MCI-12982
HCP-2983,Mitali,Kala,Cardiologist,B,5,Jaipur,Rajasthan,North,Apollo Hospital,26,Clinic,MCI-12983
HCP-2984,Leela,Sampath,Pulmonist,B,5,Lucknow,Uttar Pradesh,North,Sunrise Clinic,25,Clinic,MCI-12984
HCP-2985,Aahana,Bora,Cardiologist,B,6,Bengaluru,Karnataka,South,,19,Hospital,MCI-12985
HCP-2986,Girish,Bhargava,GP,B,5,Bengaluru,Karnataka,South,Artemis Hospital,13,Hospital,MCI-12986
HCP-2987,Charles,Natarajan,Cardiologist,B,6,Mumbai,Maharashtra,West,Wellness Clinic,34,Clinic,MCI-12987
HCP-2988,Wahab,Sinha,Consultant_Physician,B,6,Jaipur,Rajasthan,North,AIIMS,9,WhatsApp,MCI-12988
HCP-2989,Irya,Bath,Cardiologist,C,7,Delhi,Delhi,North,Narayana Health,38,Clinic,MCI-12989
HCP-2990,Abdul,Kulkarni,Gastroenterologist,B,4,Bhopal,Madhya Pradesh,West,,31,Hospital,MCI-12990
HCP-2991,Yamini,Raj,Cardiologist,B,5,Delhi,Delhi,North,Aster Medcity,6,Clinic,MCI-12991
HCP-2992,Chasmum,Rana,GP,C,7,Hyderabad,Telangana,South,Lilavati Hospital,13,Clinic,MCI-12992
HCP-2993,Kamala,Deo,Consultant_Physician,B,7,Delhi,Delhi,North,Max Healthcare,24,Hospital,MCI-12993
HCP-2994,Benjamin,Gola,Pulmonist,B,6,Ahmedabad,Gujarat,West,,31,Phone,MCI-12994
HCP-2995,Abha,Gara,Gastroenterologist,A,3,Ahmedabad,Gujarat,West,Lilavati Hospital,36,Hospital,MCI-12995
HCP-2996,Yahvi,Tailor,Diabetologist,A,2,Kolkata,West Bengal,East,,40,Hospital,MCI-12996
HCP-2997,Harinakshi,Sidhu,GP,B,3,Jaipur,Rajasthan,North,Lilavati Hospital,35,Clinic,MCI-12997
HCP-2998,Kevin,Chakraborty,GP,B,4,Mumbai,Maharashtra,West,Max Healthcare,10,Hospital,MCI-12998
HCP-2999,Edhitha,Wali,Cardiologist,B,6,Mumbai,Maharashtra,West,Medanta Hospital,32,Clinic,MCI-12999
HCP-3000,Rachita,Dhar,Cardiologist,B,6,Chennai,Tamil Nadu,South,Global Hospital,17,Clinic,MCI-13000
