target_id,rep_id,product_id,fy,quarter,target_qty,target_value_inr
TGT-2024Q1-REP006-CARD01,REP-006,PRD-CARD-01,2024,Q1,538,134514
TGT-2024Q1-REP006-RESP03,REP-006,PRD-RESP-03,2024,Q1,354,66403
TGT-2024Q1-REP006-RESP02,REP-006,PRD-RESP-02,2024,Q1,354,66403
TGT-2024Q1-REP006-CARD03,REP-006,PRD-CARD-03,2024,Q1,538,134514
TGT-2024Q1-REP006-GI03,REP-006,PRD-GI-03,2024,Q1,391,47242
TGT-2024Q1-REP006-GI01,REP-006,PRD-GI-01,2024,Q1,391,47242
TGT-2024Q2-REP006-CARD01,REP-006,PRD-CARD-01,2024,Q2,538,134514
TGT-2024Q2-REP006-RESP03,REP-006,PRD-RESP-03,2024,Q2,354,66403
TGT-2024Q2-REP006-RESP02,REP-006,PRD-RESP-02,2024,Q2,354,66403
TGT-2024Q2-REP006-CARD03,REP-006,PRD-CARD-03,2024,Q2,538,134514
TGT-2024Q2-REP006-GI03,REP-006,PRD-GI-03,2024,Q2,391,47242
TGT-2024Q2-REP006-GI01,REP-006,PRD-GI-01,2024,Q2,391,47242
TGT-2024Q3-REP006-CARD01,REP-006,PRD-CARD-01,2024,Q3,538,134514
TGT-2024Q3-REP006-RESP03,REP-006,PRD-RESP-03,2024,Q3,354,66403
TGT-2024Q3-REP006-RESP02,REP-006,PRD-RESP-02,2024,Q3,354,66403
TGT-2024Q3-REP006-CARD03,REP-006,PRD-CARD-03,2024,Q3,538,134514
TGT-2024Q3-REP006-GI03,REP-006,PRD-GI-03,2024,Q3,391,47242
TGT-2024Q3-REP006-GI01,REP-006,PRD-GI-01,2024,Q3,391,47242
TGT-2024Q1-REP007-CARD02,REP-007,PRD-CARD-02,2024,Q1,533,133257
TGT-2024Q1-REP007-DIAB03,REP-007,PRD-DIAB-03,2024,Q1,546,129764
TGT-2024Q1-REP007-DIAB02,REP-007,PRD-DIAB-02,2024,Q1,546,129764
TGT-2024Q1-REP007-DIAB01,REP-007,PRD-DIAB-01,2024,Q1,546,129764
TGT-2024Q1-REP007-GI01,REP-007,PRD-GI-01,2024,Q1,387,46801
TGT-2024Q1-REP007-GI03,REP-007,PRD-GI-03,2024,Q1,387,46801
TGT-2024Q2-REP007-CARD02,REP-007,PRD-CARD-02,2024,Q2,533,133257
TGT-2024Q2-REP007-DIAB03,REP-007,PRD-DIAB-03,2024,Q2,546,129764
TGT-2024Q2-REP007-DIAB02,REP-007,PRD-DIAB-02,2024,Q2,546,129764
TGT-2024Q2-REP007-DIAB01,REP-007,PRD-DIAB-01,2024,Q2,546,129764
TGT-2024Q2-REP007-GI01,REP-007,PRD-GI-01,2024,Q2,387,46801
TGT-2024Q2-REP007-GI03,REP-007,PRD-GI-03,2024,Q2,387,46801
TGT-2024Q3-REP007-CARD02,REP-007,PRD-CARD-02,2024,Q3,533,133257
TGT-2024Q3-REP007-DIAB03,REP-007,PRD-DIAB-03,2024,Q3,546,129764
TGT-2024Q3-REP007-DIAB02,REP-007,PRD-DIAB-02,2024,Q3,546,129764
TGT-2024Q3-REP007-DIAB01,REP-007,PRD-DIAB-01,2024,Q3,546,129764
TGT-2024Q3-REP007-GI01,REP-007,PRD-GI-01,2024,Q3,387,46801
TGT-2024Q3-REP007-GI03,REP-007,PRD-GI-03,2024,Q3,387,46801
TGT-2024Q4-REP007-CARD02,REP-007,PRD-CARD-02,2024,Q4,533,133257
TGT-2024Q4-REP007-DIAB03,REP-007,PRD-DIAB-03,2024,Q4,546,129764
TGT-2024Q4-REP007-DIAB02,REP-007,PRD-DIAB-02,2024,Q4,546,129764
TGT-2024Q4-REP007-DIAB01,REP-007,PRD-DIAB-01,2024,Q4,546,129764
TGT-2024Q4-REP007-GI01,REP-007,PRD-GI-01,2024,Q4,387,46801
TGT-2024Q4-REP007-GI03,REP-007,PRD-GI-03,2024,Q4,387,46801
TGT-2025Q1-REP007-CARD02,REP-007,PRD-CARD-02,2025,Q1,246,68711
TGT-2025Q1-REP007-DIAB03,REP-007,PRD-DIAB-03,2025,Q1,274,68439
TGT-2025Q1-REP007-DIAB02,REP-007,PRD-DIAB-02,2025,Q1,274,68439
TGT-2025Q1-REP007-DIAB01,REP-007,PRD-DIAB-01,2025,Q1,274,68439
TGT-2025Q1-REP007-GI01,REP-007,PRD-GI-01,2025,Q1,195,27727
TGT-2025Q1-REP007-GI03,REP-007,PRD-GI-03,2025,Q1,195,27727
TGT-2025Q2-REP007-CARD02,REP-007,PRD-CARD-02,2025,Q2,246,68711
TGT-2025Q2-REP007-DIAB03,REP-007,PRD-DIAB-03,2025,Q2,274,68439
TGT-2025Q2-REP007-DIAB02,REP-007,PRD-DIAB-02,2025,Q2,274,68439
TGT-2025Q2-REP007-DIAB01,REP-007,PRD-DIAB-01,2025,Q2,274,68439
TGT-2025Q2-REP007-GI01,REP-007,PRD-GI-01,2025,Q2,195,27727
TGT-2025Q2-REP007-GI03,REP-007,PRD-GI-03,2025,Q2,195,27727
TGT-2025Q3-REP007-CARD02,REP-007,PRD-CARD-02,2025,Q3,246,68711
TGT-2025Q3-REP007-DIAB03,REP-007,PRD-DIAB-03,2025,Q3,274,68439
TGT-2025Q3-REP007-DIAB02,REP-007,PRD-DIAB-02,2025,Q3,274,68439
TGT-2025Q3-REP007-DIAB01,REP-007,PRD-DIAB-01,2025,Q3,274,68439
TGT-2025Q3-REP007-GI01,REP-007,PRD-GI-01,2025,Q3,195,27727
TGT-2025Q3-REP007-GI03,REP-007,PRD-GI-03,2025,Q3,195,27727
TGT-2025Q4-REP007-CARD02,REP-007,PRD-CARD-02,2025,Q4,246,68711
TGT-2025Q4-REP007-DIAB03,REP-007,PRD-DIAB-03,2025,Q4,274,68439
TGT-2025Q4-REP007-DIAB02,REP-007,PRD-DIAB-02,2025,Q4,274,68439
TGT-2025Q4-REP007-DIAB01,REP-007,PRD-DIAB-01,2025,Q4,274,68439
TGT-2025Q4-REP007-GI01,REP-007,PRD-GI-01,2025,Q4,195,27727
TGT-2025Q4-REP007-GI03,REP-007,PRD-GI-03,2025,Q4,195,27727
TGT-2024Q1-REP008-CARD02,REP-008,PRD-CARD-02,2024,Q1,538,134514
TGT-2024Q1-REP008-DIAB03,REP-008,PRD-DIAB-03,2024,Q1,551,130989
TGT-2024Q1-REP008-CARD01,REP-008,PRD-CARD-01,2024,Q1,538,134514
TGT-2024Q1-REP008-GI02,REP-008,PRD-GI-02,2024,Q1,391,47242
TGT-2024Q1-REP008-RESP01,REP-008,PRD-RESP-01,2024,Q1,354,66403
TGT-2024Q1-REP008-RESP02,REP-008,PRD-RESP-02,2024,Q1,354,66403
TGT-2024Q1-REP009-DIAB01,REP-009,PRD-DIAB-01,2024,Q1,525,124868
TGT-2024Q1-REP009-CARD01,REP-009,PRD-CARD-01,2024,Q1,513,128228
TGT-2024Q1-REP009-CARD03,REP-009,PRD-CARD-03,2024,Q1,513,128228
TGT-2024Q1-REP009-GI02,REP-009,PRD-GI-02,2024,Q1,373,45034
TGT-2024Q1-REP009-RESP03,REP-009,PRD-RESP-03,2024,Q1,337,63300
TGT-2024Q1-REP009-RESP02,REP-009,PRD-RESP-02,2024,Q1,337,63300
TGT-2024Q2-REP009-DIAB01,REP-009,PRD-DIAB-01,2024,Q2,525,124868
TGT-2024Q2-REP009-CARD01,REP-009,PRD-CARD-01,2024,Q2,513,128228
TGT-2024Q2-REP009-CARD03,REP-009,PRD-CARD-03,2024,Q2,513,128228
TGT-2024Q2-REP009-GI02,REP-009,PRD-GI-02,2024,Q2,373,45034
TGT-2024Q2-REP009-RESP03,REP-009,PRD-RESP-03,2024,Q2,337,63300
TGT-2024Q2-REP009-RESP02,REP-009,PRD-RESP-02,2024,Q2,337,63300
TGT-2024Q3-REP009-DIAB01,REP-009,PRD-DIAB-01,2024,Q3,525,124868
TGT-2024Q3-REP009-CARD01,REP-009,PRD-CARD-01,2024,Q3,513,128228
TGT-2024Q3-REP009-CARD03,REP-009,PRD-CARD-03,2024,Q3,513,128228
TGT-2024Q3-REP009-GI02,REP-009,PRD-GI-02,2024,Q3,373,45034
TGT-2024Q3-REP009-RESP03,REP-009,PRD-RESP-03,2024,Q3,337,63300
TGT-2024Q3-REP009-RESP02,REP-009,PRD-RESP-02,2024,Q3,337,63300
TGT-2024Q4-REP009-DIAB01,REP-009,PRD-DIAB-01,2024,Q4,525,124868
TGT-2024Q4-REP009-CARD01,REP-009,PRD-CARD-01,2024,Q4,513,128228
TGT-2024Q4-REP009-CARD03,REP-009,PRD-CARD-03,2024,Q4,513,128228
TGT-2024Q4-REP009-GI02,REP-009,PRD-GI-02,2024,Q4,373,45034
TGT-2024Q4-REP009-RESP03,REP-009,PRD-RESP-03,2024,Q4,337,63300
TGT-2024Q4-REP009-RESP02,REP-009,PRD-RESP-02,2024,Q4,337,63300
TGT-2025Q1-REP009-DIAB01,REP-009,PRD-DIAB-01,2025,Q1,263,65856
TGT-2025Q1-REP009-CARD01,REP-009,PRD-CARD-01,2025,Q1,236,66118
TGT-2025Q1-REP009-CARD03,REP-009,PRD-CARD-03,2025,Q1,236,66118
TGT-2025Q1-REP009-GI02,REP-009,PRD-GI-02,2025,Q1,187,26681
TGT-2025Q1-REP009-RESP03,REP-009,PRD-RESP-03,2025,Q1,272,50536
TGT-2025Q1-REP009-RESP02,REP-009,PRD-RESP-02,2025,Q1,272,50536
TGT-2025Q2-REP009-DIAB01,REP-009,PRD-DIAB-01,2025,Q2,263,65856
TGT-2025Q2-REP009-CARD01,REP-009,PRD-CARD-01,2025,Q2,236,66118
TGT-2025Q2-REP009-CARD03,REP-009,PRD-CARD-03,2025,Q2,236,66118
TGT-2025Q2-REP009-GI02,REP-009,PRD-GI-02,2025,Q2,187,26681
TGT-2025Q2-REP009-RESP03,REP-009,PRD-RESP-03,2025,Q2,272,50536
TGT-2025Q2-REP009-RESP02,REP-009,PRD-RESP-02,2025,Q2,272,50536
TGT-2025Q3-REP009-DIAB01,REP-009,PRD-DIAB-01,2025,Q3,263,65856
TGT-2025Q3-REP009-CARD01,REP-009,PRD-CARD-01,2025,Q3,236,66118
TGT-2025Q3-REP009-CARD03,REP-009,PRD-CARD-03,2025,Q3,236,66118
TGT-2025Q3-REP009-GI02,REP-009,PRD-GI-02,2025,Q3,187,26681
TGT-2025Q3-REP009-RESP03,REP-009,PRD-RESP-03,2025,Q3,272,50536
TGT-2025Q3-REP009-RESP02,REP-009,PRD-RESP-02,2025,Q3,272,50536
TGT-2025Q4-REP009-DIAB01,REP-009,PRD-DIAB-01,2025,Q4,263,65856
TGT-2025Q4-REP009-CARD01,REP-009,PRD-CARD-01,2025,Q4,236,66118
TGT-2025Q4-REP009-CARD03,REP-009,PRD-CARD-03,2025,Q4,236,66118
TGT-2025Q4-REP009-GI02,REP-009,PRD-GI-02,2025,Q4,187,26681
TGT-2025Q4-REP009-RESP03,REP-009,PRD-RESP-03,2025,Q4,272,50536
TGT-2025Q4-REP009-RESP02,REP-009,PRD-RESP-02,2025,Q4,272,50536
TGT-2024Q1-REP010-RESP03,REP-010,PRD-RESP-03,2024,Q1,344,64542
TGT-2024Q1-REP010-CARD02,REP-010,PRD-CARD-02,2024,Q1,523,130743
TGT-2024Q1-REP010-RESP02,REP-010,PRD-RESP-02,2024,Q1,344,64542
TGT-2024Q1-REP010-RESP01,REP-010,PRD-RESP-01,2024,Q1,344,64542
TGT-2024Q1-REP010-GI01,REP-010,PRD-GI-01,2024,Q1,380,45918
TGT-2024Q1-REP010-GI02,REP-010,PRD-GI-02,2024,Q1,380,45918
TGT-2024Q2-REP010-RESP03,REP-010,PRD-RESP-03,2024,Q2,344,64542
TGT-2024Q2-REP010-CARD02,REP-010,PRD-CARD-02,2024,Q2,523,130743
TGT-2024Q2-REP010-RESP02,REP-010,PRD-RESP-02,2024,Q2,344,64542
TGT-2024Q2-REP010-RESP01,REP-010,PRD-RESP-01,2024,Q2,344,64542
TGT-2024Q2-REP010-GI01,REP-010,PRD-GI-01,2024,Q2,380,45918
TGT-2024Q2-REP010-GI02,REP-010,PRD-GI-02,2024,Q2,380,45918
TGT-2024Q1-REP011-RESP02,REP-011,PRD-RESP-02,2024,Q1,351,65783
TGT-2024Q1-REP011-CARD02,REP-011,PRD-CARD-02,2024,Q1,533,133257
TGT-2024Q1-REP011-CARD03,REP-011,PRD-CARD-03,2024,Q1,533,133257
TGT-2024Q1-REP011-RESP01,REP-011,PRD-RESP-01,2024,Q1,351,65783
TGT-2024Q1-REP011-DIAB01,REP-011,PRD-DIAB-01,2024,Q1,546,129764
TGT-2024Q1-REP011-GI01,REP-011,PRD-GI-01,2024,Q1,387,46801
TGT-2024Q2-REP011-RESP02,REP-011,PRD-RESP-02,2024,Q2,351,65783
TGT-2024Q2-REP011-CARD02,REP-011,PRD-CARD-02,2024,Q2,533,133257
TGT-2024Q2-REP011-CARD03,REP-011,PRD-CARD-03,2024,Q2,533,133257
TGT-2024Q2-REP011-RESP01,REP-011,PRD-RESP-01,2024,Q2,351,65783
TGT-2024Q2-REP011-DIAB01,REP-011,PRD-DIAB-01,2024,Q2,546,129764
TGT-2024Q2-REP011-GI01,REP-011,PRD-GI-01,2024,Q2,387,46801
TGT-2024Q3-REP011-RESP02,REP-011,PRD-RESP-02,2024,Q3,351,65783
TGT-2024Q3-REP011-CARD02,REP-011,PRD-CARD-02,2024,Q3,533,133257
TGT-2024Q3-REP011-CARD03,REP-011,PRD-CARD-03,2024,Q3,533,133257
TGT-2024Q3-REP011-RESP01,REP-011,PRD-RESP-01,2024,Q3,351,65783
TGT-2024Q3-REP011-DIAB01,REP-011,PRD-DIAB-01,2024,Q3,546,129764
TGT-2024Q3-REP011-GI01,REP-011,PRD-GI-01,2024,Q3,387,46801
TGT-2024Q4-REP011-RESP02,REP-011,PRD-RESP-02,2024,Q4,351,65783
TGT-2024Q4-REP011-CARD02,REP-011,PRD-CARD-02,2024,Q4,533,133257
TGT-2024Q4-REP011-CARD03,REP-011,PRD-CARD-03,2024,Q4,533,133257
TGT-2024Q4-REP011-RESP01,REP-011,PRD-RESP-01,2024,Q4,351,65783
TGT-2024Q4-REP011-DIAB01,REP-011,PRD-DIAB-01,2024,Q4,546,129764
TGT-2024Q4-REP011-GI01,REP-011,PRD-GI-01,2024,Q4,387,46801
TGT-2025Q1-REP011-RESP02,REP-011,PRD-RESP-02,2025,Q1,282,52518
TGT-2025Q1-REP011-CARD02,REP-011,PRD-CARD-02,2025,Q1,246,68711
TGT-2025Q1-REP011-CARD03,REP-011,PRD-CARD-03,2025,Q1,246,68711
TGT-2025Q1-REP011-RESP01,REP-011,PRD-RESP-01,2025,Q1,282,52518
TGT-2025Q1-REP011-DIAB01,REP-011,PRD-DIAB-01,2025,Q1,274,68439
TGT-2025Q1-REP011-GI01,REP-011,PRD-GI-01,2025,Q1,195,27727
TGT-2025Q2-REP011-RESP02,REP-011,PRD-RESP-02,2025,Q2,282,52518
TGT-2025Q2-REP011-CARD02,REP-011,PRD-CARD-02,2025,Q2,246,68711
TGT-2025Q2-REP011-CARD03,REP-011,PRD-CARD-03,2025,Q2,246,68711
TGT-2025Q2-REP011-RESP01,REP-011,PRD-RESP-01,2025,Q2,282,52518
TGT-2025Q2-REP011-DIAB01,REP-011,PRD-DIAB-01,2025,Q2,274,68439
TGT-2025Q2-REP011-GI01,REP-011,PRD-GI-01,2025,Q2,195,27727
TGT-2025Q3-REP011-RESP02,REP-011,PRD-RESP-02,2025,Q3,282,52518
TGT-2025Q3-REP011-CARD02,REP-011,PRD-CARD-02,2025,Q3,246,68711
TGT-2025Q3-REP011-CARD03,REP-011,PRD-CARD-03,2025,Q3,246,68711
TGT-2025Q3-REP011-RESP01,REP-011,PRD-RESP-01,2025,Q3,282,52518
TGT-2025Q3-REP011-DIAB01,REP-011,PRD-DIAB-01,2025,Q3,274,68439
TGT-2025Q3-REP011-GI01,REP-011,PRD-GI-01,2025,Q3,195,27727
TGT-2025Q4-REP011-RESP02,REP-011,PRD-RESP-02,2025,Q4,282,52518
TGT-2025Q4-REP011-CARD02,REP-011,PRD-CARD-02,2025,Q4,246,68711
TGT-2025Q4-REP011-CARD03,REP-011,PRD-CARD-03,2025,Q4,246,68711
TGT-2025Q4-REP011-RESP01,REP-011,PRD-RESP-01,2025,Q4,282,52518
TGT-2025Q4-REP011-DIAB01,REP-011,PRD-DIAB-01,2025,Q4,274,68439
TGT-2025Q4-REP011-GI01,REP-011,PRD-GI-01,2025,Q4,195,27727
TGT-2024Q1-REP012-GI03,REP-012,PRD-GI-03,2024,Q1,383,46359
TGT-2024Q1-REP012-GI02,REP-012,PRD-GI-02,2024,Q1,383,46359
TGT-2024Q1-REP012-CARD02,REP-012,PRD-CARD-02,2024,Q1,528,132000
TGT-2024Q1-REP012-GI01,REP-012,PRD-GI-01,2024,Q1,383,46359
TGT-2024Q1-REP012-RESP02,REP-012,PRD-RESP-02,2024,Q1,347,65162
TGT-2024Q1-REP012-RESP01,REP-012,PRD-RESP-01,2024,Q1,347,65162
TGT-2024Q2-REP012-GI03,REP-012,PRD-GI-03,2024,Q2,383,46359
TGT-2024Q2-REP012-GI02,REP-012,PRD-GI-02,2024,Q2,383,46359
TGT-2024Q2-REP012-CARD02,REP-012,PRD-CARD-02,2024,Q2,528,132000
TGT-2024Q2-REP012-GI01,REP-012,PRD-GI-01,2024,Q2,383,46359
TGT-2024Q2-REP012-RESP02,REP-012,PRD-RESP-02,2024,Q2,347,65162
TGT-2024Q2-REP012-RESP01,REP-012,PRD-RESP-01,2024,Q2,347,65162
TGT-2024Q3-REP012-GI03,REP-012,PRD-GI-03,2024,Q3,383,46359
TGT-2024Q3-REP012-GI02,REP-012,PRD-GI-02,2024,Q3,383,46359
TGT-2024Q3-REP012-CARD02,REP-012,PRD-CARD-02,2024,Q3,528,132000
TGT-2024Q3-REP012-GI01,REP-012,PRD-GI-01,2024,Q3,383,46359
TGT-2024Q3-REP012-RESP02,REP-012,PRD-RESP-02,2024,Q3,347,65162
TGT-2024Q3-REP012-RESP01,REP-012,PRD-RESP-01,2024,Q3,347,65162
TGT-2024Q4-REP012-GI03,REP-012,PRD-GI-03,2024,Q4,383,46359
TGT-2024Q4-REP012-GI02,REP-012,PRD-GI-02,2024,Q4,383,46359
TGT-2024Q4-REP012-CARD02,REP-012,PRD-CARD-02,2024,Q4,528,132000
TGT-2024Q4-REP012-GI01,REP-012,PRD-GI-01,2024,Q4,383,46359
TGT-2024Q4-REP012-RESP02,REP-012,PRD-RESP-02,2024,Q4,347,65162
TGT-2024Q4-REP012-RESP01,REP-012,PRD-RESP-01,2024,Q4,347,65162
TGT-2025Q1-REP012-GI03,REP-012,PRD-GI-03,2025,Q1,193,27465
TGT-2025Q1-REP012-GI02,REP-012,PRD-GI-02,2025,Q1,193,27465
TGT-2025Q1-REP012-CARD02,REP-012,PRD-CARD-02,2025,Q1,243,68063
TGT-2025Q1-REP012-GI01,REP-012,PRD-GI-01,2025,Q1,193,27465
TGT-2025Q1-REP012-RESP02,REP-012,PRD-RESP-02,2025,Q1,280,52022
TGT-2025Q1-REP012-RESP01,REP-012,PRD-RESP-01,2025,Q1,280,52022
TGT-2025Q2-REP012-GI03,REP-012,PRD-GI-03,2025,Q2,193,27465
TGT-2025Q2-REP012-GI02,REP-012,PRD-GI-02,2025,Q2,193,27465
TGT-2025Q2-REP012-CARD02,REP-012,PRD-CARD-02,2025,Q2,243,68063
TGT-2025Q2-REP012-GI01,REP-012,PRD-GI-01,2025,Q2,193,27465
TGT-2025Q2-REP012-RESP02,REP-012,PRD-RESP-02,2025,Q2,280,52022
TGT-2025Q2-REP012-RESP01,REP-012,PRD-RESP-01,2025,Q2,280,52022
TGT-2025Q3-REP012-GI03,REP-012,PRD-GI-03,2025,Q3,193,27465
TGT-2025Q3-REP012-GI02,REP-012,PRD-GI-02,2025,Q3,193,27465
TGT-2025Q3-REP012-CARD02,REP-012,PRD-CARD-02,2025,Q3,243,68063
TGT-2025Q3-REP012-GI01,REP-012,PRD-GI-01,2025,Q3,193,27465
TGT-2025Q3-REP012-RESP02,REP-012,PRD-RESP-02,2025,Q3,280,52022
TGT-2025Q3-REP012-RESP01,REP-012,PRD-RESP-01,2025,Q3,280,52022
TGT-2025Q4-REP012-GI03,REP-012,PRD-GI-03,2025,Q4,193,27465
TGT-2025Q4-REP012-GI02,REP-012,PRD-GI-02,2025,Q4,193,27465
TGT-2025Q4-REP012-CARD02,REP-012,PRD-CARD-02,2025,Q4,243,68063
TGT-2025Q4-REP012-GI01,REP-012,PRD-GI-01,2025,Q4,193,27465
TGT-2025Q4-REP012-RESP02,REP-012,PRD-RESP-02,2025,Q4,280,52022
TGT-2025Q4-REP012-RESP01,REP-012,PRD-RESP-01,2025,Q4,280,52022
TGT-2024Q1-REP013-DIAB03,REP-013,PRD-DIAB-03,2024,Q1,530,126092
TGT-2024Q1-REP013-CARD01,REP-013,PRD-CARD-01,2024,Q1,518,129485
TGT-2024Q1-REP013-GI02,REP-013,PRD-GI-02,2024,Q1,376,45476
TGT-2024Q1-REP013-CARD02,REP-013,PRD-CARD-02,2024,Q1,518,129485
TGT-2024Q1-REP013-RESP02,REP-013,PRD-RESP-02,2024,Q1,341,63921
TGT-2024Q1-REP013-RESP03,REP-013,PRD-RESP-03,2024,Q1,341,63921
TGT-2024Q2-REP013-DIAB03,REP-013,PRD-DIAB-03,2024,Q2,530,126092
TGT-2024Q2-REP013-CARD01,REP-013,PRD-CARD-01,2024,Q2,518,129485
TGT-2024Q2-REP013-GI02,REP-013,PRD-GI-02,2024,Q2,376,45476
TGT-2024Q2-REP013-CARD02,REP-013,PRD-CARD-02,2024,Q2,518,129485
TGT-2024Q2-REP013-RESP02,REP-013,PRD-RESP-02,2024,Q2,341,63921
TGT-2024Q2-REP013-RESP03,REP-013,PRD-RESP-03,2024,Q2,341,63921
TGT-2024Q3-REP013-DIAB03,REP-013,PRD-DIAB-03,2024,Q3,530,126092
TGT-2024Q3-REP013-CARD01,REP-013,PRD-CARD-01,2024,Q3,518,129485
TGT-2024Q3-REP013-GI02,REP-013,PRD-GI-02,2024,Q3,376,45476
TGT-2024Q3-REP013-CARD02,REP-013,PRD-CARD-02,2024,Q3,518,129485
TGT-2024Q3-REP013-RESP02,REP-013,PRD-RESP-02,2024,Q3,341,63921
TGT-2024Q3-REP013-RESP03,REP-013,PRD-RESP-03,2024,Q3,341,63921
TGT-2024Q4-REP013-DIAB03,REP-013,PRD-DIAB-03,2024,Q4,530,126092
TGT-2024Q4-REP013-CARD01,REP-013,PRD-CARD-01,2024,Q4,518,129485
TGT-2024Q4-REP013-GI02,REP-013,PRD-GI-02,2024,Q4,376,45476
TGT-2024Q4-REP013-CARD02,REP-013,PRD-CARD-02,2024,Q4,518,129485
TGT-2024Q4-REP013-RESP02,REP-013,PRD-RESP-02,2024,Q4,341,63921
TGT-2024Q4-REP013-RESP03,REP-013,PRD-RESP-03,2024,Q4,341,63921
TGT-2025Q1-REP013-DIAB03,REP-013,PRD-DIAB-03,2025,Q1,266,66502
TGT-2025Q1-REP013-CARD01,REP-013,PRD-CARD-01,2025,Q1,239,66766
TGT-2025Q1-REP013-GI02,REP-013,PRD-GI-02,2025,Q1,189,26942
TGT-2025Q1-REP013-CARD02,REP-013,PRD-CARD-02,2025,Q1,239,66766
TGT-2025Q1-REP013-RESP02,REP-013,PRD-RESP-02,2025,Q1,274,51031
TGT-2025Q1-REP013-RESP03,REP-013,PRD-RESP-03,2025,Q1,274,51031
TGT-2025Q2-REP013-DIAB03,REP-013,PRD-DIAB-03,2025,Q2,266,66502
TGT-2025Q2-REP013-CARD01,REP-013,PRD-CARD-01,2025,Q2,239,66766
TGT-2025Q2-REP013-GI02,REP-013,PRD-GI-02,2025,Q2,189,26942
TGT-2025Q2-REP013-CARD02,REP-013,PRD-CARD-02,2025,Q2,239,66766
TGT-2025Q2-REP013-RESP02,REP-013,PRD-RESP-02,2025,Q2,274,51031
TGT-2025Q2-REP013-RESP03,REP-013,PRD-RESP-03,2025,Q2,274,51031
TGT-2025Q3-REP013-DIAB03,REP-013,PRD-DIAB-03,2025,Q3,266,66502
TGT-2025Q3-REP013-CARD01,REP-013,PRD-CARD-01,2025,Q3,239,66766
TGT-2025Q3-REP013-GI02,REP-013,PRD-GI-02,2025,Q3,189,26942
TGT-2025Q3-REP013-CARD02,REP-013,PRD-CARD-02,2025,Q3,239,66766
TGT-2025Q3-REP013-RESP02,REP-013,PRD-RESP-02,2025,Q3,274,51031
TGT-2025Q3-REP013-RESP03,REP-013,PRD-RESP-03,2025,Q3,274,51031
TGT-2025Q4-REP013-DIAB03,REP-013,PRD-DIAB-03,2025,Q4,266,66502
TGT-2025Q4-REP013-CARD01,REP-013,PRD-CARD-01,2025,Q4,239,66766
TGT-2025Q4-REP013-GI02,REP-013,PRD-GI-02,2025,Q4,189,26942
TGT-2025Q4-REP013-CARD02,REP-013,PRD-CARD-02,2025,Q4,239,66766
TGT-2025Q4-REP013-RESP02,REP-013,PRD-RESP-02,2025,Q4,274,51031
TGT-2025Q4-REP013-RESP03,REP-013,PRD-RESP-03,2025,Q4,274,51031
TGT-2026Q1-REP013-DIAB03,REP-013,PRD-DIAB-03,2026,Q1,264,122206
TGT-2026Q1-REP013-CARD01,REP-013,PRD-CARD-01,2026,Q1,259,89149
TGT-2026Q1-REP013-GI02,REP-013,PRD-GI-02,2026,Q1,187,41861
TGT-2026Q1-REP013-CARD02,REP-013,PRD-CARD-02,2026,Q1,259,89149
TGT-2026Q1-REP013-RESP02,REP-013,PRD-RESP-02,2026,Q1,153,27104
TGT-2026Q1-REP013-RESP03,REP-013,PRD-RESP-03,2026,Q1,153,27104
TGT-2024Q1-REP014-CARD01,REP-014,PRD-CARD-01,2024,Q1,559,139543
TGT-2024Q1-REP014-CARD03,REP-014,PRD-CARD-03,2024,Q1,559,139543
TGT-2024Q1-REP014-RESP03,REP-014,PRD-RESP-03,2024,Q1,367,68886
TGT-2024Q1-REP014-DIAB01,REP-014,PRD-DIAB-01,2024,Q1,571,135885
TGT-2024Q1-REP014-GI03,REP-014,PRD-GI-03,2024,Q1,405,49008
TGT-2024Q1-REP014-GI02,REP-014,PRD-GI-02,2024,Q1,405,49008
TGT-2024Q2-REP014-CARD01,REP-014,PRD-CARD-01,2024,Q2,559,139543
TGT-2024Q2-REP014-CARD03,REP-014,PRD-CARD-03,2024,Q2,559,139543
TGT-2024Q2-REP014-RESP03,REP-014,PRD-RESP-03,2024,Q2,367,68886
TGT-2024Q2-REP014-DIAB01,REP-014,PRD-DIAB-01,2024,Q2,571,135885
TGT-2024Q2-REP014-GI03,REP-014,PRD-GI-03,2024,Q2,405,49008
TGT-2024Q2-REP014-GI02,REP-014,PRD-GI-02,2024,Q2,405,49008
TGT-2024Q3-REP014-CARD01,REP-014,PRD-CARD-01,2024,Q3,559,139543
TGT-2024Q3-REP014-CARD03,REP-014,PRD-CARD-03,2024,Q3,559,139543
TGT-2024Q3-REP014-RESP03,REP-014,PRD-RESP-03,2024,Q3,367,68886
TGT-2024Q3-REP014-DIAB01,REP-014,PRD-DIAB-01,2024,Q3,571,135885
TGT-2024Q3-REP014-GI03,REP-014,PRD-GI-03,2024,Q3,405,49008
TGT-2024Q3-REP014-GI02,REP-014,PRD-GI-02,2024,Q3,405,49008
TGT-2024Q4-REP014-CARD01,REP-014,PRD-CARD-01,2024,Q4,559,139543
TGT-2024Q4-REP014-CARD03,REP-014,PRD-CARD-03,2024,Q4,559,139543
TGT-2024Q4-REP014-RESP03,REP-014,PRD-RESP-03,2024,Q4,367,68886
TGT-2024Q4-REP014-DIAB01,REP-014,PRD-DIAB-01,2024,Q4,571,135885
TGT-2024Q4-REP014-GI03,REP-014,PRD-GI-03,2024,Q4,405,49008
TGT-2024Q4-REP014-GI02,REP-014,PRD-GI-02,2024,Q4,405,49008
TGT-2025Q1-REP014-CARD01,REP-014,PRD-CARD-01,2025,Q1,323,90018
TGT-2025Q1-REP014-CARD03,REP-014,PRD-CARD-03,2025,Q1,77,41602
TGT-2025Q1-REP014-RESP03,REP-014,PRD-RESP-03,2025,Q1,296,54995
TGT-2025Q1-REP014-DIAB01,REP-014,PRD-DIAB-01,2025,Q1,501,47616
TGT-2025Q1-REP014-GI03,REP-014,PRD-GI-03,2025,Q1,40,17350
TGT-2025Q1-REP014-GI02,REP-014,PRD-GI-02,2025,Q1,279,48626
TGT-2025Q2-REP014-CARD01,REP-014,PRD-CARD-01,2025,Q2,323,90018
TGT-2025Q2-REP014-CARD03,REP-014,PRD-CARD-03,2025,Q2,77,41602
TGT-2025Q2-REP014-RESP03,REP-014,PRD-RESP-03,2025,Q2,296,54995
TGT-2025Q2-REP014-DIAB01,REP-014,PRD-DIAB-01,2025,Q2,501,47616
TGT-2025Q2-REP014-GI03,REP-014,PRD-GI-03,2025,Q2,40,17350
TGT-2025Q2-REP014-GI02,REP-014,PRD-GI-02,2025,Q2,279,48626
TGT-2025Q3-REP014-CARD01,REP-014,PRD-CARD-01,2025,Q3,323,90018
TGT-2025Q3-REP014-CARD03,REP-014,PRD-CARD-03,2025,Q3,77,41602
TGT-2025Q3-REP014-RESP03,REP-014,PRD-RESP-03,2025,Q3,296,54995
TGT-2025Q3-REP014-DIAB01,REP-014,PRD-DIAB-01,2025,Q3,501,47616
TGT-2025Q3-REP014-GI03,REP-014,PRD-GI-03,2025,Q3,40,17350
TGT-2025Q3-REP014-GI02,REP-014,PRD-GI-02,2025,Q3,279,48626
TGT-2025Q4-REP014-CARD01,REP-014,PRD-CARD-01,2025,Q4,323,90018
TGT-2025Q4-REP014-CARD03,REP-014,PRD-CARD-03,2025,Q4,77,41602
TGT-2025Q4-REP014-RESP03,REP-014,PRD-RESP-03,2025,Q4,296,54995
TGT-2025Q4-REP014-DIAB01,REP-014,PRD-DIAB-01,2025,Q4,501,47616
TGT-2025Q4-REP014-GI03,REP-014,PRD-GI-03,2025,Q4,40,17350
TGT-2025Q4-REP014-GI02,REP-014,PRD-GI-02,2025,Q4,279,48626
TGT-2024Q1-REP015-CARD02,REP-015,PRD-CARD-02,2024,Q1,577,127220
TGT-2024Q1-REP015-DIAB01,REP-015,PRD-DIAB-01,2024,Q1,435,41473
TGT-2024Q1-REP015-DIAB02,REP-015,PRD-DIAB-02,2024,Q1,568,214645
TGT-2024Q1-REP015-CARD01,REP-015,PRD-CARD-01,2024,Q1,632,174544
TGT-2024Q1-REP015-GI03,REP-015,PRD-GI-03,2024,Q1,438,52982
TGT-2024Q1-REP015-GI02,REP-015,PRD-GI-02,2024,Q1,590,102679
TGT-2024Q2-REP015-CARD02,REP-015,PRD-CARD-02,2024,Q2,577,127220
TGT-2024Q2-REP015-DIAB01,REP-015,PRD-DIAB-01,2024,Q2,435,41473
TGT-2024Q2-REP015-DIAB02,REP-015,PRD-DIAB-02,2024,Q2,568,214645
TGT-2024Q2-REP015-CARD01,REP-015,PRD-CARD-01,2024,Q2,632,174544
TGT-2024Q2-REP015-GI03,REP-015,PRD-GI-03,2024,Q2,438,52982
TGT-2024Q2-REP015-GI02,REP-015,PRD-GI-02,2024,Q2,590,102679
TGT-2024Q3-REP015-CARD02,REP-015,PRD-CARD-02,2024,Q3,577,127220
TGT-2024Q3-REP015-DIAB01,REP-015,PRD-DIAB-01,2024,Q3,435,41473
TGT-2024Q3-REP015-DIAB02,REP-015,PRD-DIAB-02,2024,Q3,568,214645
TGT-2024Q3-REP015-CARD01,REP-015,PRD-CARD-01,2024,Q3,632,174544
TGT-2024Q3-REP015-GI03,REP-015,PRD-GI-03,2024,Q3,438,52982
TGT-2024Q3-REP015-GI02,REP-015,PRD-GI-02,2024,Q3,590,102679
TGT-2024Q4-REP015-CARD02,REP-015,PRD-CARD-02,2024,Q4,577,127220
TGT-2024Q4-REP015-DIAB01,REP-015,PRD-DIAB-01,2024,Q4,435,41473
TGT-2024Q4-REP015-DIAB02,REP-015,PRD-DIAB-02,2024,Q4,568,214645
TGT-2024Q4-REP015-CARD01,REP-015,PRD-CARD-01,2024,Q4,632,174544
TGT-2024Q4-REP015-GI03,REP-015,PRD-GI-03,2024,Q4,438,52982
TGT-2024Q4-REP015-GI02,REP-015,PRD-GI-02,2024,Q4,590,102679
TGT-2025Q1-REP015-CARD02,REP-015,PRD-CARD-02,2025,Q1,434,96069
TGT-2025Q1-REP015-DIAB01,REP-015,PRD-DIAB-01,2025,Q1,577,54927
TGT-2025Q1-REP015-DIAB02,REP-015,PRD-DIAB-02,2025,Q1,403,154738
TGT-2025Q1-REP015-CARD01,REP-015,PRD-CARD-01,2025,Q1,397,111211
TGT-2025Q1-REP015-GI03,REP-015,PRD-GI-03,2025,Q1,66,28138
TGT-2025Q1-REP015-GI02,REP-015,PRD-GI-02,2025,Q1,186,32770
TGT-2025Q2-REP015-CARD02,REP-015,PRD-CARD-02,2025,Q2,434,96069
TGT-2025Q2-REP015-DIAB01,REP-015,PRD-DIAB-01,2025,Q2,577,54927
TGT-2025Q2-REP015-DIAB02,REP-015,PRD-DIAB-02,2025,Q2,403,154738
TGT-2025Q2-REP015-CARD01,REP-015,PRD-CARD-01,2025,Q2,397,111211
TGT-2025Q2-REP015-GI03,REP-015,PRD-GI-03,2025,Q2,66,28138
TGT-2025Q2-REP015-GI02,REP-015,PRD-GI-02,2025,Q2,186,32770
TGT-2025Q3-REP015-CARD02,REP-015,PRD-CARD-02,2025,Q3,434,96069
TGT-2025Q3-REP015-DIAB01,REP-015,PRD-DIAB-01,2025,Q3,577,54927
TGT-2025Q3-REP015-DIAB02,REP-015,PRD-DIAB-02,2025,Q3,403,154738
TGT-2025Q3-REP015-CARD01,REP-015,PRD-CARD-01,2025,Q3,397,111211
TGT-2025Q3-REP015-GI03,REP-015,PRD-GI-03,2025,Q3,66,28138
TGT-2025Q3-REP015-GI02,REP-015,PRD-GI-02,2025,Q3,186,32770
TGT-2025Q4-REP015-CARD02,REP-015,PRD-CARD-02,2025,Q4,434,96069
TGT-2025Q4-REP015-DIAB01,REP-015,PRD-DIAB-01,2025,Q4,577,54927
TGT-2025Q4-REP015-DIAB02,REP-015,PRD-DIAB-02,2025,Q4,403,154738
TGT-2025Q4-REP015-CARD01,REP-015,PRD-CARD-01,2025,Q4,397,111211
TGT-2025Q4-REP015-GI03,REP-015,PRD-GI-03,2025,Q4,66,28138
TGT-2025Q4-REP015-GI02,REP-015,PRD-GI-02,2025,Q4,186,32770
TGT-2024Q1-REP016-DIAB03,REP-016,PRD-DIAB-03,2024,Q1,535,127316
TGT-2024Q1-REP016-RESP02,REP-016,PRD-RESP-02,2024,Q1,398,99352
TGT-2024Q1-REP016-CARD01,REP-016,PRD-CARD-01,2024,Q1,653,180666
TGT-2024Q1-REP016-DIAB02,REP-016,PRD-DIAB-02,2024,Q1,620,236047
TGT-2024Q1-REP016-GI01,REP-016,PRD-GI-01,2024,Q1,470,33291
TGT-2024Q1-REP016-GI02,REP-016,PRD-GI-02,2024,Q1,486,83978
TGT-2024Q2-REP016-DIAB03,REP-016,PRD-DIAB-03,2024,Q2,535,127316
TGT-2024Q2-REP016-RESP02,REP-016,PRD-RESP-02,2024,Q2,398,99352
TGT-2024Q2-REP016-CARD01,REP-016,PRD-CARD-01,2024,Q2,653,180666
TGT-2024Q2-REP016-DIAB02,REP-016,PRD-DIAB-02,2024,Q2,620,236047
TGT-2024Q2-REP016-GI01,REP-016,PRD-GI-01,2024,Q2,470,33291
TGT-2024Q2-REP016-GI02,REP-016,PRD-GI-02,2024,Q2,486,83978
TGT-2024Q3-REP016-DIAB03,REP-016,PRD-DIAB-03,2024,Q3,535,127316
TGT-2024Q3-REP016-RESP02,REP-016,PRD-RESP-02,2024,Q3,398,99352
TGT-2024Q3-REP016-CARD01,REP-016,PRD-CARD-01,2024,Q3,653,180666
TGT-2024Q3-REP016-DIAB02,REP-016,PRD-DIAB-02,2024,Q3,620,236047
TGT-2024Q3-REP016-GI01,REP-016,PRD-GI-01,2024,Q3,470,33291
TGT-2024Q3-REP016-GI02,REP-016,PRD-GI-02,2024,Q3,486,83978
TGT-2024Q4-REP016-DIAB03,REP-016,PRD-DIAB-03,2024,Q4,535,127316
TGT-2024Q4-REP016-RESP02,REP-016,PRD-RESP-02,2024,Q4,398,99352
TGT-2024Q4-REP016-CARD01,REP-016,PRD-CARD-01,2024,Q4,653,180666
TGT-2024Q4-REP016-DIAB02,REP-016,PRD-DIAB-02,2024,Q4,620,236047
TGT-2024Q4-REP016-GI01,REP-016,PRD-GI-01,2024,Q4,470,33291
TGT-2024Q4-REP016-GI02,REP-016,PRD-GI-02,2024,Q4,486,83978
TGT-2025Q1-REP016-DIAB03,REP-016,PRD-DIAB-03,2025,Q1,19,18476
TGT-2025Q1-REP016-RESP02,REP-016,PRD-RESP-02,2025,Q1,374,94508
TGT-2025Q1-REP016-CARD01,REP-016,PRD-CARD-01,2025,Q1,433,118897
TGT-2025Q1-REP016-DIAB02,REP-016,PRD-DIAB-02,2025,Q1,522,197746
TGT-2025Q1-REP016-GI01,REP-016,PRD-GI-01,2025,Q1,271,19392
TGT-2025Q1-REP016-GI02,REP-016,PRD-GI-02,2025,Q1,325,55790
TGT-2025Q2-REP016-DIAB03,REP-016,PRD-DIAB-03,2025,Q2,19,18476
TGT-2025Q2-REP016-RESP02,REP-016,PRD-RESP-02,2025,Q2,374,94508
TGT-2025Q2-REP016-CARD01,REP-016,PRD-CARD-01,2025,Q2,433,118897
TGT-2025Q2-REP016-DIAB02,REP-016,PRD-DIAB-02,2025,Q2,522,197746
TGT-2025Q2-REP016-GI01,REP-016,PRD-GI-01,2025,Q2,271,19392
TGT-2025Q2-REP016-GI02,REP-016,PRD-GI-02,2025,Q2,325,55790
TGT-2025Q3-REP016-DIAB03,REP-016,PRD-DIAB-03,2025,Q3,19,18476
TGT-2025Q3-REP016-RESP02,REP-016,PRD-RESP-02,2025,Q3,374,94508
TGT-2025Q3-REP016-CARD01,REP-016,PRD-CARD-01,2025,Q3,433,118897
TGT-2025Q3-REP016-DIAB02,REP-016,PRD-DIAB-02,2025,Q3,522,197746
TGT-2025Q3-REP016-GI01,REP-016,PRD-GI-01,2025,Q3,271,19392
TGT-2025Q3-REP016-GI02,REP-016,PRD-GI-02,2025,Q3,325,55790
TGT-2025Q4-REP016-DIAB03,REP-016,PRD-DIAB-03,2025,Q4,19,18476
TGT-2025Q4-REP016-RESP02,REP-016,PRD-RESP-02,2025,Q4,374,94508
TGT-2025Q4-REP016-CARD01,REP-016,PRD-CARD-01,2025,Q4,433,118897
TGT-2025Q4-REP016-DIAB02,REP-016,PRD-DIAB-02,2025,Q4,522,197746
TGT-2025Q4-REP016-GI01,REP-016,PRD-GI-01,2025,Q4,271,19392
TGT-2025Q4-REP016-GI02,REP-016,PRD-GI-02,2025,Q4,325,55790
TGT-2024Q1-REP017-CARD02,REP-017,PRD-CARD-02,2024,Q1,609,135751
TGT-2024Q1-REP017-DIAB02,REP-017,PRD-DIAB-02,2024,Q1,623,236604
TGT-2024Q1-REP017-DIAB03,REP-017,PRD-DIAB-03,2024,Q1,494,117523
TGT-2024Q1-REP017-RESP02,REP-017,PRD-RESP-02,2024,Q1,312,78827
TGT-2024Q1-REP017-GI03,REP-017,PRD-GI-03,2024,Q1,351,42385
TGT-2024Q1-REP017-GI01,REP-017,PRD-GI-01,2024,Q1,400,28340
TGT-2024Q2-REP017-CARD02,REP-017,PRD-CARD-02,2024,Q2,609,135751
TGT-2024Q2-REP017-DIAB02,REP-017,PRD-DIAB-02,2024,Q2,623,236604
TGT-2024Q2-REP017-DIAB03,REP-017,PRD-DIAB-03,2024,Q2,494,117523
TGT-2024Q2-REP017-RESP02,REP-017,PRD-RESP-02,2024,Q2,312,78827
TGT-2024Q2-REP017-GI03,REP-017,PRD-GI-03,2024,Q2,351,42385
TGT-2024Q2-REP017-GI01,REP-017,PRD-GI-01,2024,Q2,400,28340
TGT-2024Q3-REP017-CARD02,REP-017,PRD-CARD-02,2024,Q3,609,135751
TGT-2024Q3-REP017-DIAB02,REP-017,PRD-DIAB-02,2024,Q3,623,236604
TGT-2024Q3-REP017-DIAB03,REP-017,PRD-DIAB-03,2024,Q3,494,117523
TGT-2024Q3-REP017-RESP02,REP-017,PRD-RESP-02,2024,Q3,312,78827
TGT-2024Q3-REP017-GI03,REP-017,PRD-GI-03,2024,Q3,351,42385
TGT-2024Q3-REP017-GI01,REP-017,PRD-GI-01,2024,Q3,400,28340
TGT-2024Q4-REP017-CARD02,REP-017,PRD-CARD-02,2024,Q4,609,135751
TGT-2024Q4-REP017-DIAB02,REP-017,PRD-DIAB-02,2024,Q4,623,236604
TGT-2024Q4-REP017-DIAB03,REP-017,PRD-DIAB-03,2024,Q4,494,117523
TGT-2024Q4-REP017-RESP02,REP-017,PRD-RESP-02,2024,Q4,312,78827
TGT-2024Q4-REP017-GI03,REP-017,PRD-GI-03,2024,Q4,351,42385
TGT-2024Q4-REP017-GI01,REP-017,PRD-GI-01,2024,Q4,400,28340
TGT-2025Q1-REP017-CARD02,REP-017,PRD-CARD-02,2025,Q1,362,80117
TGT-2025Q1-REP017-DIAB02,REP-017,PRD-DIAB-02,2025,Q1,555,209781
TGT-2025Q1-REP017-DIAB03,REP-017,PRD-DIAB-03,2025,Q1,10,3587
TGT-2025Q1-REP017-RESP02,REP-017,PRD-RESP-02,2025,Q1,165,41920
TGT-2025Q1-REP017-GI03,REP-017,PRD-GI-03,2025,Q1,24,9976
TGT-2025Q1-REP017-GI01,REP-017,PRD-GI-01,2025,Q1,370,26397
TGT-2025Q2-REP017-CARD02,REP-017,PRD-CARD-02,2025,Q2,362,80117
TGT-2025Q2-REP017-DIAB02,REP-017,PRD-DIAB-02,2025,Q2,555,209781
TGT-2025Q2-REP017-DIAB03,REP-017,PRD-DIAB-03,2025,Q2,10,3587
TGT-2025Q2-REP017-RESP02,REP-017,PRD-RESP-02,2025,Q2,165,41920
TGT-2025Q2-REP017-GI03,REP-017,PRD-GI-03,2025,Q2,24,9976
TGT-2025Q2-REP017-GI01,REP-017,PRD-GI-01,2025,Q2,370,26397
TGT-2025Q3-REP017-CARD02,REP-017,PRD-CARD-02,2025,Q3,362,80117
TGT-2025Q3-REP017-DIAB02,REP-017,PRD-DIAB-02,2025,Q3,555,209781
TGT-2025Q3-REP017-DIAB03,REP-017,PRD-DIAB-03,2025,Q3,10,3587
TGT-2025Q3-REP017-RESP02,REP-017,PRD-RESP-02,2025,Q3,165,41920
TGT-2025Q3-REP017-GI03,REP-017,PRD-GI-03,2025,Q3,24,9976
TGT-2025Q3-REP017-GI01,REP-017,PRD-GI-01,2025,Q3,370,26397
TGT-2025Q4-REP017-CARD02,REP-017,PRD-CARD-02,2025,Q4,362,80117
TGT-2025Q4-REP017-DIAB02,REP-017,PRD-DIAB-02,2025,Q4,555,209781
TGT-2025Q4-REP017-DIAB03,REP-017,PRD-DIAB-03,2025,Q4,10,3587
TGT-2025Q4-REP017-RESP02,REP-017,PRD-RESP-02,2025,Q4,165,41920
TGT-2025Q4-REP017-GI03,REP-017,PRD-GI-03,2025,Q4,24,9976
TGT-2025Q4-REP017-GI01,REP-017,PRD-GI-01,2025,Q4,370,26397
TGT-2024Q1-REP018-RESP03,REP-018,PRD-RESP-03,2024,Q1,357,67024
TGT-2024Q1-REP018-DIAB01,REP-018,PRD-DIAB-01,2024,Q1,725,69237
TGT-2024Q1-REP018-RESP01,REP-018,PRD-RESP-01,2024,Q1,536,63417
TGT-2024Q1-REP018-DIAB02,REP-018,PRD-DIAB-02,2024,Q1,644,245294
TGT-2024Q1-REP018-GI03,REP-018,PRD-GI-03,2024,Q1,394,47684
TGT-2024Q1-REP018-GI02,REP-018,PRD-GI-02,2024,Q1,524,91844
TGT-2024Q2-REP018-RESP03,REP-018,PRD-RESP-03,2024,Q2,357,67024
TGT-2024Q2-REP018-DIAB01,REP-018,PRD-DIAB-01,2024,Q2,725,69237
TGT-2024Q2-REP018-RESP01,REP-018,PRD-RESP-01,2024,Q2,536,63417
TGT-2024Q2-REP018-DIAB02,REP-018,PRD-DIAB-02,2024,Q2,644,245294
TGT-2024Q2-REP018-GI03,REP-018,PRD-GI-03,2024,Q2,394,47684
TGT-2024Q2-REP018-GI02,REP-018,PRD-GI-02,2024,Q2,524,91844
TGT-2024Q3-REP018-RESP03,REP-018,PRD-RESP-03,2024,Q3,357,67024
TGT-2024Q3-REP018-DIAB01,REP-018,PRD-DIAB-01,2024,Q3,725,69237
TGT-2024Q3-REP018-RESP01,REP-018,PRD-RESP-01,2024,Q3,536,63417
TGT-2024Q3-REP018-DIAB02,REP-018,PRD-DIAB-02,2024,Q3,644,245294
TGT-2024Q3-REP018-GI03,REP-018,PRD-GI-03,2024,Q3,394,47684
TGT-2024Q3-REP018-GI02,REP-018,PRD-GI-02,2024,Q3,524,91844
TGT-2024Q4-REP018-RESP03,REP-018,PRD-RESP-03,2024,Q4,357,67024
TGT-2024Q4-REP018-DIAB01,REP-018,PRD-DIAB-01,2024,Q4,725,69237
TGT-2024Q4-REP018-RESP01,REP-018,PRD-RESP-01,2024,Q4,536,63417
TGT-2024Q4-REP018-DIAB02,REP-018,PRD-DIAB-02,2024,Q4,644,245294
TGT-2024Q4-REP018-GI03,REP-018,PRD-GI-03,2024,Q4,394,47684
TGT-2024Q4-REP018-GI02,REP-018,PRD-GI-02,2024,Q4,524,91844
TGT-2025Q1-REP018-RESP03,REP-018,PRD-RESP-03,2025,Q1,288,53509
TGT-2025Q1-REP018-DIAB01,REP-018,PRD-DIAB-01,2025,Q1,377,35982
TGT-2025Q1-REP018-RESP01,REP-018,PRD-RESP-01,2025,Q1,307,36102
TGT-2025Q1-REP018-DIAB02,REP-018,PRD-DIAB-02,2025,Q1,476,182289
TGT-2025Q1-REP018-GI03,REP-018,PRD-GI-03,2025,Q1,36,15658
TGT-2025Q1-REP018-GI02,REP-018,PRD-GI-02,2025,Q1,268,46974
TGT-2025Q2-REP018-RESP03,REP-018,PRD-RESP-03,2025,Q2,288,53509
TGT-2025Q2-REP018-DIAB01,REP-018,PRD-DIAB-01,2025,Q2,377,35982
TGT-2025Q2-REP018-RESP01,REP-018,PRD-RESP-01,2025,Q2,307,36102
TGT-2025Q2-REP018-DIAB02,REP-018,PRD-DIAB-02,2025,Q2,476,182289
TGT-2025Q2-REP018-GI03,REP-018,PRD-GI-03,2025,Q2,36,15658
TGT-2025Q2-REP018-GI02,REP-018,PRD-GI-02,2025,Q2,268,46974
TGT-2025Q3-REP018-RESP03,REP-018,PRD-RESP-03,2025,Q3,288,53509
TGT-2025Q3-REP018-DIAB01,REP-018,PRD-DIAB-01,2025,Q3,377,35982
TGT-2025Q3-REP018-RESP01,REP-018,PRD-RESP-01,2025,Q3,307,36102
TGT-2025Q3-REP018-DIAB02,REP-018,PRD-DIAB-02,2025,Q3,476,182289
TGT-2025Q3-REP018-GI03,REP-018,PRD-GI-03,2025,Q3,36,15658
TGT-2025Q3-REP018-GI02,REP-018,PRD-GI-02,2025,Q3,268,46974
TGT-2025Q4-REP018-RESP03,REP-018,PRD-RESP-03,2025,Q4,288,53509
TGT-2025Q4-REP018-DIAB01,REP-018,PRD-DIAB-01,2025,Q4,377,35982
TGT-2025Q4-REP018-RESP01,REP-018,PRD-RESP-01,2025,Q4,307,36102
TGT-2025Q4-REP018-DIAB02,REP-018,PRD-DIAB-02,2025,Q4,476,182289
TGT-2025Q4-REP018-GI03,REP-018,PRD-GI-03,2025,Q4,36,15658
TGT-2025Q4-REP018-GI02,REP-018,PRD-GI-02,2025,Q4,268,46974
TGT-2024Q1-REP019-CARD02,REP-019,PRD-CARD-02,2024,Q1,484,107339
TGT-2024Q1-REP019-CARD03,REP-019,PRD-CARD-03,2024,Q1,478,119428
TGT-2024Q1-REP019-DIAB01,REP-019,PRD-DIAB-01,2024,Q1,526,50087
TGT-2024Q1-REP019-DIAB03,REP-019,PRD-DIAB-03,2024,Q1,489,116298
TGT-2024Q1-REP019-GI01,REP-019,PRD-GI-01,2024,Q1,430,30037
TGT-2024Q1-REP019-GI02,REP-019,PRD-GI-02,2024,Q1,421,72469
TGT-2024Q2-REP019-CARD02,REP-019,PRD-CARD-02,2024,Q2,484,107339
TGT-2024Q2-REP019-CARD03,REP-019,PRD-CARD-03,2024,Q2,478,119428
TGT-2024Q2-REP019-DIAB01,REP-019,PRD-DIAB-01,2024,Q2,526,50087
TGT-2024Q2-REP019-DIAB03,REP-019,PRD-DIAB-03,2024,Q2,489,116298
TGT-2024Q2-REP019-GI01,REP-019,PRD-GI-01,2024,Q2,430,30037
TGT-2024Q2-REP019-GI02,REP-019,PRD-GI-02,2024,Q2,421,72469
TGT-2024Q3-REP019-CARD02,REP-019,PRD-CARD-02,2024,Q3,484,107339
TGT-2024Q3-REP019-CARD03,REP-019,PRD-CARD-03,2024,Q3,478,119428
TGT-2024Q3-REP019-DIAB01,REP-019,PRD-DIAB-01,2024,Q3,526,50087
TGT-2024Q3-REP019-DIAB03,REP-019,PRD-DIAB-03,2024,Q3,489,116298
TGT-2024Q3-REP019-GI01,REP-019,PRD-GI-01,2024,Q3,430,30037
TGT-2024Q3-REP019-GI02,REP-019,PRD-GI-02,2024,Q3,421,72469
TGT-2024Q1-REP020-CARD02,REP-020,PRD-CARD-02,2024,Q1,341,75743
TGT-2024Q1-REP020-CARD03,REP-020,PRD-CARD-03,2024,Q1,488,121943
TGT-2024Q1-REP020-DIAB02,REP-020,PRD-DIAB-02,2024,Q1,566,216323
TGT-2024Q1-REP020-RESP01,REP-020,PRD-RESP-01,2024,Q1,247,29199
TGT-2024Q1-REP020-GI03,REP-020,PRD-GI-03,2024,Q1,354,42827
TGT-2024Q1-REP020-GI01,REP-020,PRD-GI-01,2024,Q1,317,22443
TGT-2024Q2-REP020-CARD02,REP-020,PRD-CARD-02,2024,Q2,341,75743
TGT-2024Q2-REP020-CARD03,REP-020,PRD-CARD-03,2024,Q2,488,121943
TGT-2024Q2-REP020-DIAB02,REP-020,PRD-DIAB-02,2024,Q2,566,216323
TGT-2024Q2-REP020-RESP01,REP-020,PRD-RESP-01,2024,Q2,247,29199
TGT-2024Q2-REP020-GI03,REP-020,PRD-GI-03,2024,Q2,354,42827
TGT-2024Q2-REP020-GI01,REP-020,PRD-GI-01,2024,Q2,317,22443
TGT-2024Q3-REP020-CARD02,REP-020,PRD-CARD-02,2024,Q3,341,75743
TGT-2024Q3-REP020-CARD03,REP-020,PRD-CARD-03,2024,Q3,488,121943
TGT-2024Q3-REP020-DIAB02,REP-020,PRD-DIAB-02,2024,Q3,566,216323
TGT-2024Q3-REP020-RESP01,REP-020,PRD-RESP-01,2024,Q3,247,29199
TGT-2024Q3-REP020-GI03,REP-020,PRD-GI-03,2024,Q3,354,42827
TGT-2024Q3-REP020-GI01,REP-020,PRD-GI-01,2024,Q3,317,22443
TGT-2024Q4-REP020-CARD02,REP-020,PRD-CARD-02,2024,Q4,341,75743
TGT-2024Q4-REP020-CARD03,REP-020,PRD-CARD-03,2024,Q4,488,121943
TGT-2024Q4-REP020-DIAB02,REP-020,PRD-DIAB-02,2024,Q4,566,216323
TGT-2024Q4-REP020-RESP01,REP-020,PRD-RESP-01,2024,Q4,247,29199
TGT-2024Q4-REP020-GI03,REP-020,PRD-GI-03,2024,Q4,354,42827
TGT-2024Q4-REP020-GI01,REP-020,PRD-GI-01,2024,Q4,317,22443
TGT-2025Q1-REP020-CARD02,REP-020,PRD-CARD-02,2025,Q1,436,96713
TGT-2025Q1-REP020-CARD03,REP-020,PRD-CARD-03,2025,Q1,40,21659
TGT-2025Q1-REP020-DIAB02,REP-020,PRD-DIAB-02,2025,Q1,494,189262
TGT-2025Q1-REP020-RESP01,REP-020,PRD-RESP-01,2025,Q1,234,27501
TGT-2025Q1-REP020-GI03,REP-020,PRD-GI-03,2025,Q1,54,23235
TGT-2025Q1-REP020-GI01,REP-020,PRD-GI-01,2025,Q1,244,17219
TGT-2025Q2-REP020-CARD02,REP-020,PRD-CARD-02,2025,Q2,436,96713
TGT-2025Q2-REP020-CARD03,REP-020,PRD-CARD-03,2025,Q2,40,21659
TGT-2025Q2-REP020-DIAB02,REP-020,PRD-DIAB-02,2025,Q2,494,189262
TGT-2025Q2-REP020-RESP01,REP-020,PRD-RESP-01,2025,Q2,234,27501
TGT-2025Q2-REP020-GI03,REP-020,PRD-GI-03,2025,Q2,54,23235
TGT-2025Q2-REP020-GI01,REP-020,PRD-GI-01,2025,Q2,244,17219
TGT-2025Q3-REP020-CARD02,REP-020,PRD-CARD-02,2025,Q3,436,96713
TGT-2025Q3-REP020-CARD03,REP-020,PRD-CARD-03,2025,Q3,40,21659
TGT-2025Q3-REP020-DIAB02,REP-020,PRD-DIAB-02,2025,Q3,494,189262
TGT-2025Q3-REP020-RESP01,REP-020,PRD-RESP-01,2025,Q3,234,27501
TGT-2025Q3-REP020-GI03,REP-020,PRD-GI-03,2025,Q3,54,23235
TGT-2025Q3-REP020-GI01,REP-020,PRD-GI-01,2025,Q3,244,17219
TGT-2024Q1-REP021-CARD01,REP-021,PRD-CARD-01,2024,Q1,528,144788
TGT-2024Q1-REP021-DIAB01,REP-021,PRD-DIAB-01,2024,Q1,564,53397
TGT-2024Q1-REP021-CARD03,REP-021,PRD-CARD-03,2024,Q1,574,143314
TGT-2024Q1-REP021-RESP01,REP-021,PRD-RESP-01,2024,Q1,362,42996
TGT-2024Q1-REP021-GI02,REP-021,PRD-GI-02,2024,Q1,373,65225
TGT-2024Q1-REP021-GI01,REP-021,PRD-GI-01,2024,Q1,448,31929
TGT-2024Q2-REP021-CARD01,REP-021,PRD-CARD-01,2024,Q2,528,144788
TGT-2024Q2-REP021-DIAB01,REP-021,PRD-DIAB-01,2024,Q2,564,53397
TGT-2024Q2-REP021-CARD03,REP-021,PRD-CARD-03,2024,Q2,574,143314
TGT-2024Q2-REP021-RESP01,REP-021,PRD-RESP-01,2024,Q2,362,42996
TGT-2024Q2-REP021-GI02,REP-021,PRD-GI-02,2024,Q2,373,65225
TGT-2024Q2-REP021-GI01,REP-021,PRD-GI-01,2024,Q2,448,31929
TGT-2024Q3-REP021-CARD01,REP-021,PRD-CARD-01,2024,Q3,528,144788
TGT-2024Q3-REP021-DIAB01,REP-021,PRD-DIAB-01,2024,Q3,564,53397
TGT-2024Q3-REP021-CARD03,REP-021,PRD-CARD-03,2024,Q3,574,143314
TGT-2024Q3-REP021-RESP01,REP-021,PRD-RESP-01,2024,Q3,362,42996
TGT-2024Q3-REP021-GI02,REP-021,PRD-GI-02,2024,Q3,373,65225
TGT-2024Q3-REP021-GI01,REP-021,PRD-GI-01,2024,Q3,448,31929
TGT-2024Q4-REP021-CARD01,REP-021,PRD-CARD-01,2024,Q4,528,144788
TGT-2024Q4-REP021-DIAB01,REP-021,PRD-DIAB-01,2024,Q4,564,53397
TGT-2024Q4-REP021-CARD03,REP-021,PRD-CARD-03,2024,Q4,574,143314
TGT-2024Q4-REP021-RESP01,REP-021,PRD-RESP-01,2024,Q4,362,42996
TGT-2024Q4-REP021-GI02,REP-021,PRD-GI-02,2024,Q4,373,65225
TGT-2024Q4-REP021-GI01,REP-021,PRD-GI-01,2024,Q4,448,31929
TGT-2025Q1-REP021-CARD01,REP-021,PRD-CARD-01,2025,Q1,528,145551
TGT-2025Q1-REP021-DIAB01,REP-021,PRD-DIAB-01,2025,Q1,453,43456
TGT-2025Q1-REP021-CARD03,REP-021,PRD-CARD-03,2025,Q1,84,45410
TGT-2025Q1-REP021-RESP01,REP-021,PRD-RESP-01,2025,Q1,320,37754
TGT-2025Q1-REP021-GI02,REP-021,PRD-GI-02,2025,Q1,259,45165
TGT-2025Q1-REP021-GI01,REP-021,PRD-GI-01,2025,Q1,222,15591
TGT-2025Q2-REP021-CARD01,REP-021,PRD-CARD-01,2025,Q2,528,145551
TGT-2025Q2-REP021-DIAB01,REP-021,PRD-DIAB-01,2025,Q2,453,43456
TGT-2025Q2-REP021-CARD03,REP-021,PRD-CARD-03,2025,Q2,84,45410
TGT-2025Q2-REP021-RESP01,REP-021,PRD-RESP-01,2025,Q2,320,37754
TGT-2025Q2-REP021-GI02,REP-021,PRD-GI-02,2025,Q2,259,45165
TGT-2025Q2-REP021-GI01,REP-021,PRD-GI-01,2025,Q2,222,15591
TGT-2024Q1-REP022-RESP01,REP-022,PRD-RESP-01,2024,Q1,234,28037
TGT-2024Q1-REP022-CARD03,REP-022,PRD-CARD-03,2024,Q1,589,147086
TGT-2024Q1-REP022-CARD02,REP-022,PRD-CARD-02,2024,Q1,423,93281
TGT-2024Q1-REP022-DIAB01,REP-022,PRD-DIAB-01,2024,Q1,630,59089
TGT-2024Q1-REP022-GI01,REP-022,PRD-GI-01,2024,Q1,428,30352
TGT-2024Q1-REP022-GI03,REP-022,PRD-GI-03,2024,Q1,427,51657
TGT-2024Q2-REP022-RESP01,REP-022,PRD-RESP-01,2024,Q2,234,28037
TGT-2024Q2-REP022-CARD03,REP-022,PRD-CARD-03,2024,Q2,589,147086
TGT-2024Q2-REP022-CARD02,REP-022,PRD-CARD-02,2024,Q2,423,93281
TGT-2024Q2-REP022-DIAB01,REP-022,PRD-DIAB-01,2024,Q2,630,59089
TGT-2024Q2-REP022-GI01,REP-022,PRD-GI-01,2024,Q2,428,30352
TGT-2024Q2-REP022-GI03,REP-022,PRD-GI-03,2024,Q2,427,51657
TGT-2024Q3-REP022-RESP01,REP-022,PRD-RESP-01,2024,Q3,234,28037
TGT-2024Q3-REP022-CARD03,REP-022,PRD-CARD-03,2024,Q3,589,147086
TGT-2024Q3-REP022-CARD02,REP-022,PRD-CARD-02,2024,Q3,423,93281
TGT-2024Q3-REP022-DIAB01,REP-022,PRD-DIAB-01,2024,Q3,630,59089
TGT-2024Q3-REP022-GI01,REP-022,PRD-GI-01,2024,Q3,428,30352
TGT-2024Q3-REP022-GI03,REP-022,PRD-GI-03,2024,Q3,427,51657
TGT-2024Q4-REP022-RESP01,REP-022,PRD-RESP-01,2024,Q4,234,28037
TGT-2024Q4-REP022-CARD03,REP-022,PRD-CARD-03,2024,Q4,589,147086
TGT-2024Q4-REP022-CARD02,REP-022,PRD-CARD-02,2024,Q4,423,93281
TGT-2024Q4-REP022-DIAB01,REP-022,PRD-DIAB-01,2024,Q4,630,59089
TGT-2024Q4-REP022-GI01,REP-022,PRD-GI-01,2024,Q4,428,30352
TGT-2024Q4-REP022-GI03,REP-022,PRD-GI-03,2024,Q4,427,51657
TGT-2025Q1-REP022-RESP01,REP-022,PRD-RESP-01,2025,Q1,378,45001
TGT-2025Q1-REP022-CARD03,REP-022,PRD-CARD-03,2025,Q1,65,36032
TGT-2025Q1-REP022-CARD02,REP-022,PRD-CARD-02,2025,Q1,408,90241
TGT-2025Q1-REP022-DIAB01,REP-022,PRD-DIAB-01,2025,Q1,329,31138
TGT-2025Q1-REP022-GI01,REP-022,PRD-GI-01,2025,Q1,411,29116
TGT-2025Q1-REP022-GI03,REP-022,PRD-GI-03,2025,Q1,44,18867
TGT-2025Q2-REP022-RESP01,REP-022,PRD-RESP-01,2025,Q2,378,45001
TGT-2025Q2-REP022-CARD03,REP-022,PRD-CARD-03,2025,Q2,65,36032
TGT-2025Q2-REP022-CARD02,REP-022,PRD-CARD-02,2025,Q2,408,90241
TGT-2025Q2-REP022-DIAB01,REP-022,PRD-DIAB-01,2025,Q2,329,31138
TGT-2025Q2-REP022-GI01,REP-022,PRD-GI-01,2025,Q2,411,29116
TGT-2025Q2-REP022-GI03,REP-022,PRD-GI-03,2025,Q2,44,18867
TGT-2025Q3-REP022-RESP01,REP-022,PRD-RESP-01,2025,Q3,378,45001
TGT-2025Q3-REP022-CARD03,REP-022,PRD-CARD-03,2025,Q3,65,36032
TGT-2025Q3-REP022-CARD02,REP-022,PRD-CARD-02,2025,Q3,408,90241
TGT-2025Q3-REP022-DIAB01,REP-022,PRD-DIAB-01,2025,Q3,329,31138
TGT-2025Q3-REP022-GI01,REP-022,PRD-GI-01,2025,Q3,411,29116
TGT-2025Q3-REP022-GI03,REP-022,PRD-GI-03,2025,Q3,44,18867
TGT-2025Q4-REP022-RESP01,REP-022,PRD-RESP-01,2025,Q4,378,45001
TGT-2025Q4-REP022-CARD03,REP-022,PRD-CARD-03,2025,Q4,65,36032
TGT-2025Q4-REP022-CARD02,REP-022,PRD-CARD-02,2025,Q4,408,90241
TGT-2025Q4-REP022-DIAB01,REP-022,PRD-DIAB-01,2025,Q4,329,31138
TGT-2025Q4-REP022-GI01,REP-022,PRD-GI-01,2025,Q4,411,29116
TGT-2025Q4-REP022-GI03,REP-022,PRD-GI-03,2025,Q4,44,18867
TGT-2024Q3-REP023-RESP03,REP-023,PRD-RESP-03,2024,Q3,364,68265
TGT-2024Q3-REP023-RESP02,REP-023,PRD-RESP-02,2024,Q3,364,68265
TGT-2024Q3-REP023-DIAB03,REP-023,PRD-DIAB-03,2024,Q3,566,134661
TGT-2024Q3-REP023-RESP01,REP-023,PRD-RESP-01,2024,Q3,364,68265
TGT-2024Q3-REP023-GI02,REP-023,PRD-GI-02,2024,Q3,402,48567
TGT-2024Q3-REP023-GI01,REP-023,PRD-GI-01,2024,Q3,402,48567
TGT-2024Q4-REP023-RESP03,REP-023,PRD-RESP-03,2024,Q4,364,68265
TGT-2024Q4-REP023-RESP02,REP-023,PRD-RESP-02,2024,Q4,364,68265
TGT-2024Q4-REP023-DIAB03,REP-023,PRD-DIAB-03,2024,Q4,566,134661
TGT-2024Q4-REP023-RESP01,REP-023,PRD-RESP-01,2024,Q4,364,68265
TGT-2024Q4-REP023-GI02,REP-023,PRD-GI-02,2024,Q4,402,48567
TGT-2024Q4-REP023-GI01,REP-023,PRD-GI-01,2024,Q4,402,48567
TGT-2025Q1-REP023-RESP03,REP-023,PRD-RESP-03,2025,Q1,293,54499
TGT-2025Q1-REP023-RESP02,REP-023,PRD-RESP-02,2025,Q1,67,16445
TGT-2025Q1-REP023-DIAB03,REP-023,PRD-DIAB-03,2025,Q1,10,3190
TGT-2025Q1-REP023-RESP01,REP-023,PRD-RESP-01,2025,Q1,163,19428
TGT-2025Q1-REP023-GI02,REP-023,PRD-GI-02,2025,Q1,148,26149
TGT-2025Q1-REP023-GI01,REP-023,PRD-GI-01,2025,Q1,23,1626
TGT-2025Q2-REP023-RESP03,REP-023,PRD-RESP-03,2025,Q2,293,54499
TGT-2025Q2-REP023-RESP02,REP-023,PRD-RESP-02,2025,Q2,67,16445
TGT-2025Q2-REP023-DIAB03,REP-023,PRD-DIAB-03,2025,Q2,10,3190
TGT-2025Q2-REP023-RESP01,REP-023,PRD-RESP-01,2025,Q2,163,19428
TGT-2025Q2-REP023-GI02,REP-023,PRD-GI-02,2025,Q2,148,26149
TGT-2025Q2-REP023-GI01,REP-023,PRD-GI-01,2025,Q2,23,1626
TGT-2024Q1-REP024-DIAB01,REP-024,PRD-DIAB-01,2024,Q1,200,18973
TGT-2024Q1-REP024-DIAB03,REP-024,PRD-DIAB-03,2024,Q1,504,119971
TGT-2024Q1-REP024-GI01,REP-024,PRD-GI-01,2024,Q1,78,5614
TGT-2024Q1-REP024-CARD03,REP-024,PRD-CARD-03,2024,Q1,493,123200
TGT-2024Q1-REP024-RESP03,REP-024,PRD-RESP-03,2024,Q1,324,60818
TGT-2024Q1-REP024-RESP01,REP-024,PRD-RESP-01,2024,Q1,92,10699
TGT-2024Q2-REP024-DIAB01,REP-024,PRD-DIAB-01,2024,Q2,200,18973
TGT-2024Q2-REP024-DIAB03,REP-024,PRD-DIAB-03,2024,Q2,504,119971
TGT-2024Q2-REP024-GI01,REP-024,PRD-GI-01,2024,Q2,78,5614
TGT-2024Q2-REP024-CARD03,REP-024,PRD-CARD-03,2024,Q2,493,123200
TGT-2024Q2-REP024-RESP03,REP-024,PRD-RESP-03,2024,Q2,324,60818
TGT-2024Q2-REP024-RESP01,REP-024,PRD-RESP-01,2024,Q2,92,10699
TGT-2024Q3-REP024-DIAB01,REP-024,PRD-DIAB-01,2024,Q3,200,18973
TGT-2024Q3-REP024-DIAB03,REP-024,PRD-DIAB-03,2024,Q3,504,119971
TGT-2024Q3-REP024-GI01,REP-024,PRD-GI-01,2024,Q3,78,5614
TGT-2024Q3-REP024-CARD03,REP-024,PRD-CARD-03,2024,Q3,493,123200
TGT-2024Q3-REP024-RESP03,REP-024,PRD-RESP-03,2024,Q3,324,60818
TGT-2024Q3-REP024-RESP01,REP-024,PRD-RESP-01,2024,Q3,92,10699
TGT-2024Q4-REP024-DIAB01,REP-024,PRD-DIAB-01,2024,Q4,200,18973
TGT-2024Q4-REP024-DIAB03,REP-024,PRD-DIAB-03,2024,Q4,504,119971
TGT-2024Q4-REP024-GI01,REP-024,PRD-GI-01,2024,Q4,78,5614
TGT-2024Q4-REP024-CARD03,REP-024,PRD-CARD-03,2024,Q4,493,123200
TGT-2024Q4-REP024-RESP03,REP-024,PRD-RESP-03,2024,Q4,324,60818
TGT-2024Q4-REP024-RESP01,REP-024,PRD-RESP-01,2024,Q4,92,10699
TGT-2025Q1-REP024-DIAB01,REP-024,PRD-DIAB-01,2025,Q1,603,57382
TGT-2025Q1-REP024-DIAB03,REP-024,PRD-DIAB-03,2025,Q1,10,3240
TGT-2025Q1-REP024-GI01,REP-024,PRD-GI-01,2025,Q1,212,15088
TGT-2025Q1-REP024-CARD03,REP-024,PRD-CARD-03,2025,Q1,63,34330
TGT-2025Q1-REP024-RESP03,REP-024,PRD-RESP-03,2025,Q1,261,48554
TGT-2025Q1-REP024-RESP01,REP-024,PRD-RESP-01,2025,Q1,318,37749
TGT-2025Q2-REP024-DIAB01,REP-024,PRD-DIAB-01,2025,Q2,603,57382
TGT-2025Q2-REP024-DIAB03,REP-024,PRD-DIAB-03,2025,Q2,10,3240
TGT-2025Q2-REP024-GI01,REP-024,PRD-GI-01,2025,Q2,212,15088
TGT-2025Q2-REP024-CARD03,REP-024,PRD-CARD-03,2025,Q2,63,34330
TGT-2025Q2-REP024-RESP03,REP-024,PRD-RESP-03,2025,Q2,261,48554
TGT-2025Q2-REP024-RESP01,REP-024,PRD-RESP-01,2025,Q2,318,37749
TGT-2025Q3-REP024-DIAB01,REP-024,PRD-DIAB-01,2025,Q3,603,57382
TGT-2025Q3-REP024-DIAB03,REP-024,PRD-DIAB-03,2025,Q3,10,3240
TGT-2025Q3-REP024-GI01,REP-024,PRD-GI-01,2025,Q3,212,15088
TGT-2025Q3-REP024-CARD03,REP-024,PRD-CARD-03,2025,Q3,63,34330
TGT-2025Q3-REP024-RESP03,REP-024,PRD-RESP-03,2025,Q3,261,48554
TGT-2025Q3-REP024-RESP01,REP-024,PRD-RESP-01,2025,Q3,318,37749
TGT-2025Q4-REP024-DIAB01,REP-024,PRD-DIAB-01,2025,Q4,603,57382
TGT-2025Q4-REP024-DIAB03,REP-024,PRD-DIAB-03,2025,Q4,10,3240
TGT-2025Q4-REP024-GI01,REP-024,PRD-GI-01,2025,Q4,212,15088
TGT-2025Q4-REP024-CARD03,REP-024,PRD-CARD-03,2025,Q4,63,34330
TGT-2025Q4-REP024-RESP03,REP-024,PRD-RESP-03,2025,Q4,261,48554
TGT-2025Q4-REP024-RESP01,REP-024,PRD-RESP-01,2025,Q4,318,37749
TGT-2024Q1-REP025-GI03,REP-025,PRD-GI-03,2024,Q1,358,43268
TGT-2024Q1-REP025-GI01,REP-025,PRD-GI-01,2024,Q1,471,33101
TGT-2024Q1-REP025-DIAB03,REP-025,PRD-DIAB-03,2024,Q1,504,119971
TGT-2024Q1-REP025-CARD01,REP-025,PRD-CARD-01,2024,Q1,499,138676
TGT-2024Q1-REP025-RESP01,REP-025,PRD-RESP-01,2024,Q1,232,27462
TGT-2024Q1-REP025-RESP02,REP-025,PRD-RESP-02,2024,Q1,306,77360
TGT-2024Q2-REP025-GI03,REP-025,PRD-GI-03,2024,Q2,358,43268
TGT-2024Q2-REP025-GI01,REP-025,PRD-GI-01,2024,Q2,471,33101
TGT-2024Q2-REP025-DIAB03,REP-025,PRD-DIAB-03,2024,Q2,504,119971
TGT-2024Q2-REP025-CARD01,REP-025,PRD-CARD-01,2024,Q2,499,138676
TGT-2024Q2-REP025-RESP01,REP-025,PRD-RESP-01,2024,Q2,232,27462
TGT-2024Q2-REP025-RESP02,REP-025,PRD-RESP-02,2024,Q2,306,77360
TGT-2024Q3-REP025-GI03,REP-025,PRD-GI-03,2024,Q3,358,43268
TGT-2024Q3-REP025-GI01,REP-025,PRD-GI-01,2024,Q3,471,33101
TGT-2024Q3-REP025-DIAB03,REP-025,PRD-DIAB-03,2024,Q3,504,119971
TGT-2024Q3-REP025-CARD01,REP-025,PRD-CARD-01,2024,Q3,499,138676
TGT-2024Q3-REP025-RESP01,REP-025,PRD-RESP-01,2024,Q3,232,27462
TGT-2024Q3-REP025-RESP02,REP-025,PRD-RESP-02,2024,Q3,306,77360
TGT-2024Q4-REP025-GI03,REP-025,PRD-GI-03,2024,Q4,358,43268
TGT-2024Q4-REP025-GI01,REP-025,PRD-GI-01,2024,Q4,471,33101
TGT-2024Q4-REP025-DIAB03,REP-025,PRD-DIAB-03,2024,Q4,504,119971
TGT-2024Q4-REP025-CARD01,REP-025,PRD-CARD-01,2024,Q4,499,138676
TGT-2024Q4-REP025-RESP01,REP-025,PRD-RESP-01,2024,Q4,232,27462
TGT-2024Q4-REP025-RESP02,REP-025,PRD-RESP-02,2024,Q4,306,77360
TGT-2025Q1-REP025-GI03,REP-025,PRD-GI-03,2025,Q1,50,21912
TGT-2025Q1-REP025-GI01,REP-025,PRD-GI-01,2025,Q1,247,17637
TGT-2025Q1-REP025-DIAB03,REP-025,PRD-DIAB-03,2025,Q1,10,5089
TGT-2025Q1-REP025-CARD01,REP-025,PRD-CARD-01,2025,Q1,345,94393
TGT-2025Q1-REP025-RESP01,REP-025,PRD-RESP-01,2025,Q1,188,22288
TGT-2025Q1-REP025-RESP02,REP-025,PRD-RESP-02,2025,Q1,194,49733
TGT-2025Q2-REP025-GI03,REP-025,PRD-GI-03,2025,Q2,50,21912
TGT-2025Q2-REP025-GI01,REP-025,PRD-GI-01,2025,Q2,247,17637
TGT-2025Q2-REP025-DIAB03,REP-025,PRD-DIAB-03,2025,Q2,10,5089
TGT-2025Q2-REP025-CARD01,REP-025,PRD-CARD-01,2025,Q2,345,94393
TGT-2025Q2-REP025-RESP01,REP-025,PRD-RESP-01,2025,Q2,188,22288
TGT-2025Q2-REP025-RESP02,REP-025,PRD-RESP-02,2025,Q2,194,49733
TGT-2025Q3-REP025-GI03,REP-025,PRD-GI-03,2025,Q3,50,21912
TGT-2025Q3-REP025-GI01,REP-025,PRD-GI-01,2025,Q3,247,17637
TGT-2025Q3-REP025-DIAB03,REP-025,PRD-DIAB-03,2025,Q3,10,5089
TGT-2025Q3-REP025-CARD01,REP-025,PRD-CARD-01,2025,Q3,345,94393
TGT-2025Q3-REP025-RESP01,REP-025,PRD-RESP-01,2025,Q3,188,22288
TGT-2025Q3-REP025-RESP02,REP-025,PRD-RESP-02,2025,Q3,194,49733
TGT-2025Q4-REP025-GI03,REP-025,PRD-GI-03,2025,Q4,50,21912
TGT-2025Q4-REP025-GI01,REP-025,PRD-GI-01,2025,Q4,247,17637
TGT-2025Q4-REP025-DIAB03,REP-025,PRD-DIAB-03,2025,Q4,10,5089
TGT-2025Q4-REP025-CARD01,REP-025,PRD-CARD-01,2025,Q4,345,94393
TGT-2025Q4-REP025-RESP01,REP-025,PRD-RESP-01,2025,Q4,188,22288
TGT-2025Q4-REP025-RESP02,REP-025,PRD-RESP-02,2025,Q4,194,49733
TGT-2024Q2-REP026-CARD02,REP-026,PRD-CARD-02,2024,Q2,508,126971
TGT-2024Q2-REP026-GI01,REP-026,PRD-GI-01,2024,Q2,369,44593
TGT-2024Q2-REP026-CARD03,REP-026,PRD-CARD-03,2024,Q2,508,126971
TGT-2024Q2-REP026-GI03,REP-026,PRD-GI-03,2024,Q2,369,44593
TGT-2024Q2-REP026-RESP01,REP-026,PRD-RESP-01,2024,Q2,334,62680
TGT-2024Q2-REP026-RESP02,REP-026,PRD-RESP-02,2024,Q2,334,62680
TGT-2024Q3-REP026-CARD02,REP-026,PRD-CARD-02,2024,Q3,508,126971
TGT-2024Q3-REP026-GI01,REP-026,PRD-GI-01,2024,Q3,369,44593
TGT-2024Q3-REP026-CARD03,REP-026,PRD-CARD-03,2024,Q3,508,126971
TGT-2024Q3-REP026-GI03,REP-026,PRD-GI-03,2024,Q3,369,44593
TGT-2024Q3-REP026-RESP01,REP-026,PRD-RESP-01,2024,Q3,334,62680
TGT-2024Q3-REP026-RESP02,REP-026,PRD-RESP-02,2024,Q3,334,62680
TGT-2024Q4-REP026-CARD02,REP-026,PRD-CARD-02,2024,Q4,508,126971
TGT-2024Q4-REP026-GI01,REP-026,PRD-GI-01,2024,Q4,369,44593
TGT-2024Q4-REP026-CARD03,REP-026,PRD-CARD-03,2024,Q4,508,126971
TGT-2024Q4-REP026-GI03,REP-026,PRD-GI-03,2024,Q4,369,44593
TGT-2024Q4-REP026-RESP01,REP-026,PRD-RESP-01,2024,Q4,334,62680
TGT-2024Q4-REP026-RESP02,REP-026,PRD-RESP-02,2024,Q4,334,62680
TGT-2025Q1-REP026-CARD02,REP-026,PRD-CARD-02,2025,Q1,247,54865
TGT-2025Q1-REP026-GI01,REP-026,PRD-GI-01,2025,Q1,191,13404
TGT-2025Q1-REP026-CARD03,REP-026,PRD-CARD-03,2025,Q1,70,38245
TGT-2025Q1-REP026-GI03,REP-026,PRD-GI-03,2025,Q1,63,26817
TGT-2025Q1-REP026-RESP01,REP-026,PRD-RESP-01,2025,Q1,257,30705
TGT-2025Q1-REP026-RESP02,REP-026,PRD-RESP-02,2025,Q1,227,57472
TGT-2025Q2-REP026-CARD02,REP-026,PRD-CARD-02,2025,Q2,247,54865
TGT-2025Q2-REP026-GI01,REP-026,PRD-GI-01,2025,Q2,191,13404
TGT-2025Q2-REP026-CARD03,REP-026,PRD-CARD-03,2025,Q2,70,38245
TGT-2025Q2-REP026-GI03,REP-026,PRD-GI-03,2025,Q2,63,26817
TGT-2025Q2-REP026-RESP01,REP-026,PRD-RESP-01,2025,Q2,257,30705
TGT-2025Q2-REP026-RESP02,REP-026,PRD-RESP-02,2025,Q2,227,57472
TGT-2025Q3-REP026-CARD02,REP-026,PRD-CARD-02,2025,Q3,247,54865
TGT-2025Q3-REP026-GI01,REP-026,PRD-GI-01,2025,Q3,191,13404
TGT-2025Q3-REP026-CARD03,REP-026,PRD-CARD-03,2025,Q3,70,38245
TGT-2025Q3-REP026-GI03,REP-026,PRD-GI-03,2025,Q3,63,26817
TGT-2025Q3-REP026-RESP01,REP-026,PRD-RESP-01,2025,Q3,257,30705
TGT-2025Q3-REP026-RESP02,REP-026,PRD-RESP-02,2025,Q3,227,57472
TGT-2025Q4-REP026-CARD02,REP-026,PRD-CARD-02,2025,Q4,247,54865
TGT-2025Q4-REP026-GI01,REP-026,PRD-GI-01,2025,Q4,191,13404
TGT-2025Q4-REP026-CARD03,REP-026,PRD-CARD-03,2025,Q4,70,38245
TGT-2025Q4-REP026-GI03,REP-026,PRD-GI-03,2025,Q4,63,26817
TGT-2025Q4-REP026-RESP01,REP-026,PRD-RESP-01,2025,Q4,257,30705
TGT-2025Q4-REP026-RESP02,REP-026,PRD-RESP-02,2025,Q4,227,57472
TGT-2026Q1-REP026-CARD02,REP-026,PRD-CARD-02,2026,Q1,388,86031
TGT-2026Q1-REP026-GI01,REP-026,PRD-GI-01,2026,Q1,154,11098
TGT-2026Q1-REP026-CARD03,REP-026,PRD-CARD-03,2026,Q1,258,139438
TGT-2026Q1-REP026-GI03,REP-026,PRD-GI-03,2026,Q1,278,118451
TGT-2026Q1-REP026-RESP01,REP-026,PRD-RESP-01,2026,Q1,202,23490
TGT-2026Q1-REP026-RESP02,REP-026,PRD-RESP-02,2026,Q1,192,48749
TGT-2024Q1-REP027-GI01,REP-027,PRD-GI-01,2024,Q1,514,36613
TGT-2024Q1-REP027-CARD01,REP-027,PRD-CARD-01,2024,Q1,884,243486
TGT-2024Q1-REP027-GI02,REP-027,PRD-GI-02,2024,Q1,477,83978
TGT-2024Q1-REP027-CARD02,REP-027,PRD-CARD-02,2024,Q1,457,100785
TGT-2024Q1-REP027-RESP03,REP-027,PRD-RESP-03,2024,Q1,374,70127
TGT-2024Q1-REP027-RESP02,REP-027,PRD-RESP-02,2024,Q1,727,184142
TGT-2024Q2-REP027-GI01,REP-027,PRD-GI-01,2024,Q2,514,36613
TGT-2024Q2-REP027-CARD01,REP-027,PRD-CARD-01,2024,Q2,884,243486
TGT-2024Q2-REP027-GI02,REP-027,PRD-GI-02,2024,Q2,477,83978
TGT-2024Q2-REP027-CARD02,REP-027,PRD-CARD-02,2024,Q2,457,100785
TGT-2024Q2-REP027-RESP03,REP-027,PRD-RESP-03,2024,Q2,374,70127
TGT-2024Q2-REP027-RESP02,REP-027,PRD-RESP-02,2024,Q2,727,184142
TGT-2024Q3-REP027-GI01,REP-027,PRD-GI-01,2024,Q3,514,36613
TGT-2024Q3-REP027-CARD01,REP-027,PRD-CARD-01,2024,Q3,884,243486
TGT-2024Q3-REP027-GI02,REP-027,PRD-GI-02,2024,Q3,477,83978
TGT-2024Q3-REP027-CARD02,REP-027,PRD-CARD-02,2024,Q3,457,100785
TGT-2024Q3-REP027-RESP03,REP-027,PRD-RESP-03,2024,Q3,374,70127
TGT-2024Q3-REP027-RESP02,REP-027,PRD-RESP-02,2024,Q3,727,184142
TGT-2024Q4-REP027-GI01,REP-027,PRD-GI-01,2024,Q4,514,36613
TGT-2024Q4-REP027-CARD01,REP-027,PRD-CARD-01,2024,Q4,884,243486
TGT-2024Q4-REP027-GI02,REP-027,PRD-GI-02,2024,Q4,477,83978
TGT-2024Q4-REP027-CARD02,REP-027,PRD-CARD-02,2024,Q4,457,100785
TGT-2024Q4-REP027-RESP03,REP-027,PRD-RESP-03,2024,Q4,374,70127
TGT-2024Q4-REP027-RESP02,REP-027,PRD-RESP-02,2024,Q4,727,184142
TGT-2025Q1-REP027-GI01,REP-027,PRD-GI-01,2025,Q1,343,24159
TGT-2025Q1-REP027-CARD01,REP-027,PRD-CARD-01,2025,Q1,445,122103
TGT-2025Q1-REP027-GI02,REP-027,PRD-GI-02,2025,Q1,395,68716
TGT-2025Q1-REP027-CARD02,REP-027,PRD-CARD-02,2025,Q1,298,65678
TGT-2025Q1-REP027-RESP03,REP-027,PRD-RESP-03,2025,Q1,301,55986
TGT-2025Q1-REP027-RESP02,REP-027,PRD-RESP-02,2025,Q1,494,126438
TGT-2025Q2-REP027-GI01,REP-027,PRD-GI-01,2025,Q2,343,24159
TGT-2025Q2-REP027-CARD01,REP-027,PRD-CARD-01,2025,Q2,445,122103
TGT-2025Q2-REP027-GI02,REP-027,PRD-GI-02,2025,Q2,395,68716
TGT-2025Q2-REP027-CARD02,REP-027,PRD-CARD-02,2025,Q2,298,65678
TGT-2025Q2-REP027-RESP03,REP-027,PRD-RESP-03,2025,Q2,301,55986
TGT-2025Q2-REP027-RESP02,REP-027,PRD-RESP-02,2025,Q2,494,126438
TGT-2025Q3-REP027-GI01,REP-027,PRD-GI-01,2025,Q3,343,24159
TGT-2025Q3-REP027-CARD01,REP-027,PRD-CARD-01,2025,Q3,445,122103
TGT-2025Q3-REP027-GI02,REP-027,PRD-GI-02,2025,Q3,395,68716
TGT-2025Q3-REP027-CARD02,REP-027,PRD-CARD-02,2025,Q3,298,65678
TGT-2025Q3-REP027-RESP03,REP-027,PRD-RESP-03,2025,Q3,301,55986
TGT-2025Q3-REP027-RESP02,REP-027,PRD-RESP-02,2025,Q3,494,126438
TGT-2025Q4-REP027-GI01,REP-027,PRD-GI-01,2025,Q4,343,24159
TGT-2025Q4-REP027-CARD01,REP-027,PRD-CARD-01,2025,Q4,445,122103
TGT-2025Q4-REP027-GI02,REP-027,PRD-GI-02,2025,Q4,395,68716
TGT-2025Q4-REP027-CARD02,REP-027,PRD-CARD-02,2025,Q4,298,65678
TGT-2025Q4-REP027-RESP03,REP-027,PRD-RESP-03,2025,Q4,301,55986
TGT-2025Q4-REP027-RESP02,REP-027,PRD-RESP-02,2025,Q4,494,126438
TGT-2024Q1-REP028-DIAB01,REP-028,PRD-DIAB-01,2024,Q1,717,67493
TGT-2024Q1-REP028-CARD02,REP-028,PRD-CARD-02,2024,Q1,516,114746
TGT-2024Q1-REP028-GI02,REP-028,PRD-GI-02,2024,Q1,454,78813
TGT-2024Q1-REP028-GI03,REP-028,PRD-GI-03,2024,Q1,416,50333
TGT-2024Q1-REP028-RESP03,REP-028,PRD-RESP-03,2024,Q1,377,70748
TGT-2024Q1-REP028-RESP01,REP-028,PRD-RESP-01,2024,Q1,274,32431
TGT-2024Q2-REP028-DIAB01,REP-028,PRD-DIAB-01,2024,Q2,717,67493
TGT-2024Q2-REP028-CARD02,REP-028,PRD-CARD-02,2024,Q2,516,114746
TGT-2024Q2-REP028-GI02,REP-028,PRD-GI-02,2024,Q2,454,78813
TGT-2024Q2-REP028-GI03,REP-028,PRD-GI-03,2024,Q2,416,50333
TGT-2024Q2-REP028-RESP03,REP-028,PRD-RESP-03,2024,Q2,377,70748
TGT-2024Q2-REP028-RESP01,REP-028,PRD-RESP-01,2024,Q2,274,32431
TGT-2024Q3-REP028-DIAB01,REP-028,PRD-DIAB-01,2024,Q3,717,67493
TGT-2024Q3-REP028-CARD02,REP-028,PRD-CARD-02,2024,Q3,516,114746
TGT-2024Q3-REP028-GI02,REP-028,PRD-GI-02,2024,Q3,454,78813
TGT-2024Q3-REP028-GI03,REP-028,PRD-GI-03,2024,Q3,416,50333
TGT-2024Q3-REP028-RESP03,REP-028,PRD-RESP-03,2024,Q3,377,70748
TGT-2024Q3-REP028-RESP01,REP-028,PRD-RESP-01,2024,Q3,274,32431
TGT-2024Q1-REP029-GI01,REP-029,PRD-GI-01,2024,Q1,181,13073
TGT-2024Q1-REP029-CARD02,REP-029,PRD-CARD-02,2024,Q1,241,53584
TGT-2024Q1-REP029-GI02,REP-029,PRD-GI-02,2024,Q1,183,31552
TGT-2024Q1-REP029-DIAB02,REP-029,PRD-DIAB-02,2024,Q1,212,80306
TGT-2024Q1-REP029-RESP03,REP-029,PRD-RESP-03,2024,Q1,334,62680
TGT-2024Q1-REP029-RESP02,REP-029,PRD-RESP-02,2024,Q1,189,47937
TGT-2024Q2-REP029-GI01,REP-029,PRD-GI-01,2024,Q2,181,13073
TGT-2024Q2-REP029-CARD02,REP-029,PRD-CARD-02,2024,Q2,241,53584
TGT-2024Q2-REP029-GI02,REP-029,PRD-GI-02,2024,Q2,183,31552
TGT-2024Q2-REP029-DIAB02,REP-029,PRD-DIAB-02,2024,Q2,212,80306
TGT-2024Q2-REP029-RESP03,REP-029,PRD-RESP-03,2024,Q2,334,62680
TGT-2024Q2-REP029-RESP02,REP-029,PRD-RESP-02,2024,Q2,189,47937
TGT-2024Q3-REP029-GI01,REP-029,PRD-GI-01,2024,Q3,181,13073
TGT-2024Q3-REP029-CARD02,REP-029,PRD-CARD-02,2024,Q3,241,53584
TGT-2024Q3-REP029-GI02,REP-029,PRD-GI-02,2024,Q3,183,31552
TGT-2024Q3-REP029-DIAB02,REP-029,PRD-DIAB-02,2024,Q3,212,80306
TGT-2024Q3-REP029-RESP03,REP-029,PRD-RESP-03,2024,Q3,334,62680
TGT-2024Q3-REP029-RESP02,REP-029,PRD-RESP-02,2024,Q3,189,47937
TGT-2024Q4-REP029-GI01,REP-029,PRD-GI-01,2024,Q4,181,13073
TGT-2024Q4-REP029-CARD02,REP-029,PRD-CARD-02,2024,Q4,241,53584
TGT-2024Q4-REP029-GI02,REP-029,PRD-GI-02,2024,Q4,183,31552
TGT-2024Q4-REP029-DIAB02,REP-029,PRD-DIAB-02,2024,Q4,212,80306
TGT-2024Q4-REP029-RESP03,REP-029,PRD-RESP-03,2024,Q4,334,62680
TGT-2024Q4-REP029-RESP02,REP-029,PRD-RESP-02,2024,Q4,189,47937
TGT-2025Q1-REP029-GI01,REP-029,PRD-GI-01,2025,Q1,446,31267
TGT-2025Q1-REP029-CARD02,REP-029,PRD-CARD-02,2025,Q1,392,87230
TGT-2025Q1-REP029-GI02,REP-029,PRD-GI-02,2025,Q1,258,44382
TGT-2025Q1-REP029-DIAB02,REP-029,PRD-DIAB-02,2025,Q1,364,139100
TGT-2025Q1-REP029-RESP03,REP-029,PRD-RESP-03,2025,Q1,269,50040
TGT-2025Q1-REP029-RESP02,REP-029,PRD-RESP-02,2025,Q1,271,69430
TGT-2025Q2-REP029-GI01,REP-029,PRD-GI-01,2025,Q2,446,31267
TGT-2025Q2-REP029-CARD02,REP-029,PRD-CARD-02,2025,Q2,392,87230
TGT-2025Q2-REP029-GI02,REP-029,PRD-GI-02,2025,Q2,258,44382
TGT-2025Q2-REP029-DIAB02,REP-029,PRD-DIAB-02,2025,Q2,364,139100
TGT-2025Q2-REP029-RESP03,REP-029,PRD-RESP-03,2025,Q2,269,50040
TGT-2025Q2-REP029-RESP02,REP-029,PRD-RESP-02,2025,Q2,271,69430
TGT-2025Q3-REP029-GI01,REP-029,PRD-GI-01,2025,Q3,446,31267
TGT-2025Q3-REP029-CARD02,REP-029,PRD-CARD-02,2025,Q3,392,87230
TGT-2025Q3-REP029-GI02,REP-029,PRD-GI-02,2025,Q3,258,44382
TGT-2025Q3-REP029-DIAB02,REP-029,PRD-DIAB-02,2025,Q3,364,139100
TGT-2025Q3-REP029-RESP03,REP-029,PRD-RESP-03,2025,Q3,269,50040
TGT-2025Q3-REP029-RESP02,REP-029,PRD-RESP-02,2025,Q3,271,69430
TGT-2025Q4-REP029-GI01,REP-029,PRD-GI-01,2025,Q4,446,31267
TGT-2025Q4-REP029-CARD02,REP-029,PRD-CARD-02,2025,Q4,392,87230
TGT-2025Q4-REP029-GI02,REP-029,PRD-GI-02,2025,Q4,258,44382
TGT-2025Q4-REP029-DIAB02,REP-029,PRD-DIAB-02,2025,Q4,364,139100
TGT-2025Q4-REP029-RESP03,REP-029,PRD-RESP-03,2025,Q4,269,50040
TGT-2025Q4-REP029-RESP02,REP-029,PRD-RESP-02,2025,Q4,271,69430
TGT-2024Q1-REP030-GI03,REP-030,PRD-GI-03,2024,Q1,424,51216
TGT-2024Q1-REP030-CARD02,REP-030,PRD-CARD-02,2024,Q1,421,94874
TGT-2024Q1-REP030-DIAB03,REP-030,PRD-DIAB-03,2024,Q1,597,142006
TGT-2024Q1-REP030-CARD01,REP-030,PRD-CARD-01,2024,Q1,406,113419
TGT-2024Q1-REP030-RESP02,REP-030,PRD-RESP-02,2024,Q1,164,41580
TGT-2024Q1-REP030-RESP03,REP-030,PRD-RESP-03,2024,Q1,384,71989
TGT-2024Q2-REP030-GI03,REP-030,PRD-GI-03,2024,Q2,424,51216
TGT-2024Q2-REP030-CARD02,REP-030,PRD-CARD-02,2024,Q2,421,94874
TGT-2024Q2-REP030-DIAB03,REP-030,PRD-DIAB-03,2024,Q2,597,142006
TGT-2024Q2-REP030-CARD01,REP-030,PRD-CARD-01,2024,Q2,406,113419
TGT-2024Q2-REP030-RESP02,REP-030,PRD-RESP-02,2024,Q2,164,41580
TGT-2024Q2-REP030-RESP03,REP-030,PRD-RESP-03,2024,Q2,384,71989
TGT-2024Q3-REP030-GI03,REP-030,PRD-GI-03,2024,Q3,424,51216
TGT-2024Q3-REP030-CARD02,REP-030,PRD-CARD-02,2024,Q3,421,94874
TGT-2024Q3-REP030-DIAB03,REP-030,PRD-DIAB-03,2024,Q3,597,142006
TGT-2024Q3-REP030-CARD01,REP-030,PRD-CARD-01,2024,Q3,406,113419
TGT-2024Q3-REP030-RESP02,REP-030,PRD-RESP-02,2024,Q3,164,41580
TGT-2024Q3-REP030-RESP03,REP-030,PRD-RESP-03,2024,Q3,384,71989
TGT-2024Q4-REP030-GI03,REP-030,PRD-GI-03,2024,Q4,424,51216
TGT-2024Q4-REP030-CARD02,REP-030,PRD-CARD-02,2024,Q4,421,94874
TGT-2024Q4-REP030-DIAB03,REP-030,PRD-DIAB-03,2024,Q4,597,142006
TGT-2024Q4-REP030-CARD01,REP-030,PRD-CARD-01,2024,Q4,406,113419
TGT-2024Q4-REP030-RESP02,REP-030,PRD-RESP-02,2024,Q4,164,41580
TGT-2024Q4-REP030-RESP03,REP-030,PRD-RESP-03,2024,Q4,384,71989
TGT-2025Q1-REP030-GI03,REP-030,PRD-GI-03,2025,Q1,28,11994
TGT-2025Q1-REP030-CARD02,REP-030,PRD-CARD-02,2025,Q1,371,81779
TGT-2025Q1-REP030-DIAB03,REP-030,PRD-DIAB-03,2025,Q1,15,14990
TGT-2025Q1-REP030-CARD01,REP-030,PRD-CARD-01,2025,Q1,499,137784
TGT-2025Q1-REP030-RESP02,REP-030,PRD-RESP-02,2025,Q1,298,76016
TGT-2025Q1-REP030-RESP03,REP-030,PRD-RESP-03,2025,Q1,309,57472
TGT-2025Q2-REP030-GI03,REP-030,PRD-GI-03,2025,Q2,28,11994
TGT-2025Q2-REP030-CARD02,REP-030,PRD-CARD-02,2025,Q2,371,81779
TGT-2025Q2-REP030-DIAB03,REP-030,PRD-DIAB-03,2025,Q2,15,14990
TGT-2025Q2-REP030-CARD01,REP-030,PRD-CARD-01,2025,Q2,499,137784
TGT-2025Q2-REP030-RESP02,REP-030,PRD-RESP-02,2025,Q2,298,76016
TGT-2025Q2-REP030-RESP03,REP-030,PRD-RESP-03,2025,Q2,309,57472
TGT-2025Q3-REP030-GI03,REP-030,PRD-GI-03,2025,Q3,28,11994
TGT-2025Q3-REP030-CARD02,REP-030,PRD-CARD-02,2025,Q3,371,81779
TGT-2025Q3-REP030-DIAB03,REP-030,PRD-DIAB-03,2025,Q3,15,14990
TGT-2025Q3-REP030-CARD01,REP-030,PRD-CARD-01,2025,Q3,499,137784
TGT-2025Q3-REP030-RESP02,REP-030,PRD-RESP-02,2025,Q3,298,76016
TGT-2025Q3-REP030-RESP03,REP-030,PRD-RESP-03,2025,Q3,309,57472
TGT-2024Q1-REP031-DIAB03,REP-031,PRD-DIAB-03,2024,Q1,566,134661
TGT-2024Q1-REP031-CARD01,REP-031,PRD-CARD-01,2024,Q1,595,164419
TGT-2024Q1-REP031-CARD02,REP-031,PRD-CARD-02,2024,Q1,675,149945
TGT-2024Q1-REP031-CARD03,REP-031,PRD-CARD-03,2024,Q1,554,138286
TGT-2024Q1-REP031-RESP03,REP-031,PRD-RESP-03,2024,Q1,364,68265
TGT-2024Q1-REP031-RESP01,REP-031,PRD-RESP-01,2024,Q1,311,37061
TGT-2024Q2-REP031-DIAB03,REP-031,PRD-DIAB-03,2024,Q2,566,134661
TGT-2024Q2-REP031-CARD01,REP-031,PRD-CARD-01,2024,Q2,595,164419
TGT-2024Q2-REP031-CARD02,REP-031,PRD-CARD-02,2024,Q2,675,149945
TGT-2024Q2-REP031-CARD03,REP-031,PRD-CARD-03,2024,Q2,554,138286
TGT-2024Q2-REP031-RESP03,REP-031,PRD-RESP-03,2024,Q2,364,68265
TGT-2024Q2-REP031-RESP01,REP-031,PRD-RESP-01,2024,Q2,311,37061
TGT-2024Q3-REP031-DIAB03,REP-031,PRD-DIAB-03,2024,Q3,566,134661
TGT-2024Q3-REP031-CARD01,REP-031,PRD-CARD-01,2024,Q3,595,164419
TGT-2024Q3-REP031-CARD02,REP-031,PRD-CARD-02,2024,Q3,675,149945
TGT-2024Q3-REP031-CARD03,REP-031,PRD-CARD-03,2024,Q3,554,138286
TGT-2024Q3-REP031-RESP03,REP-031,PRD-RESP-03,2024,Q3,364,68265
TGT-2024Q3-REP031-RESP01,REP-031,PRD-RESP-01,2024,Q3,311,37061
TGT-2024Q4-REP031-DIAB03,REP-031,PRD-DIAB-03,2024,Q4,566,134661
TGT-2024Q4-REP031-CARD01,REP-031,PRD-CARD-01,2024,Q4,595,164419
TGT-2024Q4-REP031-CARD02,REP-031,PRD-CARD-02,2024,Q4,675,149945
TGT-2024Q4-REP031-CARD03,REP-031,PRD-CARD-03,2024,Q4,554,138286
TGT-2024Q4-REP031-RESP03,REP-031,PRD-RESP-03,2024,Q4,364,68265
TGT-2024Q4-REP031-RESP01,REP-031,PRD-RESP-01,2024,Q4,311,37061
TGT-2025Q1-REP031-DIAB03,REP-031,PRD-DIAB-03,2025,Q1,10,3546
TGT-2025Q1-REP031-CARD01,REP-031,PRD-CARD-01,2025,Q1,460,127402
TGT-2025Q1-REP031-CARD02,REP-031,PRD-CARD-02,2025,Q1,451,99854
TGT-2025Q1-REP031-CARD03,REP-031,PRD-CARD-03,2025,Q1,113,61628
TGT-2025Q1-REP031-RESP03,REP-031,PRD-RESP-03,2025,Q1,293,54499
TGT-2025Q1-REP031-RESP01,REP-031,PRD-RESP-01,2025,Q1,441,52023
TGT-2025Q2-REP031-DIAB03,REP-031,PRD-DIAB-03,2025,Q2,10,3546
TGT-2025Q2-REP031-CARD01,REP-031,PRD-CARD-01,2025,Q2,460,127402
TGT-2025Q2-REP031-CARD02,REP-031,PRD-CARD-02,2025,Q2,451,99854
TGT-2025Q2-REP031-CARD03,REP-031,PRD-CARD-03,2025,Q2,113,61628
TGT-2025Q2-REP031-RESP03,REP-031,PRD-RESP-03,2025,Q2,293,54499
TGT-2025Q2-REP031-RESP01,REP-031,PRD-RESP-01,2025,Q2,441,52023
TGT-2025Q3-REP031-DIAB03,REP-031,PRD-DIAB-03,2025,Q3,10,3546
TGT-2025Q3-REP031-CARD01,REP-031,PRD-CARD-01,2025,Q3,460,127402
TGT-2025Q3-REP031-CARD02,REP-031,PRD-CARD-02,2025,Q3,451,99854
TGT-2025Q3-REP031-CARD03,REP-031,PRD-CARD-03,2025,Q3,113,61628
TGT-2025Q3-REP031-RESP03,REP-031,PRD-RESP-03,2025,Q3,293,54499
TGT-2025Q3-REP031-RESP01,REP-031,PRD-RESP-01,2025,Q3,441,52023
TGT-2025Q4-REP031-DIAB03,REP-031,PRD-DIAB-03,2025,Q4,10,3546
TGT-2025Q4-REP031-CARD01,REP-031,PRD-CARD-01,2025,Q4,460,127402
TGT-2025Q4-REP031-CARD02,REP-031,PRD-CARD-02,2025,Q4,451,99854
TGT-2025Q4-REP031-CARD03,REP-031,PRD-CARD-03,2025,Q4,113,61628
TGT-2025Q4-REP031-RESP03,REP-031,PRD-RESP-03,2025,Q4,293,54499
TGT-2025Q4-REP031-RESP01,REP-031,PRD-RESP-01,2025,Q4,441,52023
TGT-2024Q1-REP032-CARD01,REP-032,PRD-CARD-01,2024,Q1,468,116914
TGT-2024Q1-REP032-DIAB02,REP-032,PRD-DIAB-02,2024,Q1,479,113850
TGT-2024Q1-REP032-GI02,REP-032,PRD-GI-02,2024,Q1,340,41061
TGT-2024Q1-REP032-CARD02,REP-032,PRD-CARD-02,2024,Q1,468,116914
TGT-2024Q1-REP032-RESP03,REP-032,PRD-RESP-03,2024,Q1,308,57715
TGT-2024Q1-REP032-RESP01,REP-032,PRD-RESP-01,2024,Q1,308,57715
TGT-2024Q2-REP032-CARD01,REP-032,PRD-CARD-01,2024,Q2,468,116914
TGT-2024Q2-REP032-DIAB02,REP-032,PRD-DIAB-02,2024,Q2,479,113850
TGT-2024Q2-REP032-GI02,REP-032,PRD-GI-02,2024,Q2,340,41061
TGT-2024Q2-REP032-CARD02,REP-032,PRD-CARD-02,2024,Q2,468,116914
TGT-2024Q2-REP032-RESP03,REP-032,PRD-RESP-03,2024,Q2,308,57715
TGT-2024Q2-REP032-RESP01,REP-032,PRD-RESP-01,2024,Q2,308,57715
TGT-2024Q3-REP032-CARD01,REP-032,PRD-CARD-01,2024,Q3,468,116914
TGT-2024Q3-REP032-DIAB02,REP-032,PRD-DIAB-02,2024,Q3,479,113850
TGT-2024Q3-REP032-GI02,REP-032,PRD-GI-02,2024,Q3,340,41061
TGT-2024Q3-REP032-CARD02,REP-032,PRD-CARD-02,2024,Q3,468,116914
TGT-2024Q3-REP032-RESP03,REP-032,PRD-RESP-03,2024,Q3,308,57715
TGT-2024Q3-REP032-RESP01,REP-032,PRD-RESP-01,2024,Q3,308,57715
TGT-2024Q4-REP032-CARD01,REP-032,PRD-CARD-01,2024,Q4,468,116914
TGT-2024Q4-REP032-DIAB02,REP-032,PRD-DIAB-02,2024,Q4,479,113850
TGT-2024Q4-REP032-GI02,REP-032,PRD-GI-02,2024,Q4,340,41061
TGT-2024Q4-REP032-CARD02,REP-032,PRD-CARD-02,2024,Q4,468,116914
TGT-2024Q4-REP032-RESP03,REP-032,PRD-RESP-03,2024,Q4,308,57715
TGT-2024Q4-REP032-RESP01,REP-032,PRD-RESP-01,2024,Q4,308,57715
TGT-2025Q1-REP032-CARD01,REP-032,PRD-CARD-01,2025,Q1,269,74016
TGT-2025Q1-REP032-DIAB02,REP-032,PRD-DIAB-02,2025,Q1,384,145959
TGT-2025Q1-REP032-GI02,REP-032,PRD-GI-02,2025,Q1,424,73759
TGT-2025Q1-REP032-CARD02,REP-032,PRD-CARD-02,2025,Q1,239,53233
TGT-2025Q1-REP032-RESP03,REP-032,PRD-RESP-03,2025,Q1,248,46077
TGT-2025Q1-REP032-RESP01,REP-032,PRD-RESP-01,2025,Q1,230,27491
TGT-2024Q1-REP033-DIAB03,REP-033,PRD-DIAB-03,2024,Q1,613,145679
TGT-2024Q1-REP033-CARD03,REP-033,PRD-CARD-03,2024,Q1,599,149600
TGT-2024Q1-REP033-CARD01,REP-033,PRD-CARD-01,2024,Q1,735,204884
TGT-2024Q1-REP033-DIAB01,REP-033,PRD-DIAB-01,2024,Q1,593,56404
TGT-2024Q1-REP033-RESP02,REP-033,PRD-RESP-02,2024,Q1,613,156563
TGT-2024Q1-REP033-RESP01,REP-033,PRD-RESP-01,2024,Q1,621,73318
TGT-2024Q2-REP033-DIAB03,REP-033,PRD-DIAB-03,2024,Q2,613,145679
TGT-2024Q2-REP033-CARD03,REP-033,PRD-CARD-03,2024,Q2,599,149600
TGT-2024Q2-REP033-CARD01,REP-033,PRD-CARD-01,2024,Q2,735,204884
TGT-2024Q2-REP033-DIAB01,REP-033,PRD-DIAB-01,2024,Q2,593,56404
TGT-2024Q2-REP033-RESP02,REP-033,PRD-RESP-02,2024,Q2,613,156563
TGT-2024Q2-REP033-RESP01,REP-033,PRD-RESP-01,2024,Q2,621,73318
TGT-2024Q3-REP033-DIAB03,REP-033,PRD-DIAB-03,2024,Q3,613,145679
TGT-2024Q3-REP033-CARD03,REP-033,PRD-CARD-03,2024,Q3,599,149600
TGT-2024Q3-REP033-CARD01,REP-033,PRD-CARD-01,2024,Q3,735,204884
TGT-2024Q3-REP033-DIAB01,REP-033,PRD-DIAB-01,2024,Q3,593,56404
TGT-2024Q3-REP033-RESP02,REP-033,PRD-RESP-02,2024,Q3,613,156563
TGT-2024Q3-REP033-RESP01,REP-033,PRD-RESP-01,2024,Q3,621,73318
TGT-2024Q4-REP033-DIAB03,REP-033,PRD-DIAB-03,2024,Q4,613,145679
TGT-2024Q4-REP033-CARD03,REP-033,PRD-CARD-03,2024,Q4,599,149600
TGT-2024Q4-REP033-CARD01,REP-033,PRD-CARD-01,2024,Q4,735,204884
TGT-2024Q4-REP033-DIAB01,REP-033,PRD-DIAB-01,2024,Q4,593,56404
TGT-2024Q4-REP033-RESP02,REP-033,PRD-RESP-02,2024,Q4,613,156563
TGT-2024Q4-REP033-RESP01,REP-033,PRD-RESP-01,2024,Q4,621,73318
TGT-2025Q1-REP033-DIAB03,REP-033,PRD-DIAB-03,2025,Q1,10,9206
TGT-2025Q1-REP033-CARD03,REP-033,PRD-CARD-03,2025,Q1,166,91428
TGT-2025Q1-REP033-CARD01,REP-033,PRD-CARD-01,2025,Q1,415,114284
TGT-2025Q1-REP033-DIAB01,REP-033,PRD-DIAB-01,2025,Q1,500,47444
TGT-2025Q1-REP033-RESP02,REP-033,PRD-RESP-02,2025,Q1,568,145330
TGT-2025Q1-REP033-RESP01,REP-033,PRD-RESP-01,2025,Q1,209,24714
TGT-2025Q2-REP033-DIAB03,REP-033,PRD-DIAB-03,2025,Q2,10,9206
TGT-2025Q2-REP033-CARD03,REP-033,PRD-CARD-03,2025,Q2,166,91428
TGT-2025Q2-REP033-CARD01,REP-033,PRD-CARD-01,2025,Q2,415,114284
TGT-2025Q2-REP033-DIAB01,REP-033,PRD-DIAB-01,2025,Q2,500,47444
TGT-2025Q2-REP033-RESP02,REP-033,PRD-RESP-02,2025,Q2,568,145330
TGT-2025Q2-REP033-RESP01,REP-033,PRD-RESP-01,2025,Q2,209,24714
TGT-2025Q3-REP033-DIAB03,REP-033,PRD-DIAB-03,2025,Q3,10,9206
TGT-2025Q3-REP033-CARD03,REP-033,PRD-CARD-03,2025,Q3,166,91428
TGT-2025Q3-REP033-CARD01,REP-033,PRD-CARD-01,2025,Q3,415,114284
TGT-2025Q3-REP033-DIAB01,REP-033,PRD-DIAB-01,2025,Q3,500,47444
TGT-2025Q3-REP033-RESP02,REP-033,PRD-RESP-02,2025,Q3,568,145330
TGT-2025Q3-REP033-RESP01,REP-033,PRD-RESP-01,2025,Q3,209,24714
TGT-2025Q4-REP033-DIAB03,REP-033,PRD-DIAB-03,2025,Q4,10,9206
TGT-2025Q4-REP033-CARD03,REP-033,PRD-CARD-03,2025,Q4,166,91428
TGT-2025Q4-REP033-CARD01,REP-033,PRD-CARD-01,2025,Q4,415,114284
TGT-2025Q4-REP033-DIAB01,REP-033,PRD-DIAB-01,2025,Q4,500,47444
TGT-2025Q4-REP033-RESP02,REP-033,PRD-RESP-02,2025,Q4,568,145330
TGT-2025Q4-REP033-RESP01,REP-033,PRD-RESP-01,2025,Q4,209,24714
TGT-2024Q1-REP034-CARD03,REP-034,PRD-CARD-03,2024,Q1,528,132000
TGT-2024Q1-REP034-RESP03,REP-034,PRD-RESP-03,2024,Q1,347,65162
TGT-2024Q1-REP034-CARD02,REP-034,PRD-CARD-02,2024,Q1,636,140235
TGT-2024Q1-REP034-RESP01,REP-034,PRD-RESP-01,2024,Q1,408,48565
TGT-2024Q1-REP034-DIAB01,REP-034,PRD-DIAB-01,2024,Q1,570,54000
TGT-2024Q1-REP034-GI02,REP-034,PRD-GI-02,2024,Q1,501,86299
TGT-2024Q2-REP034-CARD03,REP-034,PRD-CARD-03,2024,Q2,528,132000
TGT-2024Q2-REP034-RESP03,REP-034,PRD-RESP-03,2024,Q2,347,65162
TGT-2024Q2-REP034-CARD02,REP-034,PRD-CARD-02,2024,Q2,636,140235
TGT-2024Q2-REP034-RESP01,REP-034,PRD-RESP-01,2024,Q2,408,48565
TGT-2024Q2-REP034-DIAB01,REP-034,PRD-DIAB-01,2024,Q2,570,54000
TGT-2024Q2-REP034-GI02,REP-034,PRD-GI-02,2024,Q2,501,86299
TGT-2024Q3-REP034-CARD03,REP-034,PRD-CARD-03,2024,Q3,528,132000
TGT-2024Q3-REP034-RESP03,REP-034,PRD-RESP-03,2024,Q3,347,65162
TGT-2024Q3-REP034-CARD02,REP-034,PRD-CARD-02,2024,Q3,636,140235
TGT-2024Q3-REP034-RESP01,REP-034,PRD-RESP-01,2024,Q3,408,48565
TGT-2024Q3-REP034-DIAB01,REP-034,PRD-DIAB-01,2024,Q3,570,54000
TGT-2024Q3-REP034-GI02,REP-034,PRD-GI-02,2024,Q3,501,86299
TGT-2024Q4-REP034-CARD03,REP-034,PRD-CARD-03,2024,Q4,528,132000
TGT-2024Q4-REP034-RESP03,REP-034,PRD-RESP-03,2024,Q4,347,65162
TGT-2024Q4-REP034-CARD02,REP-034,PRD-CARD-02,2024,Q4,636,140235
TGT-2024Q4-REP034-RESP01,REP-034,PRD-RESP-01,2024,Q4,408,48565
TGT-2024Q4-REP034-DIAB01,REP-034,PRD-DIAB-01,2024,Q4,570,54000
TGT-2024Q4-REP034-GI02,REP-034,PRD-GI-02,2024,Q4,501,86299
TGT-2025Q1-REP034-CARD03,REP-034,PRD-CARD-03,2025,Q1,98,52610
TGT-2025Q1-REP034-RESP03,REP-034,PRD-RESP-03,2025,Q1,280,52022
TGT-2025Q1-REP034-CARD02,REP-034,PRD-CARD-02,2025,Q1,529,116980
TGT-2025Q1-REP034-RESP01,REP-034,PRD-RESP-01,2025,Q1,267,31104
TGT-2025Q1-REP034-DIAB01,REP-034,PRD-DIAB-01,2025,Q1,546,52036
TGT-2025Q1-REP034-GI02,REP-034,PRD-GI-02,2025,Q1,477,83610
TGT-2025Q2-REP034-CARD03,REP-034,PRD-CARD-03,2025,Q2,98,52610
TGT-2025Q2-REP034-RESP03,REP-034,PRD-RESP-03,2025,Q2,280,52022
TGT-2025Q2-REP034-CARD02,REP-034,PRD-CARD-02,2025,Q2,529,116980
TGT-2025Q2-REP034-RESP01,REP-034,PRD-RESP-01,2025,Q2,267,31104
TGT-2025Q2-REP034-DIAB01,REP-034,PRD-DIAB-01,2025,Q2,546,52036
TGT-2025Q2-REP034-GI02,REP-034,PRD-GI-02,2025,Q2,477,83610
TGT-2025Q3-REP034-CARD03,REP-034,PRD-CARD-03,2025,Q3,98,52610
TGT-2025Q3-REP034-RESP03,REP-034,PRD-RESP-03,2025,Q3,280,52022
TGT-2025Q3-REP034-CARD02,REP-034,PRD-CARD-02,2025,Q3,529,116980
TGT-2025Q3-REP034-RESP01,REP-034,PRD-RESP-01,2025,Q3,267,31104
TGT-2025Q3-REP034-DIAB01,REP-034,PRD-DIAB-01,2025,Q3,546,52036
TGT-2025Q3-REP034-GI02,REP-034,PRD-GI-02,2025,Q3,477,83610
TGT-2025Q4-REP034-CARD03,REP-034,PRD-CARD-03,2025,Q4,98,52610
TGT-2025Q4-REP034-RESP03,REP-034,PRD-RESP-03,2025,Q4,280,52022
TGT-2025Q4-REP034-CARD02,REP-034,PRD-CARD-02,2025,Q4,529,116980
TGT-2025Q4-REP034-RESP01,REP-034,PRD-RESP-01,2025,Q4,267,31104
TGT-2025Q4-REP034-DIAB01,REP-034,PRD-DIAB-01,2025,Q4,546,52036
TGT-2025Q4-REP034-GI02,REP-034,PRD-GI-02,2025,Q4,477,83610
TGT-2024Q1-REP035-RESP01,REP-035,PRD-RESP-01,2024,Q1,683,80729
TGT-2024Q1-REP035-RESP03,REP-035,PRD-RESP-03,2024,Q1,357,67024
TGT-2024Q1-REP035-CARD03,REP-035,PRD-CARD-03,2024,Q1,543,135771
TGT-2024Q1-REP035-CARD02,REP-035,PRD-CARD-02,2024,Q1,537,118304
TGT-2024Q1-REP035-GI03,REP-035,PRD-GI-03,2024,Q1,394,47684
TGT-2024Q1-REP035-DIAB03,REP-035,PRD-DIAB-03,2024,Q1,556,132213
TGT-2024Q2-REP035-RESP01,REP-035,PRD-RESP-01,2024,Q2,683,80729
TGT-2024Q2-REP035-RESP03,REP-035,PRD-RESP-03,2024,Q2,357,67024
TGT-2024Q2-REP035-CARD03,REP-035,PRD-CARD-03,2024,Q2,543,135771
TGT-2024Q2-REP035-CARD02,REP-035,PRD-CARD-02,2024,Q2,537,118304
TGT-2024Q2-REP035-GI03,REP-035,PRD-GI-03,2024,Q2,394,47684
TGT-2024Q2-REP035-DIAB03,REP-035,PRD-DIAB-03,2024,Q2,556,132213
TGT-2024Q3-REP035-RESP01,REP-035,PRD-RESP-01,2024,Q3,683,80729
TGT-2024Q3-REP035-RESP03,REP-035,PRD-RESP-03,2024,Q3,357,67024
TGT-2024Q3-REP035-CARD03,REP-035,PRD-CARD-03,2024,Q3,543,135771
TGT-2024Q3-REP035-CARD02,REP-035,PRD-CARD-02,2024,Q3,537,118304
TGT-2024Q3-REP035-GI03,REP-035,PRD-GI-03,2024,Q3,394,47684
TGT-2024Q3-REP035-DIAB03,REP-035,PRD-DIAB-03,2024,Q3,556,132213
TGT-2024Q4-REP035-RESP01,REP-035,PRD-RESP-01,2024,Q4,683,80729
TGT-2024Q4-REP035-RESP03,REP-035,PRD-RESP-03,2024,Q4,357,67024
TGT-2024Q4-REP035-CARD03,REP-035,PRD-CARD-03,2024,Q4,543,135771
TGT-2024Q4-REP035-CARD02,REP-035,PRD-CARD-02,2024,Q4,537,118304
TGT-2024Q4-REP035-GI03,REP-035,PRD-GI-03,2024,Q4,394,47684
TGT-2024Q4-REP035-DIAB03,REP-035,PRD-DIAB-03,2024,Q4,556,132213
TGT-2025Q1-REP035-RESP01,REP-035,PRD-RESP-01,2025,Q1,512,60603
TGT-2025Q1-REP035-RESP03,REP-035,PRD-RESP-03,2025,Q1,288,53509
TGT-2025Q1-REP035-CARD03,REP-035,PRD-CARD-03,2025,Q1,124,65895
TGT-2025Q1-REP035-CARD02,REP-035,PRD-CARD-02,2025,Q1,332,73100
TGT-2025Q1-REP035-GI03,REP-035,PRD-GI-03,2025,Q1,35,14957
TGT-2025Q1-REP035-DIAB03,REP-035,PRD-DIAB-03,2025,Q1,10,9716
TGT-2025Q2-REP035-RESP01,REP-035,PRD-RESP-01,2025,Q2,512,60603
TGT-2025Q2-REP035-RESP03,REP-035,PRD-RESP-03,2025,Q2,288,53509
TGT-2025Q2-REP035-CARD03,REP-035,PRD-CARD-03,2025,Q2,124,65895
TGT-2025Q2-REP035-CARD02,REP-035,PRD-CARD-02,2025,Q2,332,73100
TGT-2025Q2-REP035-GI03,REP-035,PRD-GI-03,2025,Q2,35,14957
TGT-2025Q2-REP035-DIAB03,REP-035,PRD-DIAB-03,2025,Q2,10,9716
TGT-2025Q3-REP035-RESP01,REP-035,PRD-RESP-01,2025,Q3,512,60603
TGT-2025Q3-REP035-RESP03,REP-035,PRD-RESP-03,2025,Q3,288,53509
TGT-2025Q3-REP035-CARD03,REP-035,PRD-CARD-03,2025,Q3,124,65895
TGT-2025Q3-REP035-CARD02,REP-035,PRD-CARD-02,2025,Q3,332,73100
TGT-2025Q3-REP035-GI03,REP-035,PRD-GI-03,2025,Q3,35,14957
TGT-2025Q3-REP035-DIAB03,REP-035,PRD-DIAB-03,2025,Q3,10,9716
TGT-2025Q4-REP035-RESP01,REP-035,PRD-RESP-01,2025,Q4,512,60603
TGT-2025Q4-REP035-RESP03,REP-035,PRD-RESP-03,2025,Q4,288,53509
TGT-2025Q4-REP035-CARD03,REP-035,PRD-CARD-03,2025,Q4,124,65895
TGT-2025Q4-REP035-CARD02,REP-035,PRD-CARD-02,2025,Q4,332,73100
TGT-2025Q4-REP035-GI03,REP-035,PRD-GI-03,2025,Q4,35,14957
TGT-2025Q4-REP035-DIAB03,REP-035,PRD-DIAB-03,2025,Q4,10,9716
TGT-2024Q1-REP036-CARD02,REP-036,PRD-CARD-02,2024,Q1,566,125146
TGT-2024Q1-REP036-CARD01,REP-036,PRD-CARD-01,2024,Q1,503,139178
TGT-2024Q1-REP036-RESP02,REP-036,PRD-RESP-02,2024,Q1,423,108019
TGT-2024Q1-REP036-CARD03,REP-036,PRD-CARD-03,2024,Q1,533,133257
TGT-2024Q1-REP036-DIAB03,REP-036,PRD-DIAB-03,2024,Q1,546,129764
TGT-2024Q1-REP036-DIAB02,REP-036,PRD-DIAB-02,2024,Q1,659,248525
TGT-2024Q2-REP036-CARD02,REP-036,PRD-CARD-02,2024,Q2,566,125146
TGT-2024Q2-REP036-CARD01,REP-036,PRD-CARD-01,2024,Q2,503,139178
TGT-2024Q2-REP036-RESP02,REP-036,PRD-RESP-02,2024,Q2,423,108019
TGT-2024Q2-REP036-CARD03,REP-036,PRD-CARD-03,2024,Q2,533,133257
TGT-2024Q2-REP036-DIAB03,REP-036,PRD-DIAB-03,2024,Q2,546,129764
TGT-2024Q2-REP036-DIAB02,REP-036,PRD-DIAB-02,2024,Q2,659,248525
TGT-2024Q3-REP036-CARD02,REP-036,PRD-CARD-02,2024,Q3,566,125146
TGT-2024Q3-REP036-CARD01,REP-036,PRD-CARD-01,2024,Q3,503,139178
TGT-2024Q3-REP036-RESP02,REP-036,PRD-RESP-02,2024,Q3,423,108019
TGT-2024Q3-REP036-CARD03,REP-036,PRD-CARD-03,2024,Q3,533,133257
TGT-2024Q3-REP036-DIAB03,REP-036,PRD-DIAB-03,2024,Q3,546,129764
TGT-2024Q3-REP036-DIAB02,REP-036,PRD-DIAB-02,2024,Q3,659,248525
TGT-2024Q4-REP036-CARD02,REP-036,PRD-CARD-02,2024,Q4,566,125146
TGT-2024Q4-REP036-CARD01,REP-036,PRD-CARD-01,2024,Q4,503,139178
TGT-2024Q4-REP036-RESP02,REP-036,PRD-RESP-02,2024,Q4,423,108019
TGT-2024Q4-REP036-CARD03,REP-036,PRD-CARD-03,2024,Q4,533,133257
TGT-2024Q4-REP036-DIAB03,REP-036,PRD-DIAB-03,2024,Q4,546,129764
TGT-2024Q4-REP036-DIAB02,REP-036,PRD-DIAB-02,2024,Q4,659,248525
TGT-2025Q1-REP036-CARD02,REP-036,PRD-CARD-02,2025,Q1,400,89096
TGT-2025Q1-REP036-CARD01,REP-036,PRD-CARD-01,2025,Q1,244,68676
TGT-2025Q1-REP036-RESP02,REP-036,PRD-RESP-02,2025,Q1,431,109644
TGT-2025Q1-REP036-CARD03,REP-036,PRD-CARD-03,2025,Q1,107,57667
TGT-2025Q1-REP036-DIAB03,REP-036,PRD-DIAB-03,2025,Q1,13,13200
TGT-2025Q1-REP036-DIAB02,REP-036,PRD-DIAB-02,2025,Q1,473,180780
TGT-2025Q2-REP036-CARD02,REP-036,PRD-CARD-02,2025,Q2,400,89096
TGT-2025Q2-REP036-CARD01,REP-036,PRD-CARD-01,2025,Q2,244,68676
TGT-2025Q2-REP036-RESP02,REP-036,PRD-RESP-02,2025,Q2,431,109644
TGT-2025Q2-REP036-CARD03,REP-036,PRD-CARD-03,2025,Q2,107,57667
TGT-2025Q2-REP036-DIAB03,REP-036,PRD-DIAB-03,2025,Q2,13,13200
TGT-2025Q2-REP036-DIAB02,REP-036,PRD-DIAB-02,2025,Q2,473,180780
TGT-2025Q3-REP036-CARD02,REP-036,PRD-CARD-02,2025,Q3,400,89096
TGT-2025Q3-REP036-CARD01,REP-036,PRD-CARD-01,2025,Q3,244,68676
TGT-2025Q3-REP036-RESP02,REP-036,PRD-RESP-02,2025,Q3,431,109644
TGT-2025Q3-REP036-CARD03,REP-036,PRD-CARD-03,2025,Q3,107,57667
TGT-2025Q3-REP036-DIAB03,REP-036,PRD-DIAB-03,2025,Q3,13,13200
TGT-2025Q3-REP036-DIAB02,REP-036,PRD-DIAB-02,2025,Q3,473,180780
TGT-2025Q4-REP036-CARD02,REP-036,PRD-CARD-02,2025,Q4,400,89096
TGT-2025Q4-REP036-CARD01,REP-036,PRD-CARD-01,2025,Q4,244,68676
TGT-2025Q4-REP036-RESP02,REP-036,PRD-RESP-02,2025,Q4,431,109644
TGT-2025Q4-REP036-CARD03,REP-036,PRD-CARD-03,2025,Q4,107,57667
TGT-2025Q4-REP036-DIAB03,REP-036,PRD-DIAB-03,2025,Q4,13,13200
TGT-2025Q4-REP036-DIAB02,REP-036,PRD-DIAB-02,2025,Q4,473,180780
TGT-2026Q1-REP036-CARD02,REP-036,PRD-CARD-02,2026,Q1,332,73478
TGT-2026Q1-REP036-CARD01,REP-036,PRD-CARD-01,2026,Q1,503,138042
TGT-2026Q1-REP036-RESP02,REP-036,PRD-RESP-02,2026,Q1,269,67111
TGT-2026Q1-REP036-CARD03,REP-036,PRD-CARD-03,2026,Q1,337,181322
TGT-2026Q1-REP036-DIAB03,REP-036,PRD-DIAB-03,2026,Q1,273,274369
TGT-2026Q1-REP036-DIAB02,REP-036,PRD-DIAB-02,2026,Q1,222,83756
TGT-2024Q1-REP037-CARD02,REP-037,PRD-CARD-02,2024,Q1,212,46984
TGT-2024Q1-REP037-RESP03,REP-037,PRD-RESP-03,2024,Q1,347,65162
TGT-2024Q1-REP037-CARD03,REP-037,PRD-CARD-03,2024,Q1,528,132000
TGT-2024Q1-REP037-CARD01,REP-037,PRD-CARD-01,2024,Q1,37,9933
TGT-2024Q1-REP037-DIAB03,REP-037,PRD-DIAB-03,2024,Q1,540,128540
TGT-2024Q1-REP037-DIAB01,REP-037,PRD-DIAB-01,2024,Q1,76,7214
TGT-2024Q2-REP037-CARD02,REP-037,PRD-CARD-02,2024,Q2,212,46984
TGT-2024Q2-REP037-RESP03,REP-037,PRD-RESP-03,2024,Q2,347,65162
TGT-2024Q2-REP037-CARD03,REP-037,PRD-CARD-03,2024,Q2,528,132000
TGT-2024Q2-REP037-CARD01,REP-037,PRD-CARD-01,2024,Q2,37,9933
TGT-2024Q2-REP037-DIAB03,REP-037,PRD-DIAB-03,2024,Q2,540,128540
TGT-2024Q2-REP037-DIAB01,REP-037,PRD-DIAB-01,2024,Q2,76,7214
TGT-2024Q3-REP037-CARD02,REP-037,PRD-CARD-02,2024,Q3,212,46984
TGT-2024Q3-REP037-RESP03,REP-037,PRD-RESP-03,2024,Q3,347,65162
TGT-2024Q3-REP037-CARD03,REP-037,PRD-CARD-03,2024,Q3,528,132000
TGT-2024Q3-REP037-CARD01,REP-037,PRD-CARD-01,2024,Q3,37,9933
TGT-2024Q3-REP037-DIAB03,REP-037,PRD-DIAB-03,2024,Q3,540,128540
TGT-2024Q3-REP037-DIAB01,REP-037,PRD-DIAB-01,2024,Q3,76,7214
TGT-2024Q4-REP037-CARD02,REP-037,PRD-CARD-02,2024,Q4,212,46984
TGT-2024Q4-REP037-RESP03,REP-037,PRD-RESP-03,2024,Q4,347,65162
TGT-2024Q4-REP037-CARD03,REP-037,PRD-CARD-03,2024,Q4,528,132000
TGT-2024Q4-REP037-CARD01,REP-037,PRD-CARD-01,2024,Q4,37,9933
TGT-2024Q4-REP037-DIAB03,REP-037,PRD-DIAB-03,2024,Q4,540,128540
TGT-2024Q4-REP037-DIAB01,REP-037,PRD-DIAB-01,2024,Q4,76,7214
TGT-2025Q1-REP037-CARD02,REP-037,PRD-CARD-02,2025,Q1,510,113588
TGT-2025Q1-REP037-RESP03,REP-037,PRD-RESP-03,2025,Q1,280,52022
TGT-2025Q1-REP037-CARD03,REP-037,PRD-CARD-03,2025,Q1,58,31003
TGT-2025Q1-REP037-CARD01,REP-037,PRD-CARD-01,2025,Q1,387,106880
TGT-2025Q1-REP037-DIAB03,REP-037,PRD-DIAB-03,2025,Q1,10,9248
TGT-2025Q1-REP037-DIAB01,REP-037,PRD-DIAB-01,2025,Q1,495,47337
TGT-2025Q2-REP037-CARD02,REP-037,PRD-CARD-02,2025,Q2,510,113588
TGT-2025Q2-REP037-RESP03,REP-037,PRD-RESP-03,2025,Q2,280,52022
TGT-2025Q2-REP037-CARD03,REP-037,PRD-CARD-03,2025,Q2,58,31003
TGT-2025Q2-REP037-CARD01,REP-037,PRD-CARD-01,2025,Q2,387,106880
TGT-2025Q2-REP037-DIAB03,REP-037,PRD-DIAB-03,2025,Q2,10,9248
TGT-2025Q2-REP037-DIAB01,REP-037,PRD-DIAB-01,2025,Q2,495,47337
TGT-2025Q3-REP037-CARD02,REP-037,PRD-CARD-02,2025,Q3,510,113588
TGT-2025Q3-REP037-RESP03,REP-037,PRD-RESP-03,2025,Q3,280,52022
TGT-2025Q3-REP037-CARD03,REP-037,PRD-CARD-03,2025,Q3,58,31003
TGT-2025Q3-REP037-CARD01,REP-037,PRD-CARD-01,2025,Q3,387,106880
TGT-2025Q3-REP037-DIAB03,REP-037,PRD-DIAB-03,2025,Q3,10,9248
TGT-2025Q3-REP037-DIAB01,REP-037,PRD-DIAB-01,2025,Q3,495,47337
TGT-2025Q4-REP037-CARD02,REP-037,PRD-CARD-02,2025,Q4,510,113588
TGT-2025Q4-REP037-RESP03,REP-037,PRD-RESP-03,2025,Q4,280,52022
TGT-2025Q4-REP037-CARD03,REP-037,PRD-CARD-03,2025,Q4,58,31003
TGT-2025Q4-REP037-CARD01,REP-037,PRD-CARD-01,2025,Q4,387,106880
TGT-2025Q4-REP037-DIAB03,REP-037,PRD-DIAB-03,2025,Q4,10,9248
TGT-2025Q4-REP037-DIAB01,REP-037,PRD-DIAB-01,2025,Q4,495,47337
TGT-2024Q1-REP038-RESP03,REP-038,PRD-RESP-03,2024,Q1,321,60197
TGT-2024Q1-REP038-CARD01,REP-038,PRD-CARD-01,2024,Q1,624,170500
TGT-2024Q1-REP038-CARD02,REP-038,PRD-CARD-02,2024,Q1,548,121558
TGT-2024Q1-REP038-CARD03,REP-038,PRD-CARD-03,2024,Q1,488,121943
TGT-2024Q1-REP038-GI03,REP-038,PRD-GI-03,2024,Q1,354,42827
TGT-2024Q1-REP038-DIAB02,REP-038,PRD-DIAB-02,2024,Q1,598,225869
TGT-2024Q2-REP038-RESP03,REP-038,PRD-RESP-03,2024,Q2,321,60197
TGT-2024Q2-REP038-CARD01,REP-038,PRD-CARD-01,2024,Q2,624,170500
TGT-2024Q2-REP038-CARD02,REP-038,PRD-CARD-02,2024,Q2,548,121558
TGT-2024Q2-REP038-CARD03,REP-038,PRD-CARD-03,2024,Q2,488,121943
TGT-2024Q2-REP038-GI03,REP-038,PRD-GI-03,2024,Q2,354,42827
TGT-2024Q2-REP038-DIAB02,REP-038,PRD-DIAB-02,2024,Q2,598,225869
TGT-2024Q3-REP038-RESP03,REP-038,PRD-RESP-03,2024,Q3,321,60197
TGT-2024Q3-REP038-CARD01,REP-038,PRD-CARD-01,2024,Q3,624,170500
TGT-2024Q3-REP038-CARD02,REP-038,PRD-CARD-02,2024,Q3,548,121558
TGT-2024Q3-REP038-CARD03,REP-038,PRD-CARD-03,2024,Q3,488,121943
TGT-2024Q3-REP038-GI03,REP-038,PRD-GI-03,2024,Q3,354,42827
TGT-2024Q3-REP038-DIAB02,REP-038,PRD-DIAB-02,2024,Q3,598,225869
TGT-2024Q4-REP038-RESP03,REP-038,PRD-RESP-03,2024,Q4,321,60197
TGT-2024Q4-REP038-CARD01,REP-038,PRD-CARD-01,2024,Q4,624,170500
TGT-2024Q4-REP038-CARD02,REP-038,PRD-CARD-02,2024,Q4,548,121558
TGT-2024Q4-REP038-CARD03,REP-038,PRD-CARD-03,2024,Q4,488,121943
TGT-2024Q4-REP038-GI03,REP-038,PRD-GI-03,2024,Q4,354,42827
TGT-2024Q4-REP038-DIAB02,REP-038,PRD-DIAB-02,2024,Q4,598,225869
TGT-2025Q1-REP038-RESP03,REP-038,PRD-RESP-03,2025,Q1,258,48059
TGT-2025Q1-REP038-CARD01,REP-038,PRD-CARD-01,2025,Q1,355,97004
TGT-2025Q1-REP038-CARD02,REP-038,PRD-CARD-02,2025,Q1,369,81272
TGT-2025Q1-REP038-CARD03,REP-038,PRD-CARD-03,2025,Q1,86,46250
TGT-2025Q1-REP038-GI03,REP-038,PRD-GI-03,2025,Q1,10,4151
TGT-2025Q1-REP038-DIAB02,REP-038,PRD-DIAB-02,2025,Q1,447,169625
TGT-2025Q2-REP038-RESP03,REP-038,PRD-RESP-03,2025,Q2,258,48059
TGT-2025Q2-REP038-CARD01,REP-038,PRD-CARD-01,2025,Q2,355,97004
TGT-2025Q2-REP038-CARD02,REP-038,PRD-CARD-02,2025,Q2,369,81272
TGT-2025Q2-REP038-CARD03,REP-038,PRD-CARD-03,2025,Q2,86,46250
TGT-2025Q2-REP038-GI03,REP-038,PRD-GI-03,2025,Q2,10,4151
TGT-2025Q2-REP038-DIAB02,REP-038,PRD-DIAB-02,2025,Q2,447,169625
TGT-2025Q3-REP038-RESP03,REP-038,PRD-RESP-03,2025,Q3,258,48059
TGT-2025Q3-REP038-CARD01,REP-038,PRD-CARD-01,2025,Q3,355,97004
TGT-2025Q3-REP038-CARD02,REP-038,PRD-CARD-02,2025,Q3,369,81272
TGT-2025Q3-REP038-CARD03,REP-038,PRD-CARD-03,2025,Q3,86,46250
TGT-2025Q3-REP038-GI03,REP-038,PRD-GI-03,2025,Q3,10,4151
TGT-2025Q3-REP038-DIAB02,REP-038,PRD-DIAB-02,2025,Q3,447,169625
TGT-2025Q4-REP038-RESP03,REP-038,PRD-RESP-03,2025,Q4,258,48059
TGT-2025Q4-REP038-CARD01,REP-038,PRD-CARD-01,2025,Q4,355,97004
TGT-2025Q4-REP038-CARD02,REP-038,PRD-CARD-02,2025,Q4,369,81272
TGT-2025Q4-REP038-CARD03,REP-038,PRD-CARD-03,2025,Q4,86,46250
TGT-2025Q4-REP038-GI03,REP-038,PRD-GI-03,2025,Q4,10,4151
TGT-2025Q4-REP038-DIAB02,REP-038,PRD-DIAB-02,2025,Q4,447,169625
TGT-2024Q1-REP039-RESP01,REP-039,PRD-RESP-01,2024,Q1,386,46027
TGT-2024Q1-REP039-RESP02,REP-039,PRD-RESP-02,2024,Q1,325,82414
TGT-2024Q1-REP039-CARD02,REP-039,PRD-CARD-02,2024,Q1,536,119428
TGT-2024Q1-REP039-RESP03,REP-039,PRD-RESP-03,2024,Q1,370,69506
TGT-2024Q1-REP039-DIAB02,REP-039,PRD-DIAB-02,2024,Q1,445,169865
TGT-2024Q1-REP039-GI02,REP-039,PRD-GI-02,2024,Q1,476,82484
TGT-2024Q2-REP039-RESP01,REP-039,PRD-RESP-01,2024,Q2,386,46027
TGT-2024Q2-REP039-RESP02,REP-039,PRD-RESP-02,2024,Q2,325,82414
TGT-2024Q2-REP039-CARD02,REP-039,PRD-CARD-02,2024,Q2,536,119428
TGT-2024Q2-REP039-RESP03,REP-039,PRD-RESP-03,2024,Q2,370,69506
TGT-2024Q2-REP039-DIAB02,REP-039,PRD-DIAB-02,2024,Q2,445,169865
TGT-2024Q2-REP039-GI02,REP-039,PRD-GI-02,2024,Q2,476,82484
TGT-2024Q3-REP039-RESP01,REP-039,PRD-RESP-01,2024,Q3,386,46027
TGT-2024Q3-REP039-RESP02,REP-039,PRD-RESP-02,2024,Q3,325,82414
TGT-2024Q3-REP039-CARD02,REP-039,PRD-CARD-02,2024,Q3,536,119428
TGT-2024Q3-REP039-RESP03,REP-039,PRD-RESP-03,2024,Q3,370,69506
TGT-2024Q3-REP039-DIAB02,REP-039,PRD-DIAB-02,2024,Q3,445,169865
TGT-2024Q3-REP039-GI02,REP-039,PRD-GI-02,2024,Q3,476,82484
TGT-2024Q4-REP039-RESP01,REP-039,PRD-RESP-01,2024,Q4,386,46027
TGT-2024Q4-REP039-RESP02,REP-039,PRD-RESP-02,2024,Q4,325,82414
TGT-2024Q4-REP039-CARD02,REP-039,PRD-CARD-02,2024,Q4,536,119428
TGT-2024Q4-REP039-RESP03,REP-039,PRD-RESP-03,2024,Q4,370,69506
TGT-2024Q4-REP039-DIAB02,REP-039,PRD-DIAB-02,2024,Q4,445,169865
TGT-2024Q4-REP039-GI02,REP-039,PRD-GI-02,2024,Q4,476,82484
TGT-2025Q1-REP039-RESP01,REP-039,PRD-RESP-01,2025,Q1,290,34364
TGT-2025Q1-REP039-RESP02,REP-039,PRD-RESP-02,2025,Q1,217,53971
TGT-2025Q1-REP039-CARD02,REP-039,PRD-CARD-02,2025,Q1,299,66720
TGT-2025Q1-REP039-RESP03,REP-039,PRD-RESP-03,2025,Q1,298,55490
TGT-2025Q1-REP039-DIAB02,REP-039,PRD-DIAB-02,2025,Q1,656,250088
TGT-2025Q1-REP039-GI02,REP-039,PRD-GI-02,2025,Q1,310,53660
TGT-2025Q2-REP039-RESP01,REP-039,PRD-RESP-01,2025,Q2,290,34364
TGT-2025Q2-REP039-RESP02,REP-039,PRD-RESP-02,2025,Q2,217,53971
TGT-2025Q2-REP039-CARD02,REP-039,PRD-CARD-02,2025,Q2,299,66720
TGT-2025Q2-REP039-RESP03,REP-039,PRD-RESP-03,2025,Q2,298,55490
TGT-2025Q2-REP039-DIAB02,REP-039,PRD-DIAB-02,2025,Q2,656,250088
TGT-2025Q2-REP039-GI02,REP-039,PRD-GI-02,2025,Q2,310,53660
TGT-2025Q3-REP039-RESP01,REP-039,PRD-RESP-01,2025,Q3,290,34364
TGT-2025Q3-REP039-RESP02,REP-039,PRD-RESP-02,2025,Q3,217,53971
TGT-2025Q3-REP039-CARD02,REP-039,PRD-CARD-02,2025,Q3,299,66720
TGT-2025Q3-REP039-RESP03,REP-039,PRD-RESP-03,2025,Q3,298,55490
TGT-2025Q3-REP039-DIAB02,REP-039,PRD-DIAB-02,2025,Q3,656,250088
TGT-2025Q3-REP039-GI02,REP-039,PRD-GI-02,2025,Q3,310,53660
TGT-2025Q4-REP039-RESP01,REP-039,PRD-RESP-01,2025,Q4,290,34364
TGT-2025Q4-REP039-RESP02,REP-039,PRD-RESP-02,2025,Q4,217,53971
TGT-2025Q4-REP039-CARD02,REP-039,PRD-CARD-02,2025,Q4,299,66720
TGT-2025Q4-REP039-RESP03,REP-039,PRD-RESP-03,2025,Q4,298,55490
TGT-2025Q4-REP039-DIAB02,REP-039,PRD-DIAB-02,2025,Q4,656,250088
TGT-2025Q4-REP039-GI02,REP-039,PRD-GI-02,2025,Q4,310,53660
TGT-2024Q1-REP040-CARD01,REP-040,PRD-CARD-01,2024,Q1,505,137716
TGT-2024Q1-REP040-RESP01,REP-040,PRD-RESP-01,2024,Q1,327,38302
TGT-2024Q1-REP040-CARD03,REP-040,PRD-CARD-03,2024,Q1,473,118171
TGT-2024Q1-REP040-RESP03,REP-040,PRD-RESP-03,2024,Q1,311,58336
TGT-2024Q1-REP040-DIAB02,REP-040,PRD-DIAB-02,2024,Q1,606,229928
TGT-2024Q1-REP040-GI01,REP-040,PRD-GI-01,2024,Q1,329,23192
TGT-2024Q2-REP040-CARD01,REP-040,PRD-CARD-01,2024,Q2,505,137716
TGT-2024Q2-REP040-RESP01,REP-040,PRD-RESP-01,2024,Q2,327,38302
TGT-2024Q2-REP040-CARD03,REP-040,PRD-CARD-03,2024,Q2,473,118171
TGT-2024Q2-REP040-RESP03,REP-040,PRD-RESP-03,2024,Q2,311,58336
TGT-2024Q2-REP040-DIAB02,REP-040,PRD-DIAB-02,2024,Q2,606,229928
TGT-2024Q2-REP040-GI01,REP-040,PRD-GI-01,2024,Q2,329,23192
TGT-2024Q3-REP040-CARD01,REP-040,PRD-CARD-01,2024,Q3,505,137716
TGT-2024Q3-REP040-RESP01,REP-040,PRD-RESP-01,2024,Q3,327,38302
TGT-2024Q3-REP040-CARD03,REP-040,PRD-CARD-03,2024,Q3,473,118171
TGT-2024Q3-REP040-RESP03,REP-040,PRD-RESP-03,2024,Q3,311,58336
TGT-2024Q3-REP040-DIAB02,REP-040,PRD-DIAB-02,2024,Q3,606,229928
TGT-2024Q3-REP040-GI01,REP-040,PRD-GI-01,2024,Q3,329,23192
TGT-2024Q4-REP040-CARD01,REP-040,PRD-CARD-01,2024,Q4,505,137716
TGT-2024Q4-REP040-RESP01,REP-040,PRD-RESP-01,2024,Q4,327,38302
TGT-2024Q4-REP040-CARD03,REP-040,PRD-CARD-03,2024,Q4,473,118171
TGT-2024Q4-REP040-RESP03,REP-040,PRD-RESP-03,2024,Q4,311,58336
TGT-2024Q4-REP040-DIAB02,REP-040,PRD-DIAB-02,2024,Q4,606,229928
TGT-2024Q4-REP040-GI01,REP-040,PRD-GI-01,2024,Q4,329,23192
TGT-2025Q1-REP040-CARD01,REP-040,PRD-CARD-01,2025,Q1,397,109904
TGT-2025Q1-REP040-RESP01,REP-040,PRD-RESP-01,2025,Q1,291,34364
TGT-2025Q1-REP040-CARD03,REP-040,PRD-CARD-03,2025,Q1,79,43184
TGT-2025Q1-REP040-RESP03,REP-040,PRD-RESP-03,2025,Q1,250,46572
TGT-2025Q1-REP040-DIAB02,REP-040,PRD-DIAB-02,2025,Q1,465,174818
TGT-2025Q1-REP040-GI01,REP-040,PRD-GI-01,2025,Q1,224,15743
TGT-2025Q2-REP040-CARD01,REP-040,PRD-CARD-01,2025,Q2,397,109904
TGT-2025Q2-REP040-RESP01,REP-040,PRD-RESP-01,2025,Q2,291,34364
TGT-2025Q2-REP040-CARD03,REP-040,PRD-CARD-03,2025,Q2,79,43184
TGT-2025Q2-REP040-RESP03,REP-040,PRD-RESP-03,2025,Q2,250,46572
TGT-2025Q2-REP040-DIAB02,REP-040,PRD-DIAB-02,2025,Q2,465,174818
TGT-2025Q2-REP040-GI01,REP-040,PRD-GI-01,2025,Q2,224,15743
TGT-2025Q3-REP040-CARD01,REP-040,PRD-CARD-01,2025,Q3,397,109904
TGT-2025Q3-REP040-RESP01,REP-040,PRD-RESP-01,2025,Q3,291,34364
TGT-2025Q3-REP040-CARD03,REP-040,PRD-CARD-03,2025,Q3,79,43184
TGT-2025Q3-REP040-RESP03,REP-040,PRD-RESP-03,2025,Q3,250,46572
TGT-2025Q3-REP040-DIAB02,REP-040,PRD-DIAB-02,2025,Q3,465,174818
TGT-2025Q3-REP040-GI01,REP-040,PRD-GI-01,2025,Q3,224,15743
TGT-2025Q4-REP040-CARD01,REP-040,PRD-CARD-01,2025,Q4,397,109904
TGT-2025Q4-REP040-RESP01,REP-040,PRD-RESP-01,2025,Q4,291,34364
TGT-2025Q4-REP040-CARD03,REP-040,PRD-CARD-03,2025,Q4,79,43184
TGT-2025Q4-REP040-RESP03,REP-040,PRD-RESP-03,2025,Q4,250,46572
TGT-2025Q4-REP040-DIAB02,REP-040,PRD-DIAB-02,2025,Q4,465,174818
TGT-2025Q4-REP040-GI01,REP-040,PRD-GI-01,2025,Q4,224,15743
TGT-2024Q1-REP041-RESP02,REP-041,PRD-RESP-02,2024,Q1,166,41987
TGT-2024Q1-REP041-CARD01,REP-041,PRD-CARD-01,2024,Q1,358,100338
TGT-2024Q1-REP041-RESP03,REP-041,PRD-RESP-03,2024,Q1,351,65783
TGT-2024Q1-REP041-RESP01,REP-041,PRD-RESP-01,2024,Q1,153,18220
TGT-2024Q1-REP041-DIAB03,REP-041,PRD-DIAB-03,2024,Q1,546,129764
TGT-2024Q1-REP041-DIAB02,REP-041,PRD-DIAB-02,2024,Q1,331,125293
TGT-2024Q2-REP041-RESP02,REP-041,PRD-RESP-02,2024,Q2,166,41987
TGT-2024Q2-REP041-CARD01,REP-041,PRD-CARD-01,2024,Q2,358,100338
TGT-2024Q2-REP041-RESP03,REP-041,PRD-RESP-03,2024,Q2,351,65783
TGT-2024Q2-REP041-RESP01,REP-041,PRD-RESP-01,2024,Q2,153,18220
TGT-2024Q2-REP041-DIAB03,REP-041,PRD-DIAB-03,2024,Q2,546,129764
TGT-2024Q2-REP041-DIAB02,REP-041,PRD-DIAB-02,2024,Q2,331,125293
TGT-2024Q3-REP041-RESP02,REP-041,PRD-RESP-02,2024,Q3,166,41987
TGT-2024Q3-REP041-CARD01,REP-041,PRD-CARD-01,2024,Q3,358,100338
TGT-2024Q3-REP041-RESP03,REP-041,PRD-RESP-03,2024,Q3,351,65783
TGT-2024Q3-REP041-RESP01,REP-041,PRD-RESP-01,2024,Q3,153,18220
TGT-2024Q3-REP041-DIAB03,REP-041,PRD-DIAB-03,2024,Q3,546,129764
TGT-2024Q3-REP041-DIAB02,REP-041,PRD-DIAB-02,2024,Q3,331,125293
TGT-2024Q4-REP041-RESP02,REP-041,PRD-RESP-02,2024,Q4,166,41987
TGT-2024Q4-REP041-CARD01,REP-041,PRD-CARD-01,2024,Q4,358,100338
TGT-2024Q4-REP041-RESP03,REP-041,PRD-RESP-03,2024,Q4,351,65783
TGT-2024Q4-REP041-RESP01,REP-041,PRD-RESP-01,2024,Q4,153,18220
TGT-2024Q4-REP041-DIAB03,REP-041,PRD-DIAB-03,2024,Q4,546,129764
TGT-2024Q4-REP041-DIAB02,REP-041,PRD-DIAB-02,2024,Q4,331,125293
TGT-2025Q1-REP041-RESP02,REP-041,PRD-RESP-02,2025,Q1,347,87276
TGT-2025Q1-REP041-CARD01,REP-041,PRD-CARD-01,2025,Q1,591,164150
TGT-2025Q1-REP041-RESP03,REP-041,PRD-RESP-03,2025,Q1,282,52518
TGT-2025Q1-REP041-RESP01,REP-041,PRD-RESP-01,2025,Q1,330,39170
TGT-2025Q1-REP041-DIAB03,REP-041,PRD-DIAB-03,2025,Q1,16,15848
TGT-2025Q1-REP041-DIAB02,REP-041,PRD-DIAB-02,2025,Q1,298,114155
TGT-2025Q2-REP041-RESP02,REP-041,PRD-RESP-02,2025,Q2,347,87276
TGT-2025Q2-REP041-CARD01,REP-041,PRD-CARD-01,2025,Q2,591,164150
TGT-2025Q2-REP041-RESP03,REP-041,PRD-RESP-03,2025,Q2,282,52518
TGT-2025Q2-REP041-RESP01,REP-041,PRD-RESP-01,2025,Q2,330,39170
TGT-2025Q2-REP041-DIAB03,REP-041,PRD-DIAB-03,2025,Q2,16,15848
TGT-2025Q2-REP041-DIAB02,REP-041,PRD-DIAB-02,2025,Q2,298,114155
TGT-2025Q3-REP041-RESP02,REP-041,PRD-RESP-02,2025,Q3,347,87276
TGT-2025Q3-REP041-CARD01,REP-041,PRD-CARD-01,2025,Q3,591,164150
TGT-2025Q3-REP041-RESP03,REP-041,PRD-RESP-03,2025,Q3,282,52518
TGT-2025Q3-REP041-RESP01,REP-041,PRD-RESP-01,2025,Q3,330,39170
TGT-2025Q3-REP041-DIAB03,REP-041,PRD-DIAB-03,2025,Q3,16,15848
TGT-2025Q3-REP041-DIAB02,REP-041,PRD-DIAB-02,2025,Q3,298,114155
TGT-2024Q2-REP042-CARD02,REP-042,PRD-CARD-02,2024,Q2,569,142057
TGT-2024Q2-REP042-DIAB02,REP-042,PRD-DIAB-02,2024,Q2,582,138334
TGT-2024Q2-REP042-GI03,REP-042,PRD-GI-03,2024,Q2,413,49891
TGT-2024Q2-REP042-GI02,REP-042,PRD-GI-02,2024,Q2,413,49891
TGT-2024Q2-REP042-RESP02,REP-042,PRD-RESP-02,2024,Q2,374,70127
TGT-2024Q2-REP042-RESP03,REP-042,PRD-RESP-03,2024,Q2,374,70127
TGT-2024Q3-REP042-CARD02,REP-042,PRD-CARD-02,2024,Q3,569,142057
TGT-2024Q3-REP042-DIAB02,REP-042,PRD-DIAB-02,2024,Q3,582,138334
TGT-2024Q3-REP042-GI03,REP-042,PRD-GI-03,2024,Q3,413,49891
TGT-2024Q3-REP042-GI02,REP-042,PRD-GI-02,2024,Q3,413,49891
TGT-2024Q3-REP042-RESP02,REP-042,PRD-RESP-02,2024,Q3,374,70127
TGT-2024Q3-REP042-RESP03,REP-042,PRD-RESP-03,2024,Q3,374,70127
TGT-2024Q4-REP042-CARD02,REP-042,PRD-CARD-02,2024,Q4,569,142057
TGT-2024Q4-REP042-DIAB02,REP-042,PRD-DIAB-02,2024,Q4,582,138334
TGT-2024Q4-REP042-GI03,REP-042,PRD-GI-03,2024,Q4,413,49891
TGT-2024Q4-REP042-GI02,REP-042,PRD-GI-02,2024,Q4,413,49891
TGT-2024Q4-REP042-RESP02,REP-042,PRD-RESP-02,2024,Q4,374,70127
TGT-2024Q4-REP042-RESP03,REP-042,PRD-RESP-03,2024,Q4,374,70127
TGT-2025Q1-REP042-CARD02,REP-042,PRD-CARD-02,2025,Q1,230,51484
TGT-2025Q1-REP042-DIAB02,REP-042,PRD-DIAB-02,2025,Q1,282,106910
TGT-2025Q1-REP042-GI03,REP-042,PRD-GI-03,2025,Q1,30,13086
TGT-2025Q1-REP042-GI02,REP-042,PRD-GI-02,2025,Q1,177,30337
TGT-2025Q1-REP042-RESP02,REP-042,PRD-RESP-02,2025,Q1,223,55875
TGT-2025Q1-REP042-RESP03,REP-042,PRD-RESP-03,2025,Q1,301,55986
TGT-2025Q2-REP042-CARD02,REP-042,PRD-CARD-02,2025,Q2,230,51484
TGT-2025Q2-REP042-DIAB02,REP-042,PRD-DIAB-02,2025,Q2,282,106910
TGT-2025Q2-REP042-GI03,REP-042,PRD-GI-03,2025,Q2,30,13086
TGT-2025Q2-REP042-GI02,REP-042,PRD-GI-02,2025,Q2,177,30337
TGT-2025Q2-REP042-RESP02,REP-042,PRD-RESP-02,2025,Q2,223,55875
TGT-2025Q2-REP042-RESP03,REP-042,PRD-RESP-03,2025,Q2,301,55986
TGT-2025Q3-REP042-CARD02,REP-042,PRD-CARD-02,2025,Q3,230,51484
TGT-2025Q3-REP042-DIAB02,REP-042,PRD-DIAB-02,2025,Q3,282,106910
TGT-2025Q3-REP042-GI03,REP-042,PRD-GI-03,2025,Q3,30,13086
TGT-2025Q3-REP042-GI02,REP-042,PRD-GI-02,2025,Q3,177,30337
TGT-2025Q3-REP042-RESP02,REP-042,PRD-RESP-02,2025,Q3,223,55875
TGT-2025Q3-REP042-RESP03,REP-042,PRD-RESP-03,2025,Q3,301,55986
TGT-2025Q4-REP042-CARD02,REP-042,PRD-CARD-02,2025,Q4,230,51484
TGT-2025Q4-REP042-DIAB02,REP-042,PRD-DIAB-02,2025,Q4,282,106910
TGT-2025Q4-REP042-GI03,REP-042,PRD-GI-03,2025,Q4,30,13086
TGT-2025Q4-REP042-GI02,REP-042,PRD-GI-02,2025,Q4,177,30337
TGT-2025Q4-REP042-RESP02,REP-042,PRD-RESP-02,2025,Q4,223,55875
TGT-2025Q4-REP042-RESP03,REP-042,PRD-RESP-03,2025,Q4,301,55986
TGT-2024Q1-REP043-GI01,REP-043,PRD-GI-01,2024,Q1,659,46521
TGT-2024Q1-REP043-GI02,REP-043,PRD-GI-02,2024,Q1,427,73154
TGT-2024Q1-REP043-DIAB01,REP-043,PRD-DIAB-01,2024,Q1,683,64806
TGT-2024Q1-REP043-CARD01,REP-043,PRD-CARD-01,2024,Q1,547,152800
TGT-2024Q1-REP043-RESP01,REP-043,PRD-RESP-01,2024,Q1,420,49528
TGT-2024Q1-REP043-RESP02,REP-043,PRD-RESP-02,2024,Q1,371,94665
TGT-2024Q2-REP043-GI01,REP-043,PRD-GI-01,2024,Q2,659,46521
TGT-2024Q2-REP043-GI02,REP-043,PRD-GI-02,2024,Q2,427,73154
TGT-2024Q2-REP043-DIAB01,REP-043,PRD-DIAB-01,2024,Q2,683,64806
TGT-2024Q2-REP043-CARD01,REP-043,PRD-CARD-01,2024,Q2,547,152800
TGT-2024Q2-REP043-RESP01,REP-043,PRD-RESP-01,2024,Q2,420,49528
TGT-2024Q2-REP043-RESP02,REP-043,PRD-RESP-02,2024,Q2,371,94665
TGT-2024Q3-REP043-GI01,REP-043,PRD-GI-01,2024,Q3,659,46521
TGT-2024Q3-REP043-GI02,REP-043,PRD-GI-02,2024,Q3,427,73154
TGT-2024Q3-REP043-DIAB01,REP-043,PRD-DIAB-01,2024,Q3,683,64806
TGT-2024Q3-REP043-CARD01,REP-043,PRD-CARD-01,2024,Q3,547,152800
TGT-2024Q3-REP043-RESP01,REP-043,PRD-RESP-01,2024,Q3,420,49528
TGT-2024Q3-REP043-RESP02,REP-043,PRD-RESP-02,2024,Q3,371,94665
TGT-2024Q4-REP043-GI01,REP-043,PRD-GI-01,2024,Q4,659,46521
TGT-2024Q4-REP043-GI02,REP-043,PRD-GI-02,2024,Q4,427,73154
TGT-2024Q4-REP043-DIAB01,REP-043,PRD-DIAB-01,2024,Q4,683,64806
TGT-2024Q4-REP043-CARD01,REP-043,PRD-CARD-01,2024,Q4,547,152800
TGT-2024Q4-REP043-RESP01,REP-043,PRD-RESP-01,2024,Q4,420,49528
TGT-2024Q4-REP043-RESP02,REP-043,PRD-RESP-02,2024,Q4,371,94665
TGT-2025Q1-REP043-GI01,REP-043,PRD-GI-01,2025,Q1,422,30191
TGT-2025Q1-REP043-GI02,REP-043,PRD-GI-02,2025,Q1,419,72579
TGT-2025Q1-REP043-DIAB01,REP-043,PRD-DIAB-01,2025,Q1,438,41889
TGT-2025Q1-REP043-CARD01,REP-043,PRD-CARD-01,2025,Q1,407,112633
TGT-2025Q1-REP043-RESP01,REP-043,PRD-RESP-01,2025,Q1,366,43490
TGT-2025Q1-REP043-RESP02,REP-043,PRD-RESP-02,2025,Q1,383,98714
TGT-2025Q2-REP043-GI01,REP-043,PRD-GI-01,2025,Q2,422,30191
TGT-2025Q2-REP043-GI02,REP-043,PRD-GI-02,2025,Q2,419,72579
TGT-2025Q2-REP043-DIAB01,REP-043,PRD-DIAB-01,2025,Q2,438,41889
TGT-2025Q2-REP043-CARD01,REP-043,PRD-CARD-01,2025,Q2,407,112633
TGT-2025Q2-REP043-RESP01,REP-043,PRD-RESP-01,2025,Q2,366,43490
TGT-2025Q2-REP043-RESP02,REP-043,PRD-RESP-02,2025,Q2,383,98714
TGT-2025Q3-REP043-GI01,REP-043,PRD-GI-01,2025,Q3,422,30191
TGT-2025Q3-REP043-GI02,REP-043,PRD-GI-02,2025,Q3,419,72579
TGT-2025Q3-REP043-DIAB01,REP-043,PRD-DIAB-01,2025,Q3,438,41889
TGT-2025Q3-REP043-CARD01,REP-043,PRD-CARD-01,2025,Q3,407,112633
TGT-2025Q3-REP043-RESP01,REP-043,PRD-RESP-01,2025,Q3,366,43490
TGT-2025Q3-REP043-RESP02,REP-043,PRD-RESP-02,2025,Q3,383,98714
TGT-2025Q4-REP043-GI01,REP-043,PRD-GI-01,2025,Q4,422,30191
TGT-2025Q4-REP043-GI02,REP-043,PRD-GI-02,2025,Q4,419,72579
TGT-2025Q4-REP043-DIAB01,REP-043,PRD-DIAB-01,2025,Q4,438,41889
TGT-2025Q4-REP043-CARD01,REP-043,PRD-CARD-01,2025,Q4,407,112633
TGT-2025Q4-REP043-RESP01,REP-043,PRD-RESP-01,2025,Q4,366,43490
TGT-2025Q4-REP043-RESP02,REP-043,PRD-RESP-02,2025,Q4,383,98714
TGT-2024Q1-REP044-CARD01,REP-044,PRD-CARD-01,2024,Q1,416,115625
TGT-2024Q1-REP044-GI01,REP-044,PRD-GI-01,2024,Q1,314,22303
TGT-2024Q1-REP044-GI03,REP-044,PRD-GI-03,2024,Q1,343,41502
TGT-2024Q1-REP044-GI02,REP-044,PRD-GI-02,2024,Q1,420,73535
TGT-2024Q1-REP044-RESP03,REP-044,PRD-RESP-03,2024,Q1,311,58336
TGT-2024Q1-REP044-RESP02,REP-044,PRD-RESP-02,2024,Q1,234,59629
TGT-2024Q2-REP044-CARD01,REP-044,PRD-CARD-01,2024,Q2,416,115625
TGT-2024Q2-REP044-GI01,REP-044,PRD-GI-01,2024,Q2,314,22303
TGT-2024Q2-REP044-GI03,REP-044,PRD-GI-03,2024,Q2,343,41502
TGT-2024Q2-REP044-GI02,REP-044,PRD-GI-02,2024,Q2,420,73535
TGT-2024Q2-REP044-RESP03,REP-044,PRD-RESP-03,2024,Q2,311,58336
TGT-2024Q2-REP044-RESP02,REP-044,PRD-RESP-02,2024,Q2,234,59629
TGT-2024Q3-REP044-CARD01,REP-044,PRD-CARD-01,2024,Q3,416,115625
TGT-2024Q3-REP044-GI01,REP-044,PRD-GI-01,2024,Q3,314,22303
TGT-2024Q3-REP044-GI03,REP-044,PRD-GI-03,2024,Q3,343,41502
TGT-2024Q3-REP044-GI02,REP-044,PRD-GI-02,2024,Q3,420,73535
TGT-2024Q3-REP044-RESP03,REP-044,PRD-RESP-03,2024,Q3,311,58336
TGT-2024Q3-REP044-RESP02,REP-044,PRD-RESP-02,2024,Q3,234,59629
TGT-2024Q1-REP045-DIAB01,REP-045,PRD-DIAB-01,2024,Q1,677,64045
TGT-2024Q1-REP045-DIAB03,REP-045,PRD-DIAB-03,2024,Q1,556,132213
TGT-2024Q1-REP045-GI02,REP-045,PRD-GI-02,2024,Q1,378,66088
TGT-2024Q1-REP045-CARD03,REP-045,PRD-CARD-03,2024,Q1,543,135771
TGT-2024Q1-REP045-RESP01,REP-045,PRD-RESP-01,2024,Q1,380,44696
TGT-2024Q1-REP045-RESP02,REP-045,PRD-RESP-02,2024,Q1,474,119154
TGT-2024Q2-REP045-DIAB01,REP-045,PRD-DIAB-01,2024,Q2,677,64045
TGT-2024Q2-REP045-DIAB03,REP-045,PRD-DIAB-03,2024,Q2,556,132213
TGT-2024Q2-REP045-GI02,REP-045,PRD-GI-02,2024,Q2,378,66088
TGT-2024Q2-REP045-CARD03,REP-045,PRD-CARD-03,2024,Q2,543,135771
TGT-2024Q2-REP045-RESP01,REP-045,PRD-RESP-01,2024,Q2,380,44696
TGT-2024Q2-REP045-RESP02,REP-045,PRD-RESP-02,2024,Q2,474,119154
TGT-2024Q3-REP045-DIAB01,REP-045,PRD-DIAB-01,2024,Q3,677,64045
TGT-2024Q3-REP045-DIAB03,REP-045,PRD-DIAB-03,2024,Q3,556,132213
TGT-2024Q3-REP045-GI02,REP-045,PRD-GI-02,2024,Q3,378,66088
TGT-2024Q3-REP045-CARD03,REP-045,PRD-CARD-03,2024,Q3,543,135771
TGT-2024Q3-REP045-RESP01,REP-045,PRD-RESP-01,2024,Q3,380,44696
TGT-2024Q3-REP045-RESP02,REP-045,PRD-RESP-02,2024,Q3,474,119154
TGT-2024Q4-REP045-DIAB01,REP-045,PRD-DIAB-01,2024,Q4,677,64045
TGT-2024Q4-REP045-DIAB03,REP-045,PRD-DIAB-03,2024,Q4,556,132213
TGT-2024Q4-REP045-GI02,REP-045,PRD-GI-02,2024,Q4,378,66088
TGT-2024Q4-REP045-CARD03,REP-045,PRD-CARD-03,2024,Q4,543,135771
TGT-2024Q4-REP045-RESP01,REP-045,PRD-RESP-01,2024,Q4,380,44696
TGT-2024Q4-REP045-RESP02,REP-045,PRD-RESP-02,2024,Q4,474,119154
TGT-2025Q1-REP045-DIAB01,REP-045,PRD-DIAB-01,2025,Q1,328,31435
TGT-2025Q1-REP045-DIAB03,REP-045,PRD-DIAB-03,2025,Q1,10,9133
TGT-2025Q1-REP045-GI02,REP-045,PRD-GI-02,2025,Q1,281,49089
TGT-2025Q1-REP045-CARD03,REP-045,PRD-CARD-03,2025,Q1,61,33651
TGT-2025Q1-REP045-RESP01,REP-045,PRD-RESP-01,2025,Q1,424,49562
TGT-2025Q1-REP045-RESP02,REP-045,PRD-RESP-02,2025,Q1,214,54343
TGT-2025Q2-REP045-DIAB01,REP-045,PRD-DIAB-01,2025,Q2,328,31435
TGT-2025Q2-REP045-DIAB03,REP-045,PRD-DIAB-03,2025,Q2,10,9133
TGT-2025Q2-REP045-GI02,REP-045,PRD-GI-02,2025,Q2,281,49089
TGT-2025Q2-REP045-CARD03,REP-045,PRD-CARD-03,2025,Q2,61,33651
TGT-2025Q2-REP045-RESP01,REP-045,PRD-RESP-01,2025,Q2,424,49562
TGT-2025Q2-REP045-RESP02,REP-045,PRD-RESP-02,2025,Q2,214,54343
TGT-2025Q3-REP045-DIAB01,REP-045,PRD-DIAB-01,2025,Q3,328,31435
TGT-2025Q3-REP045-DIAB03,REP-045,PRD-DIAB-03,2025,Q3,10,9133
TGT-2025Q3-REP045-GI02,REP-045,PRD-GI-02,2025,Q3,281,49089
TGT-2025Q3-REP045-CARD03,REP-045,PRD-CARD-03,2025,Q3,61,33651
TGT-2025Q3-REP045-RESP01,REP-045,PRD-RESP-01,2025,Q3,424,49562
TGT-2025Q3-REP045-RESP02,REP-045,PRD-RESP-02,2025,Q3,214,54343
TGT-2025Q4-REP045-DIAB01,REP-045,PRD-DIAB-01,2025,Q4,328,31435
TGT-2025Q4-REP045-DIAB03,REP-045,PRD-DIAB-03,2025,Q4,10,9133
TGT-2025Q4-REP045-GI02,REP-045,PRD-GI-02,2025,Q4,281,49089
TGT-2025Q4-REP045-CARD03,REP-045,PRD-CARD-03,2025,Q4,61,33651
TGT-2025Q4-REP045-RESP01,REP-045,PRD-RESP-01,2025,Q4,424,49562
TGT-2025Q4-REP045-RESP02,REP-045,PRD-RESP-02,2025,Q4,214,54343
TGT-2024Q1-REP046-CARD01,REP-046,PRD-CARD-01,2024,Q1,582,160360
TGT-2024Q1-REP046-CARD02,REP-046,PRD-CARD-02,2024,Q1,541,119589
TGT-2024Q1-REP046-CARD03,REP-046,PRD-CARD-03,2024,Q1,463,115657
TGT-2024Q1-REP046-DIAB01,REP-046,PRD-DIAB-01,2024,Q1,524,49814
TGT-2024Q1-REP046-RESP01,REP-046,PRD-RESP-01,2024,Q1,345,40837
TGT-2024Q1-REP046-RESP03,REP-046,PRD-RESP-03,2024,Q1,304,57094
TGT-2024Q1-REP047-DIAB03,REP-047,PRD-DIAB-03,2024,Q1,597,142006
TGT-2024Q1-REP047-GI01,REP-047,PRD-GI-01,2024,Q1,422,29320
TGT-2024Q1-REP047-DIAB02,REP-047,PRD-DIAB-02,2024,Q1,640,242031
TGT-2024Q1-REP047-DIAB01,REP-047,PRD-DIAB-01,2024,Q1,506,48157
TGT-2024Q1-REP047-RESP02,REP-047,PRD-RESP-02,2024,Q1,511,129893
TGT-2024Q1-REP047-RESP01,REP-047,PRD-RESP-01,2024,Q1,473,56231
TGT-2024Q2-REP047-DIAB03,REP-047,PRD-DIAB-03,2024,Q2,597,142006
TGT-2024Q2-REP047-GI01,REP-047,PRD-GI-01,2024,Q2,422,29320
TGT-2024Q2-REP047-DIAB02,REP-047,PRD-DIAB-02,2024,Q2,640,242031
TGT-2024Q2-REP047-DIAB01,REP-047,PRD-DIAB-01,2024,Q2,506,48157
TGT-2024Q2-REP047-RESP02,REP-047,PRD-RESP-02,2024,Q2,511,129893
TGT-2024Q2-REP047-RESP01,REP-047,PRD-RESP-01,2024,Q2,473,56231
TGT-2024Q3-REP047-DIAB03,REP-047,PRD-DIAB-03,2024,Q3,597,142006
TGT-2024Q3-REP047-GI01,REP-047,PRD-GI-01,2024,Q3,422,29320
TGT-2024Q3-REP047-DIAB02,REP-047,PRD-DIAB-02,2024,Q3,640,242031
TGT-2024Q3-REP047-DIAB01,REP-047,PRD-DIAB-01,2024,Q3,506,48157
TGT-2024Q3-REP047-RESP02,REP-047,PRD-RESP-02,2024,Q3,511,129893
TGT-2024Q3-REP047-RESP01,REP-047,PRD-RESP-01,2024,Q3,473,56231
TGT-2024Q4-REP047-DIAB03,REP-047,PRD-DIAB-03,2024,Q4,597,142006
TGT-2024Q4-REP047-GI01,REP-047,PRD-GI-01,2024,Q4,422,29320
TGT-2024Q4-REP047-DIAB02,REP-047,PRD-DIAB-02,2024,Q4,640,242031
TGT-2024Q4-REP047-DIAB01,REP-047,PRD-DIAB-01,2024,Q4,506,48157
TGT-2024Q4-REP047-RESP02,REP-047,PRD-RESP-02,2024,Q4,511,129893
TGT-2024Q4-REP047-RESP01,REP-047,PRD-RESP-01,2024,Q4,473,56231
TGT-2025Q1-REP047-DIAB03,REP-047,PRD-DIAB-03,2025,Q1,11,11187
TGT-2025Q1-REP047-GI01,REP-047,PRD-GI-01,2025,Q1,288,20507
TGT-2025Q1-REP047-DIAB02,REP-047,PRD-DIAB-02,2025,Q1,551,208693
TGT-2025Q1-REP047-DIAB01,REP-047,PRD-DIAB-01,2025,Q1,494,46826
TGT-2025Q1-REP047-RESP02,REP-047,PRD-RESP-02,2025,Q1,404,102913
TGT-2025Q1-REP047-RESP01,REP-047,PRD-RESP-01,2025,Q1,343,40308
TGT-2025Q2-REP047-DIAB03,REP-047,PRD-DIAB-03,2025,Q2,11,11187
TGT-2025Q2-REP047-GI01,REP-047,PRD-GI-01,2025,Q2,288,20507
TGT-2025Q2-REP047-DIAB02,REP-047,PRD-DIAB-02,2025,Q2,551,208693
TGT-2025Q2-REP047-DIAB01,REP-047,PRD-DIAB-01,2025,Q2,494,46826
TGT-2025Q2-REP047-RESP02,REP-047,PRD-RESP-02,2025,Q2,404,102913
TGT-2025Q2-REP047-RESP01,REP-047,PRD-RESP-01,2025,Q2,343,40308
TGT-2025Q3-REP047-DIAB03,REP-047,PRD-DIAB-03,2025,Q3,11,11187
TGT-2025Q3-REP047-GI01,REP-047,PRD-GI-01,2025,Q3,288,20507
TGT-2025Q3-REP047-DIAB02,REP-047,PRD-DIAB-02,2025,Q3,551,208693
TGT-2025Q3-REP047-DIAB01,REP-047,PRD-DIAB-01,2025,Q3,494,46826
TGT-2025Q3-REP047-RESP02,REP-047,PRD-RESP-02,2025,Q3,404,102913
TGT-2025Q3-REP047-RESP01,REP-047,PRD-RESP-01,2025,Q3,343,40308
TGT-2025Q4-REP047-DIAB03,REP-047,PRD-DIAB-03,2025,Q4,11,11187
TGT-2025Q4-REP047-GI01,REP-047,PRD-GI-01,2025,Q4,288,20507
TGT-2025Q4-REP047-DIAB02,REP-047,PRD-DIAB-02,2025,Q4,551,208693
TGT-2025Q4-REP047-DIAB01,REP-047,PRD-DIAB-01,2025,Q4,494,46826
TGT-2025Q4-REP047-RESP02,REP-047,PRD-RESP-02,2025,Q4,404,102913
TGT-2025Q4-REP047-RESP01,REP-047,PRD-RESP-01,2025,Q4,343,40308
TGT-2024Q1-REP048-GI01,REP-048,PRD-GI-01,2024,Q1,507,36027
TGT-2024Q1-REP048-GI03,REP-048,PRD-GI-03,2024,Q1,402,48567
TGT-2024Q1-REP048-DIAB02,REP-048,PRD-DIAB-02,2024,Q1,562,213474
TGT-2024Q1-REP048-CARD03,REP-048,PRD-CARD-03,2024,Q1,554,138286
TGT-2024Q1-REP048-RESP01,REP-048,PRD-RESP-01,2024,Q1,385,45400
TGT-2024Q1-REP048-RESP03,REP-048,PRD-RESP-03,2024,Q1,364,68265
TGT-2024Q2-REP048-GI01,REP-048,PRD-GI-01,2024,Q2,507,36027
TGT-2024Q2-REP048-GI03,REP-048,PRD-GI-03,2024,Q2,402,48567
TGT-2024Q2-REP048-DIAB02,REP-048,PRD-DIAB-02,2024,Q2,562,213474
TGT-2024Q2-REP048-CARD03,REP-048,PRD-CARD-03,2024,Q2,554,138286
TGT-2024Q2-REP048-RESP01,REP-048,PRD-RESP-01,2024,Q2,385,45400
TGT-2024Q2-REP048-RESP03,REP-048,PRD-RESP-03,2024,Q2,364,68265
TGT-2024Q1-REP049-CARD03,REP-049,PRD-CARD-03,2024,Q1,538,134514
TGT-2024Q1-REP049-DIAB02,REP-049,PRD-DIAB-02,2024,Q1,441,165634
TGT-2024Q1-REP049-DIAB03,REP-049,PRD-DIAB-03,2024,Q1,551,130989
TGT-2024Q1-REP049-DIAB01,REP-049,PRD-DIAB-01,2024,Q1,726,69675
TGT-2024Q1-REP049-RESP02,REP-049,PRD-RESP-02,2024,Q1,399,101290
TGT-2024Q1-REP049-RESP01,REP-049,PRD-RESP-01,2024,Q1,299,35106
TGT-2024Q2-REP049-CARD03,REP-049,PRD-CARD-03,2024,Q2,538,134514
TGT-2024Q2-REP049-DIAB02,REP-049,PRD-DIAB-02,2024,Q2,441,165634
TGT-2024Q2-REP049-DIAB03,REP-049,PRD-DIAB-03,2024,Q2,551,130989
TGT-2024Q2-REP049-DIAB01,REP-049,PRD-DIAB-01,2024,Q2,726,69675
TGT-2024Q2-REP049-RESP02,REP-049,PRD-RESP-02,2024,Q2,399,101290
TGT-2024Q2-REP049-RESP01,REP-049,PRD-RESP-01,2024,Q2,299,35106
TGT-2024Q3-REP049-CARD03,REP-049,PRD-CARD-03,2024,Q3,538,134514
TGT-2024Q3-REP049-DIAB02,REP-049,PRD-DIAB-02,2024,Q3,441,165634
TGT-2024Q3-REP049-DIAB03,REP-049,PRD-DIAB-03,2024,Q3,551,130989
TGT-2024Q3-REP049-DIAB01,REP-049,PRD-DIAB-01,2024,Q3,726,69675
TGT-2024Q3-REP049-RESP02,REP-049,PRD-RESP-02,2024,Q3,399,101290
TGT-2024Q3-REP049-RESP01,REP-049,PRD-RESP-01,2024,Q3,299,35106
TGT-2024Q4-REP049-CARD03,REP-049,PRD-CARD-03,2024,Q4,538,134514
TGT-2024Q4-REP049-DIAB02,REP-049,PRD-DIAB-02,2024,Q4,441,165634
TGT-2024Q4-REP049-DIAB03,REP-049,PRD-DIAB-03,2024,Q4,551,130989
TGT-2024Q4-REP049-DIAB01,REP-049,PRD-DIAB-01,2024,Q4,726,69675
TGT-2024Q4-REP049-RESP02,REP-049,PRD-RESP-02,2024,Q4,399,101290
TGT-2024Q4-REP049-RESP01,REP-049,PRD-RESP-01,2024,Q4,299,35106
TGT-2025Q1-REP049-CARD03,REP-049,PRD-CARD-03,2025,Q1,52,28422
TGT-2025Q1-REP049-DIAB02,REP-049,PRD-DIAB-02,2025,Q1,547,206513
TGT-2025Q1-REP049-DIAB03,REP-049,PRD-DIAB-03,2025,Q1,11,11129
TGT-2025Q1-REP049-DIAB01,REP-049,PRD-DIAB-01,2025,Q1,334,32040
TGT-2025Q1-REP049-RESP02,REP-049,PRD-RESP-02,2025,Q1,235,59152
TGT-2025Q1-REP049-RESP01,REP-049,PRD-RESP-01,2025,Q1,471,56367
TGT-2025Q2-REP049-CARD03,REP-049,PRD-CARD-03,2025,Q2,52,28422
TGT-2025Q2-REP049-DIAB02,REP-049,PRD-DIAB-02,2025,Q2,547,206513
TGT-2025Q2-REP049-DIAB03,REP-049,PRD-DIAB-03,2025,Q2,11,11129
TGT-2025Q2-REP049-DIAB01,REP-049,PRD-DIAB-01,2025,Q2,334,32040
TGT-2025Q2-REP049-RESP02,REP-049,PRD-RESP-02,2025,Q2,235,59152
TGT-2025Q2-REP049-RESP01,REP-049,PRD-RESP-01,2025,Q2,471,56367
TGT-2025Q3-REP049-CARD03,REP-049,PRD-CARD-03,2025,Q3,52,28422
TGT-2025Q3-REP049-DIAB02,REP-049,PRD-DIAB-02,2025,Q3,547,206513
TGT-2025Q3-REP049-DIAB03,REP-049,PRD-DIAB-03,2025,Q3,11,11129
TGT-2025Q3-REP049-DIAB01,REP-049,PRD-DIAB-01,2025,Q3,334,32040
TGT-2025Q3-REP049-RESP02,REP-049,PRD-RESP-02,2025,Q3,235,59152
TGT-2025Q3-REP049-RESP01,REP-049,PRD-RESP-01,2025,Q3,471,56367
TGT-2025Q4-REP049-CARD03,REP-049,PRD-CARD-03,2025,Q4,52,28422
TGT-2025Q4-REP049-DIAB02,REP-049,PRD-DIAB-02,2025,Q4,547,206513
TGT-2025Q4-REP049-DIAB03,REP-049,PRD-DIAB-03,2025,Q4,11,11129
TGT-2025Q4-REP049-DIAB01,REP-049,PRD-DIAB-01,2025,Q4,334,32040
TGT-2025Q4-REP049-RESP02,REP-049,PRD-RESP-02,2025,Q4,235,59152
TGT-2025Q4-REP049-RESP01,REP-049,PRD-RESP-01,2025,Q4,471,56367
TGT-2024Q1-REP050-GI02,REP-050,PRD-GI-02,2024,Q1,409,71204
TGT-2024Q1-REP050-DIAB01,REP-050,PRD-DIAB-01,2024,Q1,755,70839
TGT-2024Q1-REP050-GI01,REP-050,PRD-GI-01,2024,Q1,308,21544
TGT-2024Q1-REP050-CARD03,REP-050,PRD-CARD-03,2024,Q1,483,120685
TGT-2024Q1-REP050-RESP01,REP-050,PRD-RESP-01,2024,Q1,447,52660
TGT-2024Q1-REP050-RESP03,REP-050,PRD-RESP-03,2024,Q1,317,59577
TGT-2024Q2-REP050-GI02,REP-050,PRD-GI-02,2024,Q2,409,71204
TGT-2024Q2-REP050-DIAB01,REP-050,PRD-DIAB-01,2024,Q2,755,70839
TGT-2024Q2-REP050-GI01,REP-050,PRD-GI-01,2024,Q2,308,21544
TGT-2024Q2-REP050-CARD03,REP-050,PRD-CARD-03,2024,Q2,483,120685
TGT-2024Q2-REP050-RESP01,REP-050,PRD-RESP-01,2024,Q2,447,52660
TGT-2024Q2-REP050-RESP03,REP-050,PRD-RESP-03,2024,Q2,317,59577
TGT-2024Q3-REP050-GI02,REP-050,PRD-GI-02,2024,Q3,409,71204
TGT-2024Q3-REP050-DIAB01,REP-050,PRD-DIAB-01,2024,Q3,755,70839
TGT-2024Q3-REP050-GI01,REP-050,PRD-GI-01,2024,Q3,308,21544
TGT-2024Q3-REP050-CARD03,REP-050,PRD-CARD-03,2024,Q3,483,120685
TGT-2024Q3-REP050-RESP01,REP-050,PRD-RESP-01,2024,Q3,447,52660
TGT-2024Q3-REP050-RESP03,REP-050,PRD-RESP-03,2024,Q3,317,59577
TGT-2024Q4-REP050-GI02,REP-050,PRD-GI-02,2024,Q4,409,71204
TGT-2024Q4-REP050-DIAB01,REP-050,PRD-DIAB-01,2024,Q4,755,70839
TGT-2024Q4-REP050-GI01,REP-050,PRD-GI-01,2024,Q4,308,21544
TGT-2024Q4-REP050-CARD03,REP-050,PRD-CARD-03,2024,Q4,483,120685
TGT-2024Q4-REP050-RESP01,REP-050,PRD-RESP-01,2024,Q4,447,52660
TGT-2024Q4-REP050-RESP03,REP-050,PRD-RESP-03,2024,Q4,317,59577
TGT-2025Q1-REP050-GI02,REP-050,PRD-GI-02,2025,Q1,242,42598
TGT-2025Q1-REP050-DIAB01,REP-050,PRD-DIAB-01,2025,Q1,571,54351
TGT-2025Q1-REP050-GI01,REP-050,PRD-GI-01,2025,Q1,278,19400
TGT-2025Q1-REP050-CARD03,REP-050,PRD-CARD-03,2025,Q1,57,30759
TGT-2025Q1-REP050-RESP01,REP-050,PRD-RESP-01,2025,Q1,305,36077
TGT-2025Q1-REP050-RESP03,REP-050,PRD-RESP-03,2025,Q1,256,47563
TGT-2025Q2-REP050-GI02,REP-050,PRD-GI-02,2025,Q2,242,42598
TGT-2025Q2-REP050-DIAB01,REP-050,PRD-DIAB-01,2025,Q2,571,54351
TGT-2025Q2-REP050-GI01,REP-050,PRD-GI-01,2025,Q2,278,19400
TGT-2025Q2-REP050-CARD03,REP-050,PRD-CARD-03,2025,Q2,57,30759
TGT-2025Q2-REP050-RESP01,REP-050,PRD-RESP-01,2025,Q2,305,36077
TGT-2025Q2-REP050-RESP03,REP-050,PRD-RESP-03,2025,Q2,256,47563
TGT-2025Q3-REP050-GI02,REP-050,PRD-GI-02,2025,Q3,242,42598
TGT-2025Q3-REP050-DIAB01,REP-050,PRD-DIAB-01,2025,Q3,571,54351
TGT-2025Q3-REP050-GI01,REP-050,PRD-GI-01,2025,Q3,278,19400
TGT-2025Q3-REP050-CARD03,REP-050,PRD-CARD-03,2025,Q3,57,30759
TGT-2025Q3-REP050-RESP01,REP-050,PRD-RESP-01,2025,Q3,305,36077
TGT-2025Q3-REP050-RESP03,REP-050,PRD-RESP-03,2025,Q3,256,47563
TGT-2025Q4-REP050-GI02,REP-050,PRD-GI-02,2025,Q4,242,42598
TGT-2025Q4-REP050-DIAB01,REP-050,PRD-DIAB-01,2025,Q4,571,54351
TGT-2025Q4-REP050-GI01,REP-050,PRD-GI-01,2025,Q4,278,19400
TGT-2025Q4-REP050-CARD03,REP-050,PRD-CARD-03,2025,Q4,57,30759
TGT-2025Q4-REP050-RESP01,REP-050,PRD-RESP-01,2025,Q4,305,36077
TGT-2025Q4-REP050-RESP03,REP-050,PRD-RESP-03,2025,Q4,256,47563
TGT-2024Q3-REP052-DIAB03,REP-052,PRD-DIAB-03,2024,Q3,525,124868
TGT-2024Q3-REP052-CARD01,REP-052,PRD-CARD-01,2024,Q3,513,128228
TGT-2024Q3-REP052-RESP02,REP-052,PRD-RESP-02,2024,Q3,337,63300
TGT-2024Q3-REP052-DIAB02,REP-052,PRD-DIAB-02,2024,Q3,525,124868
TGT-2024Q3-REP052-GI01,REP-052,PRD-GI-01,2024,Q3,373,45034
TGT-2024Q3-REP052-GI02,REP-052,PRD-GI-02,2024,Q3,373,45034
TGT-2024Q4-REP052-DIAB03,REP-052,PRD-DIAB-03,2024,Q4,525,124868
TGT-2024Q4-REP052-CARD01,REP-052,PRD-CARD-01,2024,Q4,513,128228
TGT-2024Q4-REP052-RESP02,REP-052,PRD-RESP-02,2024,Q4,337,63300
TGT-2024Q4-REP052-DIAB02,REP-052,PRD-DIAB-02,2024,Q4,525,124868
TGT-2024Q4-REP052-GI01,REP-052,PRD-GI-01,2024,Q4,373,45034
TGT-2024Q4-REP052-GI02,REP-052,PRD-GI-02,2024,Q4,373,45034
TGT-2025Q1-REP052-DIAB03,REP-052,PRD-DIAB-03,2025,Q1,263,65856
TGT-2025Q1-REP052-CARD01,REP-052,PRD-CARD-01,2025,Q1,236,66118
TGT-2025Q1-REP052-RESP02,REP-052,PRD-RESP-02,2025,Q1,272,50536
TGT-2025Q1-REP052-DIAB02,REP-052,PRD-DIAB-02,2025,Q1,263,65856
TGT-2025Q1-REP052-GI01,REP-052,PRD-GI-01,2025,Q1,187,26681
TGT-2025Q1-REP052-GI02,REP-052,PRD-GI-02,2025,Q1,187,26681
TGT-2025Q2-REP052-DIAB03,REP-052,PRD-DIAB-03,2025,Q2,263,65856
TGT-2025Q2-REP052-CARD01,REP-052,PRD-CARD-01,2025,Q2,236,66118
TGT-2025Q2-REP052-RESP02,REP-052,PRD-RESP-02,2025,Q2,272,50536
TGT-2025Q2-REP052-DIAB02,REP-052,PRD-DIAB-02,2025,Q2,263,65856
TGT-2025Q2-REP052-GI01,REP-052,PRD-GI-01,2025,Q2,187,26681
TGT-2025Q2-REP052-GI02,REP-052,PRD-GI-02,2025,Q2,187,26681
TGT-2025Q3-REP052-DIAB03,REP-052,PRD-DIAB-03,2025,Q3,263,65856
TGT-2025Q3-REP052-CARD01,REP-052,PRD-CARD-01,2025,Q3,236,66118
TGT-2025Q3-REP052-RESP02,REP-052,PRD-RESP-02,2025,Q3,272,50536
TGT-2025Q3-REP052-DIAB02,REP-052,PRD-DIAB-02,2025,Q3,263,65856
TGT-2025Q3-REP052-GI01,REP-052,PRD-GI-01,2025,Q3,187,26681
TGT-2025Q3-REP052-GI02,REP-052,PRD-GI-02,2025,Q3,187,26681
TGT-2025Q4-REP052-DIAB03,REP-052,PRD-DIAB-03,2025,Q4,263,65856
TGT-2025Q4-REP052-CARD01,REP-052,PRD-CARD-01,2025,Q4,236,66118
TGT-2025Q4-REP052-RESP02,REP-052,PRD-RESP-02,2025,Q4,272,50536
TGT-2025Q4-REP052-DIAB02,REP-052,PRD-DIAB-02,2025,Q4,263,65856
TGT-2025Q4-REP052-GI01,REP-052,PRD-GI-01,2025,Q4,187,26681
TGT-2025Q4-REP052-GI02,REP-052,PRD-GI-02,2025,Q4,187,26681
TGT-2026Q1-REP052-DIAB03,REP-052,PRD-DIAB-03,2026,Q1,261,121019
TGT-2026Q1-REP052-CARD01,REP-052,PRD-CARD-01,2026,Q1,256,88283
TGT-2026Q1-REP052-RESP02,REP-052,PRD-RESP-02,2026,Q1,152,26841
TGT-2026Q1-REP052-DIAB02,REP-052,PRD-DIAB-02,2026,Q1,261,121019
TGT-2026Q1-REP052-GI01,REP-052,PRD-GI-01,2026,Q1,185,41454
TGT-2026Q1-REP052-GI02,REP-052,PRD-GI-02,2026,Q1,185,41454
TGT-2024Q1-REP053-GI02,REP-053,PRD-GI-02,2024,Q1,409,49450
TGT-2024Q1-REP053-GI03,REP-053,PRD-GI-03,2024,Q1,409,49450
TGT-2024Q1-REP053-CARD02,REP-053,PRD-CARD-02,2024,Q1,564,140800
TGT-2024Q1-REP053-CARD03,REP-053,PRD-CARD-03,2024,Q1,564,140800
TGT-2024Q1-REP053-RESP03,REP-053,PRD-RESP-03,2024,Q1,370,69506
TGT-2024Q1-REP053-RESP02,REP-053,PRD-RESP-02,2024,Q1,370,69506
TGT-2024Q2-REP053-GI02,REP-053,PRD-GI-02,2024,Q2,409,49450
TGT-2024Q2-REP053-GI03,REP-053,PRD-GI-03,2024,Q2,409,49450
TGT-2024Q2-REP053-CARD02,REP-053,PRD-CARD-02,2024,Q2,564,140800
TGT-2024Q2-REP053-CARD03,REP-053,PRD-CARD-03,2024,Q2,564,140800
TGT-2024Q2-REP053-RESP03,REP-053,PRD-RESP-03,2024,Q2,370,69506
TGT-2024Q2-REP053-RESP02,REP-053,PRD-RESP-02,2024,Q2,370,69506
TGT-2024Q3-REP053-GI02,REP-053,PRD-GI-02,2024,Q3,409,49450
TGT-2024Q3-REP053-GI03,REP-053,PRD-GI-03,2024,Q3,409,49450
TGT-2024Q3-REP053-CARD02,REP-053,PRD-CARD-02,2024,Q3,564,140800
TGT-2024Q3-REP053-CARD03,REP-053,PRD-CARD-03,2024,Q3,564,140800
TGT-2024Q3-REP053-RESP03,REP-053,PRD-RESP-03,2024,Q3,370,69506
TGT-2024Q3-REP053-RESP02,REP-053,PRD-RESP-02,2024,Q3,370,69506
TGT-2024Q4-REP053-GI02,REP-053,PRD-GI-02,2024,Q4,409,49450
TGT-2024Q4-REP053-GI03,REP-053,PRD-GI-03,2024,Q4,409,49450
TGT-2024Q4-REP053-CARD02,REP-053,PRD-CARD-02,2024,Q4,564,140800
TGT-2024Q4-REP053-CARD03,REP-053,PRD-CARD-03,2024,Q4,564,140800
TGT-2024Q4-REP053-RESP03,REP-053,PRD-RESP-03,2024,Q4,370,69506
TGT-2024Q4-REP053-RESP02,REP-053,PRD-RESP-02,2024,Q4,370,69506
TGT-2025Q1-REP053-GI02,REP-053,PRD-GI-02,2025,Q1,206,29296
TGT-2025Q1-REP053-GI03,REP-053,PRD-GI-03,2025,Q1,206,29296
TGT-2025Q1-REP053-CARD02,REP-053,PRD-CARD-02,2025,Q1,260,72600
TGT-2025Q1-REP053-CARD03,REP-053,PRD-CARD-03,2025,Q1,260,72600
TGT-2025Q1-REP053-RESP03,REP-053,PRD-RESP-03,2025,Q1,298,55490
TGT-2025Q1-REP053-RESP02,REP-053,PRD-RESP-02,2025,Q1,298,55490
TGT-2024Q2-REP054-RESP03,REP-054,PRD-RESP-03,2024,Q2,341,63921
TGT-2024Q2-REP054-RESP02,REP-054,PRD-RESP-02,2024,Q2,341,63921
TGT-2024Q2-REP054-CARD01,REP-054,PRD-CARD-01,2024,Q2,518,129485
TGT-2024Q2-REP054-RESP01,REP-054,PRD-RESP-01,2024,Q2,341,63921
TGT-2024Q2-REP054-DIAB03,REP-054,PRD-DIAB-03,2024,Q2,530,126092
TGT-2024Q2-REP054-DIAB01,REP-054,PRD-DIAB-01,2024,Q2,530,126092
TGT-2024Q3-REP054-RESP03,REP-054,PRD-RESP-03,2024,Q3,341,63921
TGT-2024Q3-REP054-RESP02,REP-054,PRD-RESP-02,2024,Q3,341,63921
TGT-2024Q3-REP054-CARD01,REP-054,PRD-CARD-01,2024,Q3,518,129485
TGT-2024Q3-REP054-RESP01,REP-054,PRD-RESP-01,2024,Q3,341,63921
TGT-2024Q3-REP054-DIAB03,REP-054,PRD-DIAB-03,2024,Q3,530,126092
TGT-2024Q3-REP054-DIAB01,REP-054,PRD-DIAB-01,2024,Q3,530,126092
TGT-2024Q4-REP054-RESP03,REP-054,PRD-RESP-03,2024,Q4,341,63921
TGT-2024Q4-REP054-RESP02,REP-054,PRD-RESP-02,2024,Q4,341,63921
TGT-2024Q4-REP054-CARD01,REP-054,PRD-CARD-01,2024,Q4,518,129485
TGT-2024Q4-REP054-RESP01,REP-054,PRD-RESP-01,2024,Q4,341,63921
TGT-2024Q4-REP054-DIAB03,REP-054,PRD-DIAB-03,2024,Q4,530,126092
TGT-2024Q4-REP054-DIAB01,REP-054,PRD-DIAB-01,2024,Q4,530,126092
TGT-2025Q1-REP054-RESP03,REP-054,PRD-RESP-03,2025,Q1,274,51031
TGT-2025Q1-REP054-RESP02,REP-054,PRD-RESP-02,2025,Q1,274,51031
TGT-2025Q1-REP054-CARD01,REP-054,PRD-CARD-01,2025,Q1,239,66766
TGT-2025Q1-REP054-RESP01,REP-054,PRD-RESP-01,2025,Q1,274,51031
TGT-2025Q1-REP054-DIAB03,REP-054,PRD-DIAB-03,2025,Q1,266,66502
TGT-2025Q1-REP054-DIAB01,REP-054,PRD-DIAB-01,2025,Q1,266,66502
TGT-2025Q2-REP054-RESP03,REP-054,PRD-RESP-03,2025,Q2,274,51031
TGT-2025Q2-REP054-RESP02,REP-054,PRD-RESP-02,2025,Q2,274,51031
TGT-2025Q2-REP054-CARD01,REP-054,PRD-CARD-01,2025,Q2,239,66766
TGT-2025Q2-REP054-RESP01,REP-054,PRD-RESP-01,2025,Q2,274,51031
TGT-2025Q2-REP054-DIAB03,REP-054,PRD-DIAB-03,2025,Q2,266,66502
TGT-2025Q2-REP054-DIAB01,REP-054,PRD-DIAB-01,2025,Q2,266,66502
TGT-2025Q3-REP054-RESP03,REP-054,PRD-RESP-03,2025,Q3,274,51031
TGT-2025Q3-REP054-RESP02,REP-054,PRD-RESP-02,2025,Q3,274,51031
TGT-2025Q3-REP054-CARD01,REP-054,PRD-CARD-01,2025,Q3,239,66766
TGT-2025Q3-REP054-RESP01,REP-054,PRD-RESP-01,2025,Q3,274,51031
TGT-2025Q3-REP054-DIAB03,REP-054,PRD-DIAB-03,2025,Q3,266,66502
TGT-2025Q3-REP054-DIAB01,REP-054,PRD-DIAB-01,2025,Q3,266,66502
TGT-2025Q4-REP054-RESP03,REP-054,PRD-RESP-03,2025,Q4,274,51031
TGT-2025Q4-REP054-RESP02,REP-054,PRD-RESP-02,2025,Q4,274,51031
TGT-2025Q4-REP054-CARD01,REP-054,PRD-CARD-01,2025,Q4,239,66766
TGT-2025Q4-REP054-RESP01,REP-054,PRD-RESP-01,2025,Q4,274,51031
TGT-2025Q4-REP054-DIAB03,REP-054,PRD-DIAB-03,2025,Q4,266,66502
TGT-2025Q4-REP054-DIAB01,REP-054,PRD-DIAB-01,2025,Q4,266,66502
TGT-2024Q4-REP055-CARD03,REP-055,PRD-CARD-03,2024,Q4,599,149600
TGT-2024Q4-REP055-DIAB02,REP-055,PRD-DIAB-02,2024,Q4,613,145679
TGT-2024Q4-REP055-CARD02,REP-055,PRD-CARD-02,2024,Q4,599,149600
TGT-2024Q4-REP055-RESP01,REP-055,PRD-RESP-01,2024,Q4,394,73851
TGT-2024Q4-REP055-GI02,REP-055,PRD-GI-02,2024,Q4,435,52540
TGT-2024Q4-REP055-GI03,REP-055,PRD-GI-03,2024,Q4,435,52540
TGT-2025Q1-REP055-CARD03,REP-055,PRD-CARD-03,2025,Q1,65,34435
TGT-2025Q1-REP055-DIAB02,REP-055,PRD-DIAB-02,2025,Q1,143,54132
TGT-2025Q1-REP055-CARD02,REP-055,PRD-CARD-02,2025,Q1,102,22817
TGT-2025Q1-REP055-RESP01,REP-055,PRD-RESP-01,2025,Q1,40,4828
TGT-2025Q1-REP055-GI02,REP-055,PRD-GI-02,2025,Q1,59,10339
TGT-2025Q1-REP055-GI03,REP-055,PRD-GI-03,2025,Q1,31,13274
TGT-2025Q2-REP055-CARD03,REP-055,PRD-CARD-03,2025,Q2,65,34435
TGT-2025Q2-REP055-DIAB02,REP-055,PRD-DIAB-02,2025,Q2,143,54132
TGT-2025Q2-REP055-CARD02,REP-055,PRD-CARD-02,2025,Q2,102,22817
TGT-2025Q2-REP055-RESP01,REP-055,PRD-RESP-01,2025,Q2,40,4828
TGT-2025Q2-REP055-GI02,REP-055,PRD-GI-02,2025,Q2,59,10339
TGT-2025Q2-REP055-GI03,REP-055,PRD-GI-03,2025,Q2,31,13274
TGT-2025Q3-REP055-CARD03,REP-055,PRD-CARD-03,2025,Q3,65,34435
TGT-2025Q3-REP055-DIAB02,REP-055,PRD-DIAB-02,2025,Q3,143,54132
TGT-2025Q3-REP055-CARD02,REP-055,PRD-CARD-02,2025,Q3,102,22817
TGT-2025Q3-REP055-RESP01,REP-055,PRD-RESP-01,2025,Q3,40,4828
TGT-2025Q3-REP055-GI02,REP-055,PRD-GI-02,2025,Q3,59,10339
TGT-2025Q3-REP055-GI03,REP-055,PRD-GI-03,2025,Q3,31,13274
TGT-2025Q4-REP055-CARD03,REP-055,PRD-CARD-03,2025,Q4,65,34435
TGT-2025Q4-REP055-DIAB02,REP-055,PRD-DIAB-02,2025,Q4,143,54132
TGT-2025Q4-REP055-CARD02,REP-055,PRD-CARD-02,2025,Q4,102,22817
TGT-2025Q4-REP055-RESP01,REP-055,PRD-RESP-01,2025,Q4,40,4828
TGT-2025Q4-REP055-GI02,REP-055,PRD-GI-02,2025,Q4,59,10339
TGT-2025Q4-REP055-GI03,REP-055,PRD-GI-03,2025,Q4,31,13274
TGT-2024Q3-REP056-DIAB03,REP-056,PRD-DIAB-03,2024,Q3,504,119971
TGT-2024Q3-REP056-DIAB02,REP-056,PRD-DIAB-02,2024,Q3,504,119971
TGT-2024Q3-REP056-GI02,REP-056,PRD-GI-02,2024,Q3,358,43268
TGT-2024Q3-REP056-CARD01,REP-056,PRD-CARD-01,2024,Q3,493,123200
TGT-2024Q3-REP056-RESP03,REP-056,PRD-RESP-03,2024,Q3,324,60818
TGT-2024Q3-REP056-RESP01,REP-056,PRD-RESP-01,2024,Q3,324,60818
TGT-2024Q4-REP056-DIAB03,REP-056,PRD-DIAB-03,2024,Q4,504,119971
TGT-2024Q4-REP056-DIAB02,REP-056,PRD-DIAB-02,2024,Q4,504,119971
TGT-2024Q4-REP056-GI02,REP-056,PRD-GI-02,2024,Q4,358,43268
TGT-2024Q4-REP056-CARD01,REP-056,PRD-CARD-01,2024,Q4,493,123200
TGT-2024Q4-REP056-RESP03,REP-056,PRD-RESP-03,2024,Q4,324,60818
TGT-2024Q4-REP056-RESP01,REP-056,PRD-RESP-01,2024,Q4,324,60818
TGT-2025Q1-REP056-DIAB03,REP-056,PRD-DIAB-03,2025,Q1,10,7608
TGT-2025Q1-REP056-DIAB02,REP-056,PRD-DIAB-02,2025,Q1,162,60548
TGT-2025Q1-REP056-GI02,REP-056,PRD-GI-02,2025,Q1,67,12117
TGT-2025Q1-REP056-CARD01,REP-056,PRD-CARD-01,2025,Q1,98,26663
TGT-2025Q1-REP056-RESP03,REP-056,PRD-RESP-03,2025,Q1,261,48554
TGT-2025Q1-REP056-RESP01,REP-056,PRD-RESP-01,2025,Q1,174,20349
TGT-2025Q2-REP056-DIAB03,REP-056,PRD-DIAB-03,2025,Q2,10,7608
TGT-2025Q2-REP056-DIAB02,REP-056,PRD-DIAB-02,2025,Q2,162,60548
TGT-2025Q2-REP056-GI02,REP-056,PRD-GI-02,2025,Q2,67,12117
TGT-2025Q2-REP056-CARD01,REP-056,PRD-CARD-01,2025,Q2,98,26663
TGT-2025Q2-REP056-RESP03,REP-056,PRD-RESP-03,2025,Q2,261,48554
TGT-2025Q2-REP056-RESP01,REP-056,PRD-RESP-01,2025,Q2,174,20349
TGT-2025Q3-REP056-DIAB03,REP-056,PRD-DIAB-03,2025,Q3,10,7608
TGT-2025Q3-REP056-DIAB02,REP-056,PRD-DIAB-02,2025,Q3,162,60548
TGT-2025Q3-REP056-GI02,REP-056,PRD-GI-02,2025,Q3,67,12117
TGT-2025Q3-REP056-CARD01,REP-056,PRD-CARD-01,2025,Q3,98,26663
TGT-2025Q3-REP056-RESP03,REP-056,PRD-RESP-03,2025,Q3,261,48554
TGT-2025Q3-REP056-RESP01,REP-056,PRD-RESP-01,2025,Q3,174,20349
TGT-2025Q4-REP056-DIAB03,REP-056,PRD-DIAB-03,2025,Q4,10,7608
TGT-2025Q4-REP056-DIAB02,REP-056,PRD-DIAB-02,2025,Q4,162,60548
TGT-2025Q4-REP056-GI02,REP-056,PRD-GI-02,2025,Q4,67,12117
TGT-2025Q4-REP056-CARD01,REP-056,PRD-CARD-01,2025,Q4,98,26663
TGT-2025Q4-REP056-RESP03,REP-056,PRD-RESP-03,2025,Q4,261,48554
TGT-2025Q4-REP056-RESP01,REP-056,PRD-RESP-01,2025,Q4,174,20349
TGT-2024Q3-REP057-DIAB02,REP-057,PRD-DIAB-02,2024,Q3,489,116298
TGT-2024Q3-REP057-GI02,REP-057,PRD-GI-02,2024,Q3,347,41944
TGT-2024Q3-REP057-CARD01,REP-057,PRD-CARD-01,2024,Q3,478,119428
TGT-2024Q3-REP057-GI01,REP-057,PRD-GI-01,2024,Q3,347,41944
TGT-2024Q3-REP057-RESP01,REP-057,PRD-RESP-01,2024,Q3,314,58956
TGT-2024Q3-REP057-RESP03,REP-057,PRD-RESP-03,2024,Q3,314,58956
TGT-2024Q4-REP057-DIAB02,REP-057,PRD-DIAB-02,2024,Q4,489,116298
TGT-2024Q4-REP057-GI02,REP-057,PRD-GI-02,2024,Q4,347,41944
TGT-2024Q4-REP057-CARD01,REP-057,PRD-CARD-01,2024,Q4,478,119428
TGT-2024Q4-REP057-GI01,REP-057,PRD-GI-01,2024,Q4,347,41944
TGT-2024Q4-REP057-RESP01,REP-057,PRD-RESP-01,2024,Q4,314,58956
TGT-2024Q4-REP057-RESP03,REP-057,PRD-RESP-03,2024,Q4,314,58956
TGT-2025Q1-REP057-DIAB02,REP-057,PRD-DIAB-02,2025,Q1,76,29008
TGT-2025Q1-REP057-GI02,REP-057,PRD-GI-02,2025,Q1,47,7972
TGT-2025Q1-REP057-CARD01,REP-057,PRD-CARD-01,2025,Q1,50,13867
TGT-2025Q1-REP057-GI01,REP-057,PRD-GI-01,2025,Q1,81,5795
TGT-2025Q1-REP057-RESP01,REP-057,PRD-RESP-01,2025,Q1,144,16949
TGT-2025Q1-REP057-RESP03,REP-057,PRD-RESP-03,2025,Q1,253,47068
TGT-2025Q2-REP057-DIAB02,REP-057,PRD-DIAB-02,2025,Q2,76,29008
TGT-2025Q2-REP057-GI02,REP-057,PRD-GI-02,2025,Q2,47,7972
TGT-2025Q2-REP057-CARD01,REP-057,PRD-CARD-01,2025,Q2,50,13867
TGT-2025Q2-REP057-GI01,REP-057,PRD-GI-01,2025,Q2,81,5795
TGT-2025Q2-REP057-RESP01,REP-057,PRD-RESP-01,2025,Q2,144,16949
TGT-2025Q2-REP057-RESP03,REP-057,PRD-RESP-03,2025,Q2,253,47068
TGT-2025Q3-REP057-DIAB02,REP-057,PRD-DIAB-02,2025,Q3,76,29008
TGT-2025Q3-REP057-GI02,REP-057,PRD-GI-02,2025,Q3,47,7972
TGT-2025Q3-REP057-CARD01,REP-057,PRD-CARD-01,2025,Q3,50,13867
TGT-2025Q3-REP057-GI01,REP-057,PRD-GI-01,2025,Q3,81,5795
TGT-2025Q3-REP057-RESP01,REP-057,PRD-RESP-01,2025,Q3,144,16949
TGT-2025Q3-REP057-RESP03,REP-057,PRD-RESP-03,2025,Q3,253,47068
TGT-2025Q4-REP057-DIAB02,REP-057,PRD-DIAB-02,2025,Q4,76,29008
TGT-2025Q4-REP057-GI02,REP-057,PRD-GI-02,2025,Q4,47,7972
TGT-2025Q4-REP057-CARD01,REP-057,PRD-CARD-01,2025,Q4,50,13867
TGT-2025Q4-REP057-GI01,REP-057,PRD-GI-01,2025,Q4,81,5795
TGT-2025Q4-REP057-RESP01,REP-057,PRD-RESP-01,2025,Q4,144,16949
TGT-2025Q4-REP057-RESP03,REP-057,PRD-RESP-03,2025,Q4,253,47068
TGT-2024Q1-REP058-DIAB01,REP-058,PRD-DIAB-01,2024,Q1,566,134661
TGT-2024Q1-REP058-DIAB02,REP-058,PRD-DIAB-02,2024,Q1,566,134661
TGT-2024Q1-REP058-DIAB03,REP-058,PRD-DIAB-03,2024,Q1,566,134661
TGT-2024Q1-REP058-GI02,REP-058,PRD-GI-02,2024,Q1,402,48567
TGT-2024Q1-REP058-RESP02,REP-058,PRD-RESP-02,2024,Q1,364,68265
TGT-2024Q1-REP058-RESP03,REP-058,PRD-RESP-03,2024,Q1,364,68265
TGT-2024Q2-REP058-DIAB01,REP-058,PRD-DIAB-01,2024,Q2,566,134661
TGT-2024Q2-REP058-DIAB02,REP-058,PRD-DIAB-02,2024,Q2,566,134661
TGT-2024Q2-REP058-DIAB03,REP-058,PRD-DIAB-03,2024,Q2,566,134661
TGT-2024Q2-REP058-GI02,REP-058,PRD-GI-02,2024,Q2,402,48567
TGT-2024Q2-REP058-RESP02,REP-058,PRD-RESP-02,2024,Q2,364,68265
TGT-2024Q2-REP058-RESP03,REP-058,PRD-RESP-03,2024,Q2,364,68265
TGT-2024Q3-REP058-DIAB01,REP-058,PRD-DIAB-01,2024,Q3,566,134661
TGT-2024Q3-REP058-DIAB02,REP-058,PRD-DIAB-02,2024,Q3,566,134661
TGT-2024Q3-REP058-DIAB03,REP-058,PRD-DIAB-03,2024,Q3,566,134661
TGT-2024Q3-REP058-GI02,REP-058,PRD-GI-02,2024,Q3,402,48567
TGT-2024Q3-REP058-RESP02,REP-058,PRD-RESP-02,2024,Q3,364,68265
TGT-2024Q3-REP058-RESP03,REP-058,PRD-RESP-03,2024,Q3,364,68265
TGT-2024Q4-REP058-DIAB01,REP-058,PRD-DIAB-01,2024,Q4,566,134661
TGT-2024Q4-REP058-DIAB02,REP-058,PRD-DIAB-02,2024,Q4,566,134661
TGT-2024Q4-REP058-DIAB03,REP-058,PRD-DIAB-03,2024,Q4,566,134661
TGT-2024Q4-REP058-GI02,REP-058,PRD-GI-02,2024,Q4,402,48567
TGT-2024Q4-REP058-RESP02,REP-058,PRD-RESP-02,2024,Q4,364,68265
TGT-2024Q4-REP058-RESP03,REP-058,PRD-RESP-03,2024,Q4,364,68265
TGT-2025Q1-REP058-DIAB01,REP-058,PRD-DIAB-01,2025,Q1,350,33748
TGT-2025Q1-REP058-DIAB02,REP-058,PRD-DIAB-02,2025,Q1,496,187633
TGT-2025Q1-REP058-DIAB03,REP-058,PRD-DIAB-03,2025,Q1,26,26235
TGT-2025Q1-REP058-GI02,REP-058,PRD-GI-02,2025,Q1,233,40370
TGT-2025Q1-REP058-RESP02,REP-058,PRD-RESP-02,2025,Q1,272,68253
TGT-2025Q1-REP058-RESP03,REP-058,PRD-RESP-03,2025,Q1,293,54499
TGT-2025Q2-REP058-DIAB01,REP-058,PRD-DIAB-01,2025,Q2,350,33748
TGT-2025Q2-REP058-DIAB02,REP-058,PRD-DIAB-02,2025,Q2,496,187633
TGT-2025Q2-REP058-DIAB03,REP-058,PRD-DIAB-03,2025,Q2,26,26235
TGT-2025Q2-REP058-GI02,REP-058,PRD-GI-02,2025,Q2,233,40370
TGT-2025Q2-REP058-RESP02,REP-058,PRD-RESP-02,2025,Q2,272,68253
TGT-2025Q2-REP058-RESP03,REP-058,PRD-RESP-03,2025,Q2,293,54499
TGT-2025Q3-REP058-DIAB01,REP-058,PRD-DIAB-01,2025,Q3,350,33748
TGT-2025Q3-REP058-DIAB02,REP-058,PRD-DIAB-02,2025,Q3,496,187633
TGT-2025Q3-REP058-DIAB03,REP-058,PRD-DIAB-03,2025,Q3,26,26235
TGT-2025Q3-REP058-GI02,REP-058,PRD-GI-02,2025,Q3,233,40370
TGT-2025Q3-REP058-RESP02,REP-058,PRD-RESP-02,2025,Q3,272,68253
TGT-2025Q3-REP058-RESP03,REP-058,PRD-RESP-03,2025,Q3,293,54499
TGT-2025Q4-REP058-DIAB01,REP-058,PRD-DIAB-01,2025,Q4,350,33748
TGT-2025Q4-REP058-DIAB02,REP-058,PRD-DIAB-02,2025,Q4,496,187633
TGT-2025Q4-REP058-DIAB03,REP-058,PRD-DIAB-03,2025,Q4,26,26235
TGT-2025Q4-REP058-GI02,REP-058,PRD-GI-02,2025,Q4,233,40370
TGT-2025Q4-REP058-RESP02,REP-058,PRD-RESP-02,2025,Q4,272,68253
TGT-2025Q4-REP058-RESP03,REP-058,PRD-RESP-03,2025,Q4,293,54499
TGT-2024Q2-REP059-DIAB03,REP-059,PRD-DIAB-03,2024,Q2,561,133437
TGT-2024Q2-REP059-GI03,REP-059,PRD-GI-03,2024,Q2,398,48125
TGT-2024Q2-REP059-DIAB02,REP-059,PRD-DIAB-02,2024,Q2,561,133437
TGT-2024Q2-REP059-DIAB01,REP-059,PRD-DIAB-01,2024,Q2,561,133437
TGT-2024Q2-REP059-RESP02,REP-059,PRD-RESP-02,2024,Q2,361,67645
TGT-2024Q2-REP059-RESP03,REP-059,PRD-RESP-03,2024,Q2,361,67645
TGT-2024Q3-REP059-DIAB03,REP-059,PRD-DIAB-03,2024,Q3,561,133437
TGT-2024Q3-REP059-GI03,REP-059,PRD-GI-03,2024,Q3,398,48125
TGT-2024Q3-REP059-DIAB02,REP-059,PRD-DIAB-02,2024,Q3,561,133437
TGT-2024Q3-REP059-DIAB01,REP-059,PRD-DIAB-01,2024,Q3,561,133437
TGT-2024Q3-REP059-RESP02,REP-059,PRD-RESP-02,2024,Q3,361,67645
TGT-2024Q3-REP059-RESP03,REP-059,PRD-RESP-03,2024,Q3,361,67645
TGT-2024Q4-REP059-DIAB03,REP-059,PRD-DIAB-03,2024,Q4,561,133437
TGT-2024Q4-REP059-GI03,REP-059,PRD-GI-03,2024,Q4,398,48125
TGT-2024Q4-REP059-DIAB02,REP-059,PRD-DIAB-02,2024,Q4,561,133437
TGT-2024Q4-REP059-DIAB01,REP-059,PRD-DIAB-01,2024,Q4,561,133437
TGT-2024Q4-REP059-RESP02,REP-059,PRD-RESP-02,2024,Q4,361,67645
TGT-2024Q4-REP059-RESP03,REP-059,PRD-RESP-03,2024,Q4,361,67645
TGT-2025Q1-REP059-DIAB03,REP-059,PRD-DIAB-03,2025,Q1,23,23315
TGT-2025Q1-REP059-GI03,REP-059,PRD-GI-03,2025,Q1,61,26119
TGT-2025Q1-REP059-DIAB02,REP-059,PRD-DIAB-02,2025,Q1,265,100201
TGT-2025Q1-REP059-DIAB01,REP-059,PRD-DIAB-01,2025,Q1,291,27717
TGT-2025Q1-REP059-RESP02,REP-059,PRD-RESP-02,2025,Q1,163,41496
TGT-2025Q1-REP059-RESP03,REP-059,PRD-RESP-03,2025,Q1,290,54004
TGT-2025Q2-REP059-DIAB03,REP-059,PRD-DIAB-03,2025,Q2,23,23315
TGT-2025Q2-REP059-GI03,REP-059,PRD-GI-03,2025,Q2,61,26119
TGT-2025Q2-REP059-DIAB02,REP-059,PRD-DIAB-02,2025,Q2,265,100201
TGT-2025Q2-REP059-DIAB01,REP-059,PRD-DIAB-01,2025,Q2,291,27717
TGT-2025Q2-REP059-RESP02,REP-059,PRD-RESP-02,2025,Q2,163,41496
TGT-2025Q2-REP059-RESP03,REP-059,PRD-RESP-03,2025,Q2,290,54004
TGT-2025Q3-REP059-DIAB03,REP-059,PRD-DIAB-03,2025,Q3,23,23315
TGT-2025Q3-REP059-GI03,REP-059,PRD-GI-03,2025,Q3,61,26119
TGT-2025Q3-REP059-DIAB02,REP-059,PRD-DIAB-02,2025,Q3,265,100201
TGT-2025Q3-REP059-DIAB01,REP-059,PRD-DIAB-01,2025,Q3,291,27717
TGT-2025Q3-REP059-RESP02,REP-059,PRD-RESP-02,2025,Q3,163,41496
TGT-2025Q3-REP059-RESP03,REP-059,PRD-RESP-03,2025,Q3,290,54004
TGT-2025Q4-REP059-DIAB03,REP-059,PRD-DIAB-03,2025,Q4,23,23315
TGT-2025Q4-REP059-GI03,REP-059,PRD-GI-03,2025,Q4,61,26119
TGT-2025Q4-REP059-DIAB02,REP-059,PRD-DIAB-02,2025,Q4,265,100201
TGT-2025Q4-REP059-DIAB01,REP-059,PRD-DIAB-01,2025,Q4,291,27717
TGT-2025Q4-REP059-RESP02,REP-059,PRD-RESP-02,2025,Q4,163,41496
TGT-2025Q4-REP059-RESP03,REP-059,PRD-RESP-03,2025,Q4,290,54004
TGT-2026Q1-REP059-DIAB03,REP-059,PRD-DIAB-03,2026,Q1,284,279219
TGT-2026Q1-REP059-GI03,REP-059,PRD-GI-03,2026,Q1,212,91547
TGT-2026Q1-REP059-DIAB02,REP-059,PRD-DIAB-02,2026,Q1,357,135512
TGT-2026Q1-REP059-DIAB01,REP-059,PRD-DIAB-01,2026,Q1,314,29887
TGT-2026Q1-REP059-RESP02,REP-059,PRD-RESP-02,2026,Q1,127,32369
TGT-2026Q1-REP059-RESP03,REP-059,PRD-RESP-03,2026,Q1,141,20731
TGT-2025Q3-REP060-RESP01,REP-060,PRD-RESP-01,2025,Q3,320,59454
TGT-2025Q3-REP060-CARD03,REP-060,PRD-CARD-03,2025,Q3,278,77786
TGT-2025Q3-REP060-CARD02,REP-060,PRD-CARD-02,2025,Q3,278,77786
TGT-2025Q3-REP060-DIAB03,REP-060,PRD-DIAB-03,2025,Q3,310,77478
TGT-2025Q3-REP060-GI02,REP-060,PRD-GI-02,2025,Q3,220,31389
TGT-2025Q3-REP060-GI01,REP-060,PRD-GI-01,2025,Q3,220,31389
TGT-2025Q4-REP060-RESP01,REP-060,PRD-RESP-01,2025,Q4,320,59454
TGT-2025Q4-REP060-CARD03,REP-060,PRD-CARD-03,2025,Q4,278,77786
TGT-2025Q4-REP060-CARD02,REP-060,PRD-CARD-02,2025,Q4,278,77786
TGT-2025Q4-REP060-DIAB03,REP-060,PRD-DIAB-03,2025,Q4,310,77478
TGT-2025Q4-REP060-GI02,REP-060,PRD-GI-02,2025,Q4,220,31389
TGT-2025Q4-REP060-GI01,REP-060,PRD-GI-01,2025,Q4,220,31389
TGT-2025Q2-REP061-RESP02,REP-061,PRD-RESP-02,2025,Q2,250,46572
TGT-2025Q2-REP061-CARD02,REP-061,PRD-CARD-02,2025,Q2,218,60932
TGT-2025Q2-REP061-DIAB03,REP-061,PRD-DIAB-03,2025,Q2,243,60691
TGT-2025Q2-REP061-RESP03,REP-061,PRD-RESP-03,2025,Q2,250,46572
TGT-2025Q2-REP061-GI02,REP-061,PRD-GI-02,2025,Q2,172,24588
TGT-2025Q2-REP061-GI03,REP-061,PRD-GI-03,2025,Q2,172,24588
TGT-2025Q3-REP061-RESP02,REP-061,PRD-RESP-02,2025,Q3,250,46572
TGT-2025Q3-REP061-CARD02,REP-061,PRD-CARD-02,2025,Q3,218,60932
TGT-2025Q3-REP061-DIAB03,REP-061,PRD-DIAB-03,2025,Q3,243,60691
TGT-2025Q3-REP061-RESP03,REP-061,PRD-RESP-03,2025,Q3,250,46572
TGT-2025Q3-REP061-GI02,REP-061,PRD-GI-02,2025,Q3,172,24588
TGT-2025Q3-REP061-GI03,REP-061,PRD-GI-03,2025,Q3,172,24588
TGT-2025Q4-REP061-RESP02,REP-061,PRD-RESP-02,2025,Q4,250,46572
TGT-2025Q4-REP061-CARD02,REP-061,PRD-CARD-02,2025,Q4,218,60932
TGT-2025Q4-REP061-DIAB03,REP-061,PRD-DIAB-03,2025,Q4,243,60691
TGT-2025Q4-REP061-RESP03,REP-061,PRD-RESP-03,2025,Q4,250,46572
TGT-2025Q4-REP061-GI02,REP-061,PRD-GI-02,2025,Q4,172,24588
TGT-2025Q4-REP061-GI03,REP-061,PRD-GI-03,2025,Q4,172,24588
TGT-2025Q2-REP062-RESP03,REP-062,PRD-RESP-03,2025,Q2,253,47068
TGT-2025Q2-REP062-RESP02,REP-062,PRD-RESP-02,2025,Q2,253,47068
TGT-2025Q2-REP062-DIAB03,REP-062,PRD-DIAB-03,2025,Q2,245,61337
TGT-2025Q2-REP062-RESP01,REP-062,PRD-RESP-01,2025,Q2,253,47068
TGT-2025Q2-REP062-GI01,REP-062,PRD-GI-01,2025,Q2,174,24850
TGT-2025Q2-REP062-GI03,REP-062,PRD-GI-03,2025,Q2,174,24850
TGT-2025Q3-REP062-RESP03,REP-062,PRD-RESP-03,2025,Q3,253,47068
TGT-2025Q3-REP062-RESP02,REP-062,PRD-RESP-02,2025,Q3,253,47068
TGT-2025Q3-REP062-DIAB03,REP-062,PRD-DIAB-03,2025,Q3,245,61337
TGT-2025Q3-REP062-RESP01,REP-062,PRD-RESP-01,2025,Q3,253,47068
TGT-2025Q3-REP062-GI01,REP-062,PRD-GI-01,2025,Q3,174,24850
TGT-2025Q3-REP062-GI03,REP-062,PRD-GI-03,2025,Q3,174,24850
TGT-2025Q4-REP062-RESP03,REP-062,PRD-RESP-03,2025,Q4,253,47068
TGT-2025Q4-REP062-RESP02,REP-062,PRD-RESP-02,2025,Q4,253,47068
TGT-2025Q4-REP062-DIAB03,REP-062,PRD-DIAB-03,2025,Q4,245,61337
TGT-2025Q4-REP062-RESP01,REP-062,PRD-RESP-01,2025,Q4,253,47068
TGT-2025Q4-REP062-GI01,REP-062,PRD-GI-01,2025,Q4,174,24850
TGT-2025Q4-REP062-GI03,REP-062,PRD-GI-03,2025,Q4,174,24850
TGT-2026Q1-REP062-RESP03,REP-062,PRD-RESP-03,2026,Q1,37,5266
TGT-2026Q1-REP062-RESP02,REP-062,PRD-RESP-02,2026,Q1,95,24180
TGT-2026Q1-REP062-DIAB03,REP-062,PRD-DIAB-03,2026,Q1,282,281594
TGT-2026Q1-REP062-RESP01,REP-062,PRD-RESP-01,2026,Q1,180,21461
TGT-2026Q1-REP062-GI01,REP-062,PRD-GI-01,2026,Q1,131,9159
TGT-2026Q1-REP062-GI03,REP-062,PRD-GI-03,2026,Q1,225,94739
TGT-2025Q3-REP063-GI02,REP-063,PRD-GI-02,2025,Q3,217,30866
TGT-2025Q3-REP063-CARD01,REP-063,PRD-CARD-01,2025,Q3,274,76490
TGT-2025Q3-REP063-CARD02,REP-063,PRD-CARD-02,2025,Q3,274,76490
TGT-2025Q3-REP063-DIAB02,REP-063,PRD-DIAB-02,2025,Q3,305,76187
TGT-2025Q3-REP063-RESP02,REP-063,PRD-RESP-02,2025,Q3,314,58463
TGT-2025Q3-REP063-RESP03,REP-063,PRD-RESP-03,2025,Q3,314,58463
TGT-2025Q4-REP063-GI02,REP-063,PRD-GI-02,2025,Q4,217,30866
TGT-2025Q4-REP063-CARD01,REP-063,PRD-CARD-01,2025,Q4,274,76490
TGT-2025Q4-REP063-CARD02,REP-063,PRD-CARD-02,2025,Q4,274,76490
TGT-2025Q4-REP063-DIAB02,REP-063,PRD-DIAB-02,2025,Q4,305,76187
TGT-2025Q4-REP063-RESP02,REP-063,PRD-RESP-02,2025,Q4,314,58463
TGT-2025Q4-REP063-RESP03,REP-063,PRD-RESP-03,2025,Q4,314,58463
TGT-2025Q1-REP064-DIAB02,REP-064,PRD-DIAB-02,2025,Q1,245,61337
TGT-2025Q1-REP064-GI03,REP-064,PRD-GI-03,2025,Q1,174,24850
TGT-2025Q1-REP064-GI02,REP-064,PRD-GI-02,2025,Q1,174,24850
TGT-2025Q1-REP064-DIAB03,REP-064,PRD-DIAB-03,2025,Q1,245,61337
TGT-2025Q1-REP064-RESP01,REP-064,PRD-RESP-01,2025,Q1,253,47068
TGT-2025Q1-REP064-RESP02,REP-064,PRD-RESP-02,2025,Q1,253,47068
TGT-2025Q2-REP064-DIAB02,REP-064,PRD-DIAB-02,2025,Q2,245,61337
TGT-2025Q2-REP064-GI03,REP-064,PRD-GI-03,2025,Q2,174,24850
TGT-2025Q2-REP064-GI02,REP-064,PRD-GI-02,2025,Q2,174,24850
TGT-2025Q2-REP064-DIAB03,REP-064,PRD-DIAB-03,2025,Q2,245,61337
TGT-2025Q2-REP064-RESP01,REP-064,PRD-RESP-01,2025,Q2,253,47068
TGT-2025Q2-REP064-RESP02,REP-064,PRD-RESP-02,2025,Q2,253,47068
TGT-2025Q3-REP064-DIAB02,REP-064,PRD-DIAB-02,2025,Q3,245,61337
TGT-2025Q3-REP064-GI03,REP-064,PRD-GI-03,2025,Q3,174,24850
TGT-2025Q3-REP064-GI02,REP-064,PRD-GI-02,2025,Q3,174,24850
TGT-2025Q3-REP064-DIAB03,REP-064,PRD-DIAB-03,2025,Q3,245,61337
TGT-2025Q3-REP064-RESP01,REP-064,PRD-RESP-01,2025,Q3,253,47068
TGT-2025Q3-REP064-RESP02,REP-064,PRD-RESP-02,2025,Q3,253,47068
TGT-2025Q4-REP064-DIAB02,REP-064,PRD-DIAB-02,2025,Q4,245,61337
TGT-2025Q4-REP064-GI03,REP-064,PRD-GI-03,2025,Q4,174,24850
TGT-2025Q4-REP064-GI02,REP-064,PRD-GI-02,2025,Q4,174,24850
TGT-2025Q4-REP064-DIAB03,REP-064,PRD-DIAB-03,2025,Q4,245,61337
TGT-2025Q4-REP064-RESP01,REP-064,PRD-RESP-01,2025,Q4,253,47068
TGT-2025Q4-REP064-RESP02,REP-064,PRD-RESP-02,2025,Q4,253,47068
TGT-2025Q3-REP065-CARD01,REP-065,PRD-CARD-01,2025,Q3,211,58988
TGT-2025Q3-REP065-CARD02,REP-065,PRD-CARD-02,2025,Q3,211,58988
TGT-2025Q3-REP065-CARD03,REP-065,PRD-CARD-03,2025,Q3,211,58988
TGT-2025Q3-REP065-RESP01,REP-065,PRD-RESP-01,2025,Q3,242,45086
TGT-2025Q3-REP065-DIAB02,REP-065,PRD-DIAB-02,2025,Q3,235,58754
TGT-2025Q3-REP065-DIAB03,REP-065,PRD-DIAB-03,2025,Q3,235,58754
TGT-2025Q4-REP065-CARD01,REP-065,PRD-CARD-01,2025,Q4,211,58988
TGT-2025Q4-REP065-CARD02,REP-065,PRD-CARD-02,2025,Q4,211,58988
TGT-2025Q4-REP065-CARD03,REP-065,PRD-CARD-03,2025,Q4,211,58988
TGT-2025Q4-REP065-RESP01,REP-065,PRD-RESP-01,2025,Q4,242,45086
TGT-2025Q4-REP065-DIAB02,REP-065,PRD-DIAB-02,2025,Q4,235,58754
TGT-2025Q4-REP065-DIAB03,REP-065,PRD-DIAB-03,2025,Q4,235,58754
TGT-2025Q2-REP066-CARD01,REP-066,PRD-CARD-01,2025,Q2,267,74545
TGT-2025Q2-REP066-GI01,REP-066,PRD-GI-01,2025,Q2,211,30081
TGT-2025Q2-REP066-DIAB03,REP-066,PRD-DIAB-03,2025,Q2,297,74250
TGT-2025Q2-REP066-GI03,REP-066,PRD-GI-03,2025,Q2,211,30081
TGT-2025Q2-REP066-RESP01,REP-066,PRD-RESP-01,2025,Q2,306,56977
TGT-2025Q2-REP066-RESP03,REP-066,PRD-RESP-03,2025,Q2,306,56977
TGT-2025Q3-REP066-CARD01,REP-066,PRD-CARD-01,2025,Q3,267,74545
TGT-2025Q3-REP066-GI01,REP-066,PRD-GI-01,2025,Q3,211,30081
TGT-2025Q3-REP066-DIAB03,REP-066,PRD-DIAB-03,2025,Q3,297,74250
TGT-2025Q3-REP066-GI03,REP-066,PRD-GI-03,2025,Q3,211,30081
TGT-2025Q3-REP066-RESP01,REP-066,PRD-RESP-01,2025,Q3,306,56977
TGT-2025Q3-REP066-RESP03,REP-066,PRD-RESP-03,2025,Q3,306,56977
TGT-2025Q4-REP066-CARD01,REP-066,PRD-CARD-01,2025,Q4,267,74545
TGT-2025Q4-REP066-GI01,REP-066,PRD-GI-01,2025,Q4,211,30081
TGT-2025Q4-REP066-DIAB03,REP-066,PRD-DIAB-03,2025,Q4,297,74250
TGT-2025Q4-REP066-GI03,REP-066,PRD-GI-03,2025,Q4,211,30081
TGT-2025Q4-REP066-RESP01,REP-066,PRD-RESP-01,2025,Q4,306,56977
TGT-2025Q4-REP066-RESP03,REP-066,PRD-RESP-03,2025,Q4,306,56977
